[2026-10-05 09:46:28.433] [9618] [HailoRT] [info] [pipeline.cpp:891] [print_deep_description] PushQEl12base-whisper-decoder-fixed-sequence/input_layer1 | inputs: PreInferEl12base-whisper-decoder-fixed-sequence/input_layer1[0] | outputs: AsyncHwEl(running in thread_id: 9634)
[2026-10-05 09:46:28.437] [9618] [HailoRT] [info] [pipeline.cpp:891] [print_deep_description] AsyncHwEl | inputs: PushQEl12base-whisper-decoder-fixed-sequence/input_layer1[0] PushQEl6base-whisper-decoder-fixed-sequence/input_layer2[1] | outputs: PushQEl0AsyncHwEl PushQEl1AsyncHwEl PushQEl2AsyncHwEl PushQEl3AsyncHwEl
[2026-10-05 09:46:28.437] [9618] [HailoRT] [info] [pipeline.cpp:891] [print_deep_description] PushQEl0AsyncHwEl | inputs: AsyncHwEl[0] | outputs: PostInferEl0AsyncHwEl(running in thread_id: 9635)
[2026-10-05 09:46:28.437] [9618] [HailoRT] [info] [pipeline.cpp:891] [print_deep_description] PostInferEl0AsyncHwEl | inputs: PushQEl0AsyncHwEl[0] | outputs: LastAsyncEl0PostInferEl0AsyncHwEl
[2026-10-05 09:46:28.437] [9618] [HailoRT] [info] [pipeline.cpp:891] [print_deep_description] LastAsyncEl0PostInferEl0AsyncHwEl | inputs: PostInferEl0AsyncHwEl[0] | outputs: user
[2026-10-05 09:46:28.437] [9618] [HailoRT] [info] [pipeline.cpp:891] [print_deep_description] PushQEl1AsyncHwEl | inputs: AsyncHwEl[0] | outputs: PostInferEl1AsyncHwEl(running in thread_id: 9637)
[2026-10-05 09:46:28.437] [9618] [HailoRT] [info] [pipeline.cpp:891] [print_deep_description] PostInferEl1AsyncHwEl | inputs: PushQEl1AsyncHwEl[0] | outputs: LastAsyncEl0PostInferEl1AsyncHwEl
[2026-10-05 09:46:28.437] [9618] [HailoRT] [info] [pipeline.cpp:891] [print_deep_description] LastAsyncEl0PostInferEl1AsyncHwEl | inputs: PostInferEl1AsyncHwEl[0] | outputs: user
[2026-10-05 09:46:28.437] [9618] [HailoRT] [info] [pipeline.cpp:891] [print_deep_description] PushQEl2AsyncHwEl | inputs: AsyncHwEl[0] | outputs: PostInferEl2AsyncHwEl(running in thread_id: 9636)
[2026-10-05 09:46:28.437] [9618] [HailoRT] [info] [pipeline.cpp:891] [print_deep_description] PostInferEl2AsyncHwEl | inputs: PushQEl2AsyncHwEl[0] | outputs: LastAsyncEl0PostInferEl2AsyncHwEl
[2026-10-05 09:46:28.437] [9618] [HailoRT] [info] [pipeline.cpp:891] [print_deep_description] LastAsyncEl0PostInferEl2AsyncHwEl | inputs: PostInferEl2AsyncHwEl[0] | outputs: user
[2026-10-05 09:46:28.437] [9618] [HailoRT] [info] [pipeline.cpp:891] [print_deep_description] PushQEl3AsyncHwEl | inputs: AsyncHwEl[0] | outputs: PostInferEl3AsyncHwEl(running in thread_id: 9638)
[2026-10-05 09:46:28.437] [9618] [HailoRT] [info] [pipeline.cpp:891] [print_deep_description] PostInferEl3AsyncHwEl | inputs: PushQEl3AsyncHwEl[0] | outputs: LastAsyncEl0PostInferEl3AsyncHwEl
[2026-10-05 09:46:28.437] [9618] [HailoRT] [info] [pipeline.cpp:891] [print_deep_description] LastAsyncEl0PostInferEl3AsyncHwEl | inputs: PostInferEl3AsyncHwEl[0] | outputs: user
[2026-10-05 09:46:28.437] [9618] [HailoRT] [info] [pipeline.cpp:891] [print_deep_description] EntryPushQEl0base-whisper-decoder-fixed-sequence/input_layer2 | inputs: user | outputs: PreInferEl6base-whisper-decoder-fixed-sequence/input_layer2(running in thread_id: 9631)
[2026-10-05 09:46:28.437] [9618] [HailoRT] [info] [pipeline.cpp:891] [print_deep_description] PreInferEl6base-whisper-decoder-fixed-sequence/input_layer2 | inputs: EntryPushQEl0base-whisper-decoder-fixed-sequence/input_layer2[0] | outputs: PushQEl6base-whisper-decoder-fixed-sequence/input_layer2
[2026-10-05 09:46:28.437] [9618] [HailoRT] [info] [pipeline.cpp:891] [print_deep_description] PushQEl6base-whisper-decoder-fixed-sequence/input_layer2 | inputs: PreInferEl6base-whisper-decoder-fixed-sequence/input_layer2[0] | outputs: AsyncHwEl(running in thread_id: 9632)
[2026-10-05 09:47:01.815] [9618] [HailoRT] [info] [async_infer_runner.cpp:86] [shutdown] Pipeline was aborted. Shutting it down
[2026-10-05 09:47:01.820] [9618] [HailoRT] [info] [async_infer_runner.cpp:86] [shutdown] Pipeline was aborted. Shutting it down
[2026-10-05 09:47:01.820] [9618] [HailoRT] [info] [queue_elements.cpp:570] [execute_deactivate] enqueue() in element PushQEl0AsyncHwEl was aborted, got status = HAILO_SHUTDOWN_EVENT_SIGNALED(57)
[2026-10-05 09:47:01.820] [9618] [HailoRT] [info] [queue_elements.cpp:570] [execute_deactivate] enqueue() in element PushQEl1AsyncHwEl was aborted, got status = HAILO_SHUTDOWN_EVENT_SIGNALED(57)
[2026-10-05 09:47:01.820] [9618] [HailoRT] [info] [queue_elements.cpp:570] [execute_deactivate] enqueue() in element PushQEl2AsyncHwEl was aborted, got status = HAILO_SHUTDOWN_EVENT_SIGNALED(57)
[2026-10-05 09:47:01.820] [9618] [HailoRT] [info] [queue_elements.cpp:570] [execute_deactivate] enqueue() in element PushQEl3AsyncHwEl was aborted, got status = HAILO_SHUTDOWN_EVENT_SIGNALED(57)
[2026-10-05 09:47:01.820] [9618] [HailoRT] [info] [queue_elements.cpp:570] [execute_deactivate] enqueue() in element PushQEl12base-whisper-decoder-fixed-sequence/input_layer1 was aborted, got status = HAILO_SHUTDOWN_EVENT_SIGNALED(57)
[2026-10-05 09:47:01.820] [9618] [HailoRT] [info] [queue_elements.cpp:570] [execute_deactivate] enqueue() in element EntryPushQEl0base-whisper-decoder-fixed-sequence/input_layer1 was aborted, got status = HAILO_SHUTDOWN_EVENT_SIGNALED(57)
[2026-10-05 09:47:01.820] [9618] [HailoRT] [info] [queue_elements.cpp:570] [execute_deactivate] enqueue() in element PushQEl0AsyncHwEl was aborted, got status = HAILO_SHUTDOWN_EVENT_SIGNALED(57)
[2026-10-05 09:47:01.820] [9618] [HailoRT] [info] [queue_elements.cpp:570] [execute_deactivate] enqueue() in element PushQEl1AsyncHwEl was aborted, got status = HAILO_SHUTDOWN_EVENT_SIGNALED(57)
[2026-10-05 09:47:01.820] [9618] [HailoRT] [info] [queue_elements.cpp:570] [execute_deactivate] enqueue() in element PushQEl2AsyncHwEl was aborted, got status = HAILO_SHUTDOWN_EVENT_SIGNALED(57)
[2026-10-05 09:47:01.820] [9618] [HailoRT] [info] [queue_elements.cpp:570] [execute_deactivate] enqueue() in element PushQEl3AsyncHwEl was aborted, got status = HAILO_SHUTDOWN_EVENT_SIGNALED(57)
[2026-10-05 09:47:01.820] [9618] [HailoRT] [info] [queue_elements.cpp:570] [execute_deactivate] enqueue() in element PushQEl6base-whisper-decoder-fixed-sequence/input_layer2 was aborted, got status = HAILO_SHUTDOWN_EVENT_SIGNALED(57)
[2026-10-05 09:47:01.820] [9618] [HailoRT] [info] [queue_elements.cpp:570] [execute_deactivate] enqueue() in element EntryPushQEl0base-whisper-decoder-fixed-sequence/input_layer2 was aborted, got status = HAILO_SHUTDOWN_EVENT_SIGNALED(57)
[2026-10-05 09:47:01.820] [9618] [HailoRT] [info] [queue_elements.cpp:46] [~BaseQueueElement] Queue element EntryPushQEl0base-whisper-decoder-fixed-sequence/input_layer2 has 0 frames in his Queue on destruction
[2026-10-05 09:47:01.820] [9618] [HailoRT] [info] [queue_elements.cpp:46] [~BaseQueueElement] Queue element PushQEl6base-whisper-decoder-fixed-sequence/input_layer2 has 0 frames in his Queue on destruction
[2026-10-05 09:47:01.820] [9618] [HailoRT] [info] [queue_elements.cpp:46] [~BaseQueueElement] Queue element EntryPushQEl0base-whisper-decoder-fixed-sequence/input_layer1 has 0 frames in his Queue on destruction
[2026-10-05 09:47:01.820] [9618] [HailoRT] [info] [queue_elements.cpp:46] [~BaseQueueElement] Queue element PushQEl12base-whisper-decoder-fixed-sequence/input_layer1 has 0 frames in his Queue on destruction
[2026-10-05 09:47:01.820] [9618] [HailoRT] [info] [queue_elements.cpp:46] [~BaseQueueElement] Queue element PushQEl0AsyncHwEl has 0 frames in his Queue on destruction
[2026-10-05 09:47:01.823] [9618] [HailoRT] [info] [queue_elements.cpp:46] [~BaseQueueElement] Queue element PushQEl2AsyncHwEl has 0 frames in his Queue on destruction
[2026-10-05 09:47:01.823] [9618] [HailoRT] [info] [queue_elements.cpp:46] [~BaseQueueElement] Queue element PushQEl1AsyncHwEl has 0 frames in his Queue on destruction
[2026-10-05 09:47:01.827] [9618] [HailoRT] [info] [queue_elements.cpp:46] [~BaseQueueElement] Queue element PushQEl3AsyncHwEl has 0 frames in his Queue on destruction
[2026-10-05 09:47:01.827] [9618] [HailoRT] [info] [async_infer_runner.cpp:86] [shutdown] Pipeline was aborted. Shutting it down
[2026-10-05 09:47:01.830] [9618] [HailoRT] [info] [async_infer_runner.cpp:86] [shutdown] Pipeline was aborted. Shutting it down
[2026-10-05 09:47:01.830] [9618] [HailoRT] [info] [queue_elements.cpp:570] [execute_deactivate] enqueue() in element PushQEl0AsyncHwEl was aborted, got status = HAILO_SHUTDOWN_EVENT_SIGNALED(57)
[2026-10-05 09:47:01.830] [9618] [HailoRT] [info] [queue_elements.cpp:570] [execute_deactivate] enqueue() in element PushQEl1base-whisper-encoder-5s/input_layer1 was aborted, got status = HAILO_SHUTDOWN_EVENT_SIGNALED(57)
[2026-10-05 09:47:01.830] [9618] [HailoRT] [info] [queue_elements.cpp:570] [execute_deactivate] enqueue() in element EntryPushQEl0base-whisper-encoder-5s/input_layer1 was aborted, got status = HAILO_SHUTDOWN_EVENT_SIGNALED(57)
[2026-10-05 09:47:01.830] [9618] [HailoRT] [info] [queue_elements.cpp:46] [~BaseQueueElement] Queue element EntryPushQEl0base-whisper-encoder-5s/input_layer1 has 0 frames in his Queue on destruction
[2026-10-05 09:47:01.830] [9618] [HailoRT] [info] [queue_elements.cpp:46] [~BaseQueueElement] Queue element PushQEl1base-whisper-encoder-5s/input_layer1 has 0 frames in his Queue on destruction
[2026-10-05 09:47:01.831] [9618] [HailoRT] [info] [queue_elements.cpp:46] [~BaseQueueElement] Queue element PushQEl0AsyncHwEl has 0 frames in his Queue on destruction
[2026-10-05 09:47:10.750] [10206] [HailoRT] [info] [hef.cpp:1929] [get_network_group_and_network_name] No name was given. Addressing all networks of default network_group: base-whisper-encoder-5s
[2026-10-05 09:47:10.751] [10206] [HailoRT] [info] [hef.cpp:1929] [get_network_group_and_network_name] No name was given. Addressing all networks of default network_group: base-whisper-decoder-fixed-sequence
[2026-10-05 09:47:10.768] [10206] [HailoRT] [info] [vdevice.cpp:523] [create] Creating vdevice with params: device_count: 1, scheduling_algorithm: ROUND_ROBIN, multi_process_service: false
[2026-10-05 09:47:10.781] [10206] [HailoRT] [info] [device.cpp:49] [Device] OS Version: Linux 6.12.34+rpt-rpi-2712 #1 SMP PREEMPT Debian 1:6.12.34-1+rpt1~bookworm (2025-06-26) aarch64
[2026-10-05 09:47:10.783] [10206] [HailoRT] [info] [control.cpp:108] [control__parse_identify_results] firmware_version is: 4.20.0
[2026-10-05 09:47:10.783] [10206] [HailoRT] [info] [vdevice.cpp:651] [create] VDevice Infos: 0001:01:00.0
[2026-10-05 09:47:10.862] [10206] [HailoRT] [info] [hef.cpp:1929] [get_network_group_and_network_name] No name was given. Addressing all networks of default network_group: base-whisper-encoder-5s
[2026-10-05 09:47:10.862] [10206] [HailoRT] [info] [hef.cpp:1929] [get_network_group_and_network_name] No name was given. Addressing all networks of default network_group: base-whisper-encoder-5s
[2026-10-05 09:47:10.957] [10206] [HailoRT] [info] [hef.cpp:1929] [get_network_group_and_network_name] No name was given. Addressing all networks of default network_group: base-whisper-decoder-fixed-sequence
[2026-10-05 09:47:10.957] [10206] [HailoRT] [info] [hef.cpp:1929] [get_network_group_and_network_name] No name was given. Addressing all networks of default network_group: base-whisper-decoder-fixed-sequence
[2026-10-05 09:47:10.963] [10206] [HailoRT] [info] [internal_buffer_manager.cpp:204] [print_execution_results] Planned internal buffer memory: CMA memory 0, user memory 1576448. memory to edge layer usage factor is 0.34360003
[2026-10-05 09:47:10.963] [10206] [HailoRT] [info] [internal_buffer_manager.cpp:212] [print_execution_results] Default Internal buffer planner executed successfully
[2026-10-05 09:47:11.029] [10206] [HailoRT] [info] [device_internal.cpp:57] [configure] Configuring HEF took 71.763168 milliseconds
[2026-10-05 09:47:11.029] [10206] [HailoRT] [info] [vdevice.cpp:749] [configure] Configuring HEF on VDevice took 72.084073 milliseconds
[2026-10-05 09:47:11.029] [10206] [HailoRT] [info] [infer_model.cpp:436] [configure] Configuring network group 'base-whisper-encoder-5s' with params: batch size: 0, power mode: PERFORMANCE, latency: NONE
[2026-10-05 09:47:11.029] [10206] [HailoRT] [info] [multi_io_elements.cpp:756] [create] Created (AsyncHwEl)
[2026-10-05 09:47:11.033] [10206] [HailoRT] [info] [queue_elements.cpp:450] [create] Created (EntryPushQEl0base-whisper-encoder-5s/input_layer1 | timeout: 10s)
[2026-10-05 09:47:11.033] [10206] [HailoRT] [info] [filter_elements.cpp:101] [create] Created (PreInferEl1base-whisper-encoder-5s/input_layer1 | Quantization - src_type: FLOAT32, dst_type UINT8, limvals_min: -1.51241, limvals_max: 1.52432)
[2026-10-05 09:47:11.034] [10206] [HailoRT] [info] [queue_elements.cpp:450] [create] Created (PushQEl1base-whisper-encoder-5s/input_layer1 | timeout: 10s)
[2026-10-05 09:47:11.035] [10206] [HailoRT] [info] [queue_elements.cpp:450] [create] Created (PushQEl0AsyncHwEl | timeout: 10s)
[2026-10-05 09:47:11.035] [10206] [HailoRT] [info] [filter_elements.cpp:375] [create] Created (PostInferEl0AsyncHwEl | Quantization - src_type: UINT8, dst_type FLOAT32, limvals_min: -23.9557, limvals_max: 14.4638)
[2026-10-05 09:47:11.035] [10206] [HailoRT] [info] [edge_elements.cpp:187] [create] Created (LastAsyncEl0PostInferEl0AsyncHwEl)
[2026-10-05 09:47:11.035] [10206] [HailoRT] [info] [pipeline.cpp:891] [print_deep_description] EntryPushQEl0base-whisper-encoder-5s/input_layer1 | inputs: user | outputs: PreInferEl1base-whisper-encoder-5s/input_layer1(running in thread_id: 10220)
[2026-10-05 09:47:11.035] [10206] [HailoRT] [info] [pipeline.cpp:891] [print_deep_description] PreInferEl1base-whisper-encoder-5s/input_layer1 | inputs: EntryPushQEl0base-whisper-encoder-5s/input_layer1[0] | outputs: PushQEl1base-whisper-encoder-5s/input_layer1
[2026-10-05 09:47:11.036] [10206] [HailoRT] [info] [pipeline.cpp:891] [print_deep_description] PushQEl1base-whisper-encoder-5s/input_layer1 | inputs: PreInferEl1base-whisper-encoder-5s/input_layer1[0] | outputs: AsyncHwEl(running in thread_id: 10221)
[2026-10-05 09:47:11.037] [10206] [HailoRT] [info] [pipeline.cpp:891] [print_deep_description] AsyncHwEl | inputs: PushQEl1base-whisper-encoder-5s/input_layer1[0] | outputs: PushQEl0AsyncHwEl
[2026-10-05 09:47:11.037] [10206] [HailoRT] [info] [pipeline.cpp:891] [print_deep_description] PushQEl0AsyncHwEl | inputs: AsyncHwEl[0] | outputs: PostInferEl0AsyncHwEl(running in thread_id: 10222)
[2026-10-05 09:47:11.037] [10206] [HailoRT] [info] [pipeline.cpp:891] [print_deep_description] PostInferEl0AsyncHwEl | inputs: PushQEl0AsyncHwEl[0] | outputs: LastAsyncEl0PostInferEl0AsyncHwEl
[2026-10-05 09:47:11.037] [10206] [HailoRT] [info] [pipeline.cpp:891] [print_deep_description] LastAsyncEl0PostInferEl0AsyncHwEl | inputs: PostInferEl0AsyncHwEl[0] | outputs: user
[2026-10-05 09:47:11.042] [10206] [HailoRT] [info] [buffer_requirements.cpp:195] [find_initial_desc_page_size] Using non-default initial_desc_page_size of 64, due to a small transfer size (48)
[2026-10-05 09:47:11.043] [10206] [HailoRT] [info] [internal_buffer_manager.cpp:204] [print_execution_results] Planned internal buffer memory: CMA memory 0, user memory 1974272. memory to edge layer usage factor is 0.46450835
[2026-10-05 09:47:11.043] [10206] [HailoRT] [info] [internal_buffer_manager.cpp:212] [print_execution_results] Default Internal buffer planner executed successfully
[2026-10-05 09:47:11.079] [10206] [HailoRT] [info] [buffer_requirements.cpp:195] [find_initial_desc_page_size] Using non-default initial_desc_page_size of 64, due to a small transfer size (48)
[2026-10-05 09:47:11.170] [10206] [HailoRT] [info] [device_internal.cpp:57] [configure] Configuring HEF took 128.993104 milliseconds
[2026-10-05 09:47:11.170] [10206] [HailoRT] [info] [vdevice.cpp:749] [configure] Configuring HEF on VDevice took 131.663382 milliseconds
[2026-10-05 09:47:11.170] [10206] [HailoRT] [info] [infer_model.cpp:436] [configure] Configuring network group 'base-whisper-decoder-fixed-sequence' with params: batch size: 0, power mode: PERFORMANCE, latency: NONE
[2026-10-05 09:47:11.170] [10206] [HailoRT] [info] [multi_io_elements.cpp:756] [create] Created (AsyncHwEl)
[2026-10-05 09:47:11.172] [10206] [HailoRT] [info] [queue_elements.cpp:450] [create] Created (EntryPushQEl0base-whisper-decoder-fixed-sequence/input_layer2 | timeout: 10s)
[2026-10-05 09:47:11.172] [10206] [HailoRT] [info] [filter_elements.cpp:101] [create] Created (PreInferEl6base-whisper-decoder-fixed-sequence/input_layer2 | Quantization - src_type: FLOAT32, dst_type UINT8, limvals_min: -0.535231, limvals_max: 0.556641)
[2026-10-05 09:47:11.172] [10206] [HailoRT] [info] [queue_elements.cpp:450] [create] Created (PushQEl6base-whisper-decoder-fixed-sequence/input_layer2 | timeout: 10s)
[2026-10-05 09:47:11.172] [10206] [HailoRT] [info] [queue_elements.cpp:450] [create] Created (EntryPushQEl0base-whisper-decoder-fixed-sequence/input_layer1 | timeout: 10s)
[2026-10-05 09:47:11.173] [10206] [HailoRT] [info] [filter_elements.cpp:101] [create] Created (PreInferEl12base-whisper-decoder-fixed-sequence/input_layer1 | Quantization - src_type: FLOAT32, dst_type UINT8, limvals_min: -23.5596, limvals_max: 14.4638)
[2026-10-05 09:47:11.173] [10206] [HailoRT] [info] [queue_elements.cpp:450] [create] Created (PushQEl12base-whisper-decoder-fixed-sequence/input_layer1 | timeout: 10s)
[2026-10-05 09:47:11.173] [10206] [HailoRT] [info] [queue_elements.cpp:450] [create] Created (PushQEl0AsyncHwEl | timeout: 10s)
[2026-10-05 09:47:11.173] [10206] [HailoRT] [info] [filter_elements.cpp:375] [create] Created (PostInferEl0AsyncHwEl | Quantization - src_type: UINT8, dst_type FLOAT32, limvals_min: -23.8414, limvals_max: 72.6594)
[2026-10-05 09:47:11.173] [10206] [HailoRT] [info] [edge_elements.cpp:187] [create] Created (LastAsyncEl0PostInferEl0AsyncHwEl)
[2026-10-05 09:47:11.201] [10206] [HailoRT] [info] [queue_elements.cpp:450] [create] Created (PushQEl2AsyncHwEl | timeout: 10s)
[2026-10-05 09:47:11.201] [10206] [HailoRT] [info] [filter_elements.cpp:375] [create] Created (PostInferEl2AsyncHwEl | Quantization - src_type: UINT8, dst_type FLOAT32, limvals_min: -23.4195, limvals_max: 61.8944)
[2026-10-05 09:47:11.201] [10206] [HailoRT] [info] [edge_elements.cpp:187] [create] Created (LastAsyncEl0PostInferEl2AsyncHwEl)
[2026-10-05 09:47:11.201] [10206] [HailoRT] [info] [queue_elements.cpp:450] [create] Created (PushQEl1AsyncHwEl | timeout: 10s)
[2026-10-05 09:47:11.201] [10206] [HailoRT] [info] [filter_elements.cpp:375] [create] Created (PostInferEl1AsyncHwEl | Quantization - src_type: UINT8, dst_type FLOAT32, limvals_min: -23.5004, limvals_max: 59.7302)
[2026-10-05 09:47:11.201] [10206] [HailoRT] [info] [edge_elements.cpp:187] [create] Created (LastAsyncEl0PostInferEl1AsyncHwEl)
[2026-10-05 09:47:11.201] [10206] [HailoRT] [info] [queue_elements.cpp:450] [create] Created (PushQEl3AsyncHwEl | timeout: 10s)
[2026-10-05 09:47:11.201] [10206] [HailoRT] [info] [filter_elements.cpp:375] [create] Created (PostInferEl3AsyncHwEl | Quantization - src_type: UINT8, dst_type FLOAT32, limvals_min: -24.3587, limvals_max: 63.1267)
[2026-10-05 09:47:11.201] [10206] [HailoRT] [info] [edge_elements.cpp:187] [create] Created (LastAsyncEl0PostInferEl3AsyncHwEl)
[2026-10-05 09:47:11.201] [10206] [HailoRT] [info] [pipeline.cpp:891] [print_deep_description] EntryPushQEl0base-whisper-decoder-fixed-sequence/input_layer1 | inputs: user | outputs: PreInferEl12base-whisper-decoder-fixed-sequence/input_layer1(running in thread_id: 10225)
[2026-10-05 09:47:11.201] [10206] [HailoRT] [info] [pipeline.cpp:891] [print_deep_description] PreInferEl12base-whisper-decoder-fixed-sequence/input_layer1 | inputs: EntryPushQEl0base-whisper-decoder-fixed-sequence/input_layer1[0] | outputs: PushQEl12base-whisper-decoder-fixed-sequence/input_layer1
[2026-10-05 09:47:11.201] [10206] [HailoRT] [info] [pipeline.cpp:891] [print_deep_description] PushQEl12base-whisper-decoder-fixed-sequence/input_layer1 | inputs: PreInferEl12base-whisper-decoder-fixed-sequence/input_layer1[0] | outputs: AsyncHwEl(running in thread_id: 10226)
[2026-10-05 09:47:11.201] [10206] [HailoRT] [info] [pipeline.cpp:891] [print_deep_description] AsyncHwEl | inputs: PushQEl12base-whisper-decoder-fixed-sequence/input_layer1[0] PushQEl6base-whisper-decoder-fixed-sequence/input_layer2[1] | outputs: PushQEl0AsyncHwEl PushQEl1AsyncHwEl PushQEl2AsyncHwEl PushQEl3AsyncHwEl
[2026-10-05 09:47:11.201] [10206] [HailoRT] [info] [pipeline.cpp:891] [print_deep_description] PushQEl0AsyncHwEl | inputs: AsyncHwEl[0] | outputs: PostInferEl0AsyncHwEl(running in thread_id: 10227)
[2026-10-05 09:47:11.201] [10206] [HailoRT] [info] [pipeline.cpp:891] [print_deep_description] PostInferEl0AsyncHwEl | inputs: PushQEl0AsyncHwEl[0] | outputs: LastAsyncEl0PostInferEl0AsyncHwEl
[2026-10-05 09:47:11.201] [10206] [HailoRT] [info] [pipeline.cpp:891] [print_deep_description] LastAsyncEl0PostInferEl0AsyncHwEl | inputs: PostInferEl0AsyncHwEl[0] | outputs: user
[2026-10-05 09:47:11.201] [10206] [HailoRT] [info] [pipeline.cpp:891] [print_deep_description] PushQEl1AsyncHwEl | inputs: AsyncHwEl[0] | outputs: PostInferEl1AsyncHwEl(running in thread_id: 10229)
[2026-10-05 09:47:11.201] [10206] [HailoRT] [info] [pipeline.cpp:891] [print_deep_description] PostInferEl1AsyncHwEl | inputs: PushQEl1AsyncHwEl[0] | outputs: LastAsyncEl0PostInferEl1AsyncHwEl
[2026-10-05 09:47:11.202] [10206] [HailoRT] [info] [pipeline.cpp:891] [print_deep_description] LastAsyncEl0PostInferEl1AsyncHwEl | inputs: PostInferEl1AsyncHwEl[0] | outputs: user
[2026-10-05 09:47:11.202] [10206] [HailoRT] [info] [pipeline.cpp:891] [print_deep_description] PushQEl2AsyncHwEl | inputs: AsyncHwEl[0] | outputs: PostInferEl2AsyncHwEl(running in thread_id: 10228)
[2026-10-05 09:47:11.202] [10206] [HailoRT] [info] [pipeline.cpp:891] [print_deep_description] PostInferEl2AsyncHwEl | inputs: PushQEl2AsyncHwEl[0] | outputs: LastAsyncEl0PostInferEl2AsyncHwEl
[2026-10-05 09:47:11.202] [10206] [HailoRT] [info] [pipeline.cpp:891] [print_deep_description] LastAsyncEl0PostInferEl2AsyncHwEl | inputs: PostInferEl2AsyncHwEl[0] | outputs: user
[2026-10-05 09:47:11.202] [10206] [HailoRT] [info] [pipeline.cpp:891] [print_deep_description] PushQEl3AsyncHwEl | inputs: AsyncHwEl[0] | outputs: PostInferEl3AsyncHwEl(running in thread_id: 10230)
[2026-10-05 09:47:11.202] [10206] [HailoRT] [info] [pipeline.cpp:891] [print_deep_description] PostInferEl3AsyncHwEl | inputs: PushQEl3AsyncHwEl[0] | outputs: LastAsyncEl0PostInferEl3AsyncHwEl
[2026-10-05 09:47:11.202] [10206] [HailoRT] [info] [pipeline.cpp:891] [print_deep_description] LastAsyncEl0PostInferEl3AsyncHwEl | inputs: PostInferEl3AsyncHwEl[0] | outputs: user
[2026-10-05 09:47:11.202] [10206] [HailoRT] [info] [pipeline.cpp:891] [print_deep_description] EntryPushQEl0base-whisper-decoder-fixed-sequence/input_layer2 | inputs: user | outputs: PreInferEl6base-whisper-decoder-fixed-sequence/input_layer2(running in thread_id: 10223)
[2026-10-05 09:47:11.202] [10206] [HailoRT] [info] [pipeline.cpp:891] [print_deep_description] PreInferEl6base-whisper-decoder-fixed-sequence/input_layer2 | inputs: EntryPushQEl0base-whisper-decoder-fixed-sequence/input_layer2[0] | outputs: PushQEl6base-whisper-decoder-fixed-sequence/input_layer2
[2026-10-05 09:47:11.202] [10206] [HailoRT] [info] [pipeline.cpp:891] [print_deep_description] PushQEl6base-whisper-decoder-fixed-sequence/input_layer2 | inputs: PreInferEl6base-whisper-decoder-fixed-sequence/input_layer2[0] | outputs: AsyncHwEl(running in thread_id: 10224)
[2026-10-05 09:47:19.620] [10206] [HailoRT] [info] [async_infer_runner.cpp:86] [shutdown] Pipeline was aborted. Shutting it down
[2026-10-05 09:47:19.620] [10206] [HailoRT] [info] [async_infer_runner.cpp:86] [shutdown] Pipeline was aborted. Shutting it down
[2026-10-05 09:47:19.621] [10206] [HailoRT] [info] [queue_elements.cpp:570] [execute_deactivate] enqueue() in element PushQEl0AsyncHwEl was aborted, got status = HAILO_SHUTDOWN_EVENT_SIGNALED(57)
[2026-10-05 09:47:19.621] [10206] [HailoRT] [info] [queue_elements.cpp:570] [execute_deactivate] enqueue() in element PushQEl1AsyncHwEl was aborted, got status = HAILO_SHUTDOWN_EVENT_SIGNALED(57)
[2026-10-05 09:47:19.621] [10206] [HailoRT] [info] [queue_elements.cpp:570] [execute_deactivate] enqueue() in element PushQEl2AsyncHwEl was aborted, got status = HAILO_SHUTDOWN_EVENT_SIGNALED(57)
[2026-10-05 09:47:19.621] [10206] [HailoRT] [info] [queue_elements.cpp:570] [execute_deactivate] enqueue() in element PushQEl3AsyncHwEl was aborted, got status = HAILO_SHUTDOWN_EVENT_SIGNALED(57)
[2026-10-05 09:47:19.621] [10206] [HailoRT] [info] [queue_elements.cpp:570] [execute_deactivate] enqueue() in element PushQEl12base-whisper-decoder-fixed-sequence/input_layer1 was aborted, got status = HAILO_SHUTDOWN_EVENT_SIGNALED(57)
[2026-10-05 09:47:19.621] [10206] [HailoRT] [info] [queue_elements.cpp:570] [execute_deactivate] enqueue() in element EntryPushQEl0base-whisper-decoder-fixed-sequence/input_layer1 was aborted, got status = HAILO_SHUTDOWN_EVENT_SIGNALED(57)
[2026-10-05 09:47:19.621] [10206] [HailoRT] [info] [queue_elements.cpp:570] [execute_deactivate] enqueue() in element PushQEl0AsyncHwEl was aborted, got status = HAILO_SHUTDOWN_EVENT_SIGNALED(57)
[2026-10-05 09:47:19.621] [10206] [HailoRT] [info] [queue_elements.cpp:570] [execute_deactivate] enqueue() in element PushQEl1AsyncHwEl was aborted, got status = HAILO_SHUTDOWN_EVENT_SIGNALED(57)
[2026-10-05 09:47:19.621] [10206] [HailoRT] [info] [queue_elements.cpp:570] [execute_deactivate] enqueue() in element PushQEl2AsyncHwEl was aborted, got status = HAILO_SHUTDOWN_EVENT_SIGNALED(57)
[2026-10-05 09:47:19.621] [10206] [HailoRT] [info] [queue_elements.cpp:570] [execute_deactivate] enqueue() in element PushQEl3AsyncHwEl was aborted, got status = HAILO_SHUTDOWN_EVENT_SIGNALED(57)
[2026-10-05 09:47:19.621] [10206] [HailoRT] [info] [queue_elements.cpp:570] [execute_deactivate] enqueue() in element PushQEl6base-whisper-decoder-fixed-sequence/input_layer2 was aborted, got status = HAILO_SHUTDOWN_EVENT_SIGNALED(57)
[2026-10-05 09:47:19.621] [10206] [HailoRT] [info] [queue_elements.cpp:570] [execute_deactivate] enqueue() in element EntryPushQEl0base-whisper-decoder-fixed-sequence/input_layer2 was aborted, got status = HAILO_SHUTDOWN_EVENT_SIGNALED(57)
[2026-10-05 09:47:19.621] [10206] [HailoRT] [info] [queue_elements.cpp:46] [~BaseQueueElement] Queue element EntryPushQEl0base-whisper-decoder-fixed-sequence/input_layer2 has 0 frames in his Queue on destruction
[2026-10-05 09:47:19.621] [10206] [HailoRT] [info] [queue_elements.cpp:46] [~BaseQueueElement] Queue element PushQEl6base-whisper-decoder-fixed-sequence/input_layer2 has 0 frames in his Queue on destruction
[2026-10-05 09:47:19.621] [10206] [HailoRT] [info] [queue_elements.cpp:46] [~BaseQueueElement] Queue element EntryPushQEl0base-whisper-decoder-fixed-sequence/input_layer1 has 0 frames in his Queue on destruction
[2026-10-05 09:47:19.621] [10206] [HailoRT] [info] [queue_elements.cpp:46] [~BaseQueueElement] Queue element PushQEl12base-whisper-decoder-fixed-sequence/input_layer1 has 0 frames in his Queue on destruction
[2026-10-05 09:47:19.621] [10206] [HailoRT] [info] [queue_elements.cpp:46] [~BaseQueueElement] Queue element PushQEl0AsyncHwEl has 0 frames in his Queue on destruction
[2026-10-05 09:47:19.621] [10206] [HailoRT] [info] [queue_elements.cpp:46] [~BaseQueueElement] Queue element PushQEl2AsyncHwEl has 0 frames in his Queue on destruction
[2026-10-05 09:47:19.621] [10206] [HailoRT] [info] [queue_elements.cpp:46] [~BaseQueueElement] Queue element PushQEl1AsyncHwEl has 0 frames in his Queue on destruction
[2026-10-05 09:47:19.622] [10206] [HailoRT] [info] [queue_elements.cpp:46] [~BaseQueueElement] Queue element PushQEl3AsyncHwEl has 0 frames in his Queue on destruction
[2026-10-05 09:47:19.623] [10206] [HailoRT] [info] [async_infer_runner.cpp:86] [shutdown] Pipeline was aborted. Shutting it down
[2026-10-05 09:47:19.623] [10206] [HailoRT] [info] [async_infer_runner.cpp:86] [shutdown] Pipeline was aborted. Shutting it down
[2026-10-05 09:47:19.623] [10206] [HailoRT] [info] [queue_elements.cpp:570] [execute_deactivate] enqueue() in element PushQEl0AsyncHwEl was aborted, got status = HAILO_SHUTDOWN_EVENT_SIGNALED(57)
[2026-10-05 09:47:19.623] [10206] [HailoRT] [info] [queue_elements.cpp:570] [execute_deactivate] enqueue() in element PushQEl1base-whisper-encoder-5s/input_layer1 was aborted, got status = HAILO_SHUTDOWN_EVENT_SIGNALED(57)
[2026-10-05 09:47:19.623] [10206] [HailoRT] [info] [queue_elements.cpp:570] [execute_deactivate] enqueue() in element EntryPushQEl0base-whisper-encoder-5s/input_layer1 was aborted, got status = HAILO_SHUTDOWN_EVENT_SIGNALED(57)
[2026-10-05 09:47:19.623] [10206] [HailoRT] [info] [queue_elements.cpp:46] [~BaseQueueElement] Queue element EntryPushQEl0base-whisper-encoder-5s/input_layer1 has 0 frames in his Queue on destruction
[2026-10-05 09:47:19.623] [10206] [HailoRT] [info] [queue_elements.cpp:46] [~BaseQueueElement] Queue element PushQEl1base-whisper-encoder-5s/input_layer1 has 0 frames in his Queue on destruction
[2026-10-05 09:47:19.623] [10206] [HailoRT] [info] [queue_elements.cpp:46] [~BaseQueueElement] Queue element PushQEl0AsyncHwEl has 0 frames in his Queue on destruction
[2026-10-05 09:48:05.427] [10472] [HailoRT] [info] [hef.cpp:1929] [get_network_group_and_network_name] No name was given. Addressing all networks of default network_group: base-whisper-encoder-5s
[2026-10-05 09:48:05.428] [10472] [HailoRT] [info] [hef.cpp:1929] [get_network_group_and_network_name] No name was given. Addressing all networks of default network_group: base-whisper-decoder-fixed-sequence
[2026-10-05 09:48:05.449] [10472] [HailoRT] [info] [vdevice.cpp:523] [create] Creating vdevice with params: device_count: 1, scheduling_algorithm: ROUND_ROBIN, multi_process_service: false
[2026-10-05 09:48:05.463] [10472] [HailoRT] [info] [device.cpp:49] [Device] OS Version: Linux 6.12.34+rpt-rpi-2712 #1 SMP PREEMPT Debian 1:6.12.34-1+rpt1~bookworm (2025-06-26) aarch64
[2026-10-05 09:48:05.471] [10472] [HailoRT] [info] [control.cpp:108] [control__parse_identify_results] firmware_version is: 4.20.0
[2026-10-05 09:48:05.471] [10472] [HailoRT] [info] [vdevice.cpp:651] [create] VDevice Infos: 0001:01:00.0
[2026-10-05 09:48:05.540] [10472] [HailoRT] [info] [hef.cpp:1929] [get_network_group_and_network_name] No name was given. Addressing all networks of default network_group: base-whisper-encoder-5s
[2026-10-05 09:48:05.540] [10472] [HailoRT] [info] [hef.cpp:1929] [get_network_group_and_network_name] No name was given. Addressing all networks of default network_group: base-whisper-encoder-5s
[2026-10-05 09:48:05.654] [10472] [HailoRT] [info] [hef.cpp:1929] [get_network_group_and_network_name] No name was given. Addressing all networks of default network_group: base-whisper-decoder-fixed-sequence
[2026-10-05 09:48:05.654] [10472] [HailoRT] [info] [hef.cpp:1929] [get_network_group_and_network_name] No name was given. Addressing all networks of default network_group: base-whisper-decoder-fixed-sequence
[2026-10-05 09:48:05.661] [10472] [HailoRT] [info] [internal_buffer_manager.cpp:204] [print_execution_results] Planned internal buffer memory: CMA memory 0, user memory 1576448. memory to edge layer usage factor is 0.34360003
[2026-10-05 09:48:05.661] [10472] [HailoRT] [info] [internal_buffer_manager.cpp:212] [print_execution_results] Default Internal buffer planner executed successfully
[2026-10-05 09:48:05.728] [10472] [HailoRT] [info] [device_internal.cpp:57] [configure] Configuring HEF took 74.304387 milliseconds
[2026-10-05 09:48:05.728] [10472] [HailoRT] [info] [vdevice.cpp:749] [configure] Configuring HEF on VDevice took 74.718181 milliseconds
[2026-10-05 09:48:05.728] [10472] [HailoRT] [info] [infer_model.cpp:436] [configure] Configuring network group 'base-whisper-encoder-5s' with params: batch size: 0, power mode: PERFORMANCE, latency: NONE
[2026-10-05 09:48:05.729] [10472] [HailoRT] [info] [multi_io_elements.cpp:756] [create] Created (AsyncHwEl)
[2026-10-05 09:48:05.729] [10472] [HailoRT] [info] [queue_elements.cpp:450] [create] Created (EntryPushQEl0base-whisper-encoder-5s/input_layer1 | timeout: 10s)
[2026-10-05 09:48:05.729] [10472] [HailoRT] [info] [filter_elements.cpp:101] [create] Created (PreInferEl1base-whisper-encoder-5s/input_layer1 | Quantization - src_type: FLOAT32, dst_type UINT8, limvals_min: -1.51241, limvals_max: 1.52432)
[2026-10-05 09:48:05.729] [10472] [HailoRT] [info] [queue_elements.cpp:450] [create] Created (PushQEl1base-whisper-encoder-5s/input_layer1 | timeout: 10s)
[2026-10-05 09:48:05.729] [10472] [HailoRT] [info] [queue_elements.cpp:450] [create] Created (PushQEl0AsyncHwEl | timeout: 10s)
[2026-10-05 09:48:05.729] [10472] [HailoRT] [info] [filter_elements.cpp:375] [create] Created (PostInferEl0AsyncHwEl | Quantization - src_type: UINT8, dst_type FLOAT32, limvals_min: -23.9557, limvals_max: 14.4638)
[2026-10-05 09:48:05.729] [10472] [HailoRT] [info] [edge_elements.cpp:187] [create] Created (LastAsyncEl0PostInferEl0AsyncHwEl)
[2026-10-05 09:48:05.729] [10472] [HailoRT] [info] [pipeline.cpp:891] [print_deep_description] EntryPushQEl0base-whisper-encoder-5s/input_layer1 | inputs: user | outputs: PreInferEl1base-whisper-encoder-5s/input_layer1(running in thread_id: 10483)
[2026-10-05 09:48:05.729] [10472] [HailoRT] [info] [pipeline.cpp:891] [print_deep_description] PreInferEl1base-whisper-encoder-5s/input_layer1 | inputs: EntryPushQEl0base-whisper-encoder-5s/input_layer1[0] | outputs: PushQEl1base-whisper-encoder-5s/input_layer1
[2026-10-05 09:48:05.730] [10472] [HailoRT] [info] [pipeline.cpp:891] [print_deep_description] PushQEl1base-whisper-encoder-5s/input_layer1 | inputs: PreInferEl1base-whisper-encoder-5s/input_layer1[0] | outputs: AsyncHwEl(running in thread_id: 10484)
[2026-10-05 09:48:05.730] [10472] [HailoRT] [info] [pipeline.cpp:891] [print_deep_description] AsyncHwEl | inputs: PushQEl1base-whisper-encoder-5s/input_layer1[0] | outputs: PushQEl0AsyncHwEl
[2026-10-05 09:48:05.730] [10472] [HailoRT] [info] [pipeline.cpp:891] [print_deep_description] PushQEl0AsyncHwEl | inputs: AsyncHwEl[0] | outputs: PostInferEl0AsyncHwEl(running in thread_id: 10485)
[2026-10-05 09:48:05.730] [10472] [HailoRT] [info] [pipeline.cpp:891] [print_deep_description] PostInferEl0AsyncHwEl | inputs: PushQEl0AsyncHwEl[0] | outputs: LastAsyncEl0PostInferEl0AsyncHwEl
[2026-10-05 09:48:05.730] [10472] [HailoRT] [info] [pipeline.cpp:891] [print_deep_description] LastAsyncEl0PostInferEl0AsyncHwEl | inputs: PostInferEl0AsyncHwEl[0] | outputs: user
[2026-10-05 09:48:05.733] [10472] [HailoRT] [info] [buffer_requirements.cpp:195] [find_initial_desc_page_size] Using non-default initial_desc_page_size of 64, due to a small transfer size (48)
[2026-10-05 09:48:05.734] [10472] [HailoRT] [info] [internal_buffer_manager.cpp:204] [print_execution_results] Planned internal buffer memory: CMA memory 0, user memory 1974272. memory to edge layer usage factor is 0.46450835
[2026-10-05 09:48:05.734] [10472] [HailoRT] [info] [internal_buffer_manager.cpp:212] [print_execution_results] Default Internal buffer planner executed successfully
[2026-10-05 09:48:05.770] [10472] [HailoRT] [info] [buffer_requirements.cpp:195] [find_initial_desc_page_size] Using non-default initial_desc_page_size of 64, due to a small transfer size (48)
[2026-10-05 09:48:05.878] [10472] [HailoRT] [info] [device_internal.cpp:57] [configure] Configuring HEF took 146.989654 milliseconds
[2026-10-05 09:48:05.878] [10472] [HailoRT] [info] [vdevice.cpp:749] [configure] Configuring HEF on VDevice took 147.332912 milliseconds
[2026-10-05 09:48:05.878] [10472] [HailoRT] [info] [infer_model.cpp:436] [configure] Configuring network group 'base-whisper-decoder-fixed-sequence' with params: batch size: 0, power mode: PERFORMANCE, latency: NONE
[2026-10-05 09:48:05.879] [10472] [HailoRT] [info] [multi_io_elements.cpp:756] [create] Created (AsyncHwEl)
[2026-10-05 09:48:05.879] [10472] [HailoRT] [info] [queue_elements.cpp:450] [create] Created (EntryPushQEl0base-whisper-decoder-fixed-sequence/input_layer2 | timeout: 10s)
[2026-10-05 09:48:05.879] [10472] [HailoRT] [info] [filter_elements.cpp:101] [create] Created (PreInferEl6base-whisper-decoder-fixed-sequence/input_layer2 | Quantization - src_type: FLOAT32, dst_type UINT8, limvals_min: -0.535231, limvals_max: 0.556641)
[2026-10-05 09:48:05.879] [10472] [HailoRT] [info] [queue_elements.cpp:450] [create] Created (PushQEl6base-whisper-decoder-fixed-sequence/input_layer2 | timeout: 10s)
[2026-10-05 09:48:05.879] [10472] [HailoRT] [info] [queue_elements.cpp:450] [create] Created (EntryPushQEl0base-whisper-decoder-fixed-sequence/input_layer1 | timeout: 10s)
[2026-10-05 09:48:05.879] [10472] [HailoRT] [info] [filter_elements.cpp:101] [create] Created (PreInferEl12base-whisper-decoder-fixed-sequence/input_layer1 | Quantization - src_type: FLOAT32, dst_type UINT8, limvals_min: -23.5596, limvals_max: 14.4638)
[2026-10-05 09:48:05.879] [10472] [HailoRT] [info] [queue_elements.cpp:450] [create] Created (PushQEl12base-whisper-decoder-fixed-sequence/input_layer1 | timeout: 10s)
[2026-10-05 09:48:05.880] [10472] [HailoRT] [info] [queue_elements.cpp:450] [create] Created (PushQEl0AsyncHwEl | timeout: 10s)
[2026-10-05 09:48:05.880] [10472] [HailoRT] [info] [filter_elements.cpp:375] [create] Created (PostInferEl0AsyncHwEl | Quantization - src_type: UINT8, dst_type FLOAT32, limvals_min: -23.8414, limvals_max: 72.6594)
[2026-10-05 09:48:05.880] [10472] [HailoRT] [info] [edge_elements.cpp:187] [create] Created (LastAsyncEl0PostInferEl0AsyncHwEl)
[2026-10-05 09:48:05.901] [10472] [HailoRT] [info] [queue_elements.cpp:450] [create] Created (PushQEl2AsyncHwEl | timeout: 10s)
[2026-10-05 09:48:05.901] [10472] [HailoRT] [info] [filter_elements.cpp:375] [create] Created (PostInferEl2AsyncHwEl | Quantization - src_type: UINT8, dst_type FLOAT32, limvals_min: -23.4195, limvals_max: 61.8944)
[2026-10-05 09:48:05.901] [10472] [HailoRT] [info] [edge_elements.cpp:187] [create] Created (LastAsyncEl0PostInferEl2AsyncHwEl)
[2026-10-05 09:48:05.903] [10472] [HailoRT] [info] [queue_elements.cpp:450] [create] Created (PushQEl1AsyncHwEl | timeout: 10s)
[2026-10-05 09:48:05.903] [10472] [HailoRT] [info] [filter_elements.cpp:375] [create] Created (PostInferEl1AsyncHwEl | Quantization - src_type: UINT8, dst_type FLOAT32, limvals_min: -23.5004, limvals_max: 59.7302)
[2026-10-05 09:48:05.903] [10472] [HailoRT] [info] [edge_elements.cpp:187] [create] Created (LastAsyncEl0PostInferEl1AsyncHwEl)
[2026-10-05 09:48:05.904] [10472] [HailoRT] [info] [queue_elements.cpp:450] [create] Created (PushQEl3AsyncHwEl | timeout: 10s)
[2026-10-05 09:48:05.904] [10472] [HailoRT] [info] [filter_elements.cpp:375] [create] Created (PostInferEl3AsyncHwEl | Quantization - src_type: UINT8, dst_type FLOAT32, limvals_min: -24.3587, limvals_max: 63.1267)
[2026-10-05 09:48:05.904] [10472] [HailoRT] [info] [edge_elements.cpp:187] [create] Created (LastAsyncEl0PostInferEl3AsyncHwEl)
[2026-10-05 09:48:05.904] [10472] [HailoRT] [info] [pipeline.cpp:891] [print_deep_description] EntryPushQEl0base-whisper-decoder-fixed-sequence/input_layer1 | inputs: user | outputs: PreInferEl12base-whisper-decoder-fixed-sequence/input_layer1(running in thread_id: 10488)
[2026-10-05 09:48:05.904] [10472] [HailoRT] [info] [pipeline.cpp:891] [print_deep_description] PreInferEl12base-whisper-decoder-fixed-sequence/input_layer1 | inputs: EntryPushQEl0base-whisper-decoder-fixed-sequence/input_layer1[0] | outputs: PushQEl12base-whisper-decoder-fixed-sequence/input_layer1
[2026-10-05 09:48:05.904] [10472] [HailoRT] [info] [pipeline.cpp:891] [print_deep_description] PushQEl12base-whisper-decoder-fixed-sequence/input_layer1 | inputs: PreInferEl12base-whisper-decoder-fixed-sequence/input_layer1[0] | outputs: AsyncHwEl(running in thread_id: 10489)
[2026-10-05 09:48:05.904] [10472] [HailoRT] [info] [pipeline.cpp:891] [print_deep_description] AsyncHwEl | inputs: PushQEl12base-whisper-decoder-fixed-sequence/input_layer1[0] PushQEl6base-whisper-decoder-fixed-sequence/input_layer2[1] | outputs: PushQEl0AsyncHwEl PushQEl1AsyncHwEl PushQEl2AsyncHwEl PushQEl3AsyncHwEl
[2026-10-05 09:48:05.904] [10472] [HailoRT] [info] [pipeline.cpp:891] [print_deep_description] PushQEl0AsyncHwEl | inputs: AsyncHwEl[0] | outputs: PostInferEl0AsyncHwEl(running in thread_id: 10490)
[2026-10-05 09:48:05.904] [10472] [HailoRT] [info] [pipeline.cpp:891] [print_deep_description] PostInferEl0AsyncHwEl | inputs: PushQEl0AsyncHwEl[0] | outputs: LastAsyncEl0PostInferEl0AsyncHwEl
[2026-10-05 09:48:05.904] [10472] [HailoRT] [info] [pipeline.cpp:891] [print_deep_description] LastAsyncEl0PostInferEl0AsyncHwEl | inputs: PostInferEl0AsyncHwEl[0] | outputs: user
[2026-10-05 09:48:05.904] [10472] [HailoRT] [info] [pipeline.cpp:891] [print_deep_description] PushQEl1AsyncHwEl | inputs: AsyncHwEl[0] | outputs: PostInferEl1AsyncHwEl(running in thread_id: 10492)
[2026-10-05 09:48:05.904] [10472] [HailoRT] [info] [pipeline.cpp:891] [print_deep_description] PostInferEl1AsyncHwEl | inputs: PushQEl1AsyncHwEl[0] | outputs: LastAsyncEl0PostInferEl1AsyncHwEl
[2026-10-05 09:48:05.904] [10472] [HailoRT] [info] [pipeline.cpp:891] [print_deep_description] LastAsyncEl0PostInferEl1AsyncHwEl | inputs: PostInferEl1AsyncHwEl[0] | outputs: user
[2026-10-05 09:48:05.904] [10472] [HailoRT] [info] [pipeline.cpp:891] [print_deep_description] PushQEl2AsyncHwEl | inputs: AsyncHwEl[0] | outputs: PostInferEl2AsyncHwEl(running in thread_id: 10491)
[2026-10-05 09:48:05.904] [10472] [HailoRT] [info] [pipeline.cpp:891] [print_deep_description] PostInferEl2AsyncHwEl | inputs: PushQEl2AsyncHwEl[0] | outputs: LastAsyncEl0PostInferEl2AsyncHwEl
[2026-10-05 09:48:05.904] [10472] [HailoRT] [info] [pipeline.cpp:891] [print_deep_description] LastAsyncEl0PostInferEl2AsyncHwEl | inputs: PostInferEl2AsyncHwEl[0] | outputs: user
[2026-10-05 09:48:05.904] [10472] [HailoRT] [info] [pipeline.cpp:891] [print_deep_description] PushQEl3AsyncHwEl | inputs: AsyncHwEl[0] | outputs: PostInferEl3AsyncHwEl(running in thread_id: 10493)
[2026-10-05 09:48:05.904] [10472] [HailoRT] [info] [pipeline.cpp:891] [print_deep_description] PostInferEl3AsyncHwEl | inputs: PushQEl3AsyncHwEl[0] | outputs: LastAsyncEl0PostInferEl3AsyncHwEl
[2026-10-05 09:48:05.904] [10472] [HailoRT] [info] [pipeline.cpp:891] [print_deep_description] LastAsyncEl0PostInferEl3AsyncHwEl | inputs: PostInferEl3AsyncHwEl[0] | outputs: user
[2026-10-05 09:48:05.904] [10472] [HailoRT] [info] [pipeline.cpp:891] [print_deep_description] EntryPushQEl0base-whisper-decoder-fixed-sequence/input_layer2 | inputs: user | outputs: PreInferEl6base-whisper-decoder-fixed-sequence/input_layer2(running in thread_id: 10486)
[2026-10-05 09:48:05.904] [10472] [HailoRT] [info] [pipeline.cpp:891] [print_deep_description] PreInferEl6base-whisper-decoder-fixed-sequence/input_layer2 | inputs: EntryPushQEl0base-whisper-decoder-fixed-sequence/input_layer2[0] | outputs: PushQEl6base-whisper-decoder-fixed-sequence/input_layer2
[2026-10-05 09:48:05.904] [10472] [HailoRT] [info] [pipeline.cpp:891] [print_deep_description] PushQEl6base-whisper-decoder-fixed-sequence/input_layer2 | inputs: PreInferEl6base-whisper-decoder-fixed-sequence/input_layer2[0] | outputs: AsyncHwEl(running in thread_id: 10487)
[2026-10-05 09:49:50.952] [10472] [HailoRT] [info] [async_infer_runner.cpp:86] [shutdown] Pipeline was aborted. Shutting it down
[2026-10-05 09:49:50.952] [10472] [HailoRT] [info] [async_infer_runner.cpp:86] [shutdown] Pipeline was aborted. Shutting it down
[2026-10-05 09:49:50.952] [10472] [HailoRT] [info] [queue_elements.cpp:570] [execute_deactivate] enqueue() in element PushQEl0AsyncHwEl was aborted, got status = HAILO_SHUTDOWN_EVENT_SIGNALED(57)
[2026-10-05 09:49:50.952] [10472] [HailoRT] [info] [queue_elements.cpp:570] [execute_deactivate] enqueue() in element PushQEl1AsyncHwEl was aborted, got status = HAILO_SHUTDOWN_EVENT_SIGNALED(57)
[2026-10-05 09:49:50.952] [10472] [HailoRT] [info] [queue_elements.cpp:570] [execute_deactivate] enqueue() in element PushQEl2AsyncHwEl was aborted, got status = HAILO_SHUTDOWN_EVENT_SIGNALED(57)
[2026-10-05 09:49:50.952] [10472] [HailoRT] [info] [queue_elements.cpp:570] [execute_deactivate] enqueue() in element PushQEl3AsyncHwEl was aborted, got status = HAILO_SHUTDOWN_EVENT_SIGNALED(57)
[2026-10-05 09:49:50.952] [10472] [HailoRT] [info] [queue_elements.cpp:570] [execute_deactivate] enqueue() in element PushQEl12base-whisper-decoder-fixed-sequence/input_layer1 was aborted, got status = HAILO_SHUTDOWN_EVENT_SIGNALED(57)
[2026-10-05 09:49:50.952] [10472] [HailoRT] [info] [queue_elements.cpp:570] [execute_deactivate] enqueue() in element EntryPushQEl0base-whisper-decoder-fixed-sequence/input_layer1 was aborted, got status = HAILO_SHUTDOWN_EVENT_SIGNALED(57)
[2026-10-05 09:49:50.952] [10472] [HailoRT] [info] [queue_elements.cpp:570] [execute_deactivate] enqueue() in element PushQEl0AsyncHwEl was aborted, got status = HAILO_SHUTDOWN_EVENT_SIGNALED(57)
[2026-10-05 09:49:50.952] [10472] [HailoRT] [info] [queue_elements.cpp:570] [execute_deactivate] enqueue() in element PushQEl1AsyncHwEl was aborted, got status = HAILO_SHUTDOWN_EVENT_SIGNALED(57)
[2026-10-05 09:49:50.952] [10472] [HailoRT] [info] [queue_elements.cpp:570] [execute_deactivate] enqueue() in element PushQEl2AsyncHwEl was aborted, got status = HAILO_SHUTDOWN_EVENT_SIGNALED(57)
[2026-10-05 09:49:50.952] [10472] [HailoRT] [info] [queue_elements.cpp:570] [execute_deactivate] enqueue() in element PushQEl3AsyncHwEl was aborted, got status = HAILO_SHUTDOWN_EVENT_SIGNALED(57)
[2026-10-05 09:49:50.952] [10472] [HailoRT] [info] [queue_elements.cpp:570] [execute_deactivate] enqueue() in element PushQEl6base-whisper-decoder-fixed-sequence/input_layer2 was aborted, got status = HAILO_SHUTDOWN_EVENT_SIGNALED(57)
[2026-10-05 09:49:50.952] [10472] [HailoRT] [info] [queue_elements.cpp:570] [execute_deactivate] enqueue() in element EntryPushQEl0base-whisper-decoder-fixed-sequence/input_layer2 was aborted, got status = HAILO_SHUTDOWN_EVENT_SIGNALED(57)
[2026-10-05 09:49:50.952] [10472] [HailoRT] [info] [queue_elements.cpp:46] [~BaseQueueElement] Queue element EntryPushQEl0base-whisper-decoder-fixed-sequence/input_layer2 has 0 frames in his Queue on destruction
[2026-10-05 09:49:50.952] [10472] [HailoRT] [info] [queue_elements.cpp:46] [~BaseQueueElement] Queue element PushQEl6base-whisper-decoder-fixed-sequence/input_layer2 has 0 frames in his Queue on destruction
[2026-10-05 09:49:50.952] [10472] [HailoRT] [info] [queue_elements.cpp:46] [~BaseQueueElement] Queue element EntryPushQEl0base-whisper-decoder-fixed-sequence/input_layer1 has 0 frames in his Queue on destruction
[2026-10-05 09:49:50.952] [10472] [HailoRT] [info] [queue_elements.cpp:46] [~BaseQueueElement] Queue element PushQEl12base-whisper-decoder-fixed-sequence/input_layer1 has 0 frames in his Queue on destruction
[2026-10-05 09:49:50.952] [10472] [HailoRT] [info] [queue_elements.cpp:46] [~BaseQueueElement] Queue element PushQEl0AsyncHwEl has 0 frames in his Queue on destruction
[2026-10-05 09:49:50.953] [10472] [HailoRT] [info] [queue_elements.cpp:46] [~BaseQueueElement] Queue element PushQEl2AsyncHwEl has 0 frames in his Queue on destruction
[2026-10-05 09:49:50.953] [10472] [HailoRT] [info] [queue_elements.cpp:46] [~BaseQueueElement] Queue element PushQEl1AsyncHwEl has 0 frames in his Queue on destruction
[2026-10-05 09:49:50.953] [10472] [HailoRT] [info] [queue_elements.cpp:46] [~BaseQueueElement] Queue element PushQEl3AsyncHwEl has 0 frames in his Queue on destruction
[2026-10-05 09:49:50.953] [10472] [HailoRT] [info] [async_infer_runner.cpp:86] [shutdown] Pipeline was aborted. Shutting it down
[2026-10-05 09:49:50.954] [10472] [HailoRT] [info] [async_infer_runner.cpp:86] [shutdown] Pipeline was aborted. Shutting it down
[2026-10-05 09:49:50.954] [10472] [HailoRT] [info] [queue_elements.cpp:570] [execute_deactivate] enqueue() in element PushQEl0AsyncHwEl was aborted, got status = HAILO_SHUTDOWN_EVENT_SIGNALED(57)
[2026-10-05 09:49:50.954] [10472] [HailoRT] [info] [queue_elements.cpp:570] [execute_deactivate] enqueue() in element PushQEl1base-whisper-encoder-5s/input_layer1 was aborted, got status = HAILO_SHUTDOWN_EVENT_SIGNALED(57)
[2026-10-05 09:49:50.954] [10472] [HailoRT] [info] [queue_elements.cpp:570] [execute_deactivate] enqueue() in element EntryPushQEl0base-whisper-encoder-5s/input_layer1 was aborted, got status = HAILO_SHUTDOWN_EVENT_SIGNALED(57)
[2026-10-05 09:49:50.954] [10472] [HailoRT] [info] [queue_elements.cpp:46] [~BaseQueueElement] Queue element EntryPushQEl0base-whisper-encoder-5s/input_layer1 has 0 frames in his Queue on destruction
[2026-10-05 09:49:50.954] [10472] [HailoRT] [info] [queue_elements.cpp:46] [~BaseQueueElement] Queue element PushQEl1base-whisper-encoder-5s/input_layer1 has 0 frames in his Queue on destruction
[2026-10-05 09:49:50.954] [10472] [HailoRT] [info] [queue_elements.cpp:46] [~BaseQueueElement] Queue element PushQEl0AsyncHwEl has 0 frames in his Queue on destruction
[2026-10-05 09:49:57.381] [10624] [HailoRT] [info] [hef.cpp:1929] [get_network_group_and_network_name] No name was given. Addressing all networks of default network_group: base-whisper-encoder-5s
[2026-10-05 09:49:57.381] [10624] [HailoRT] [info] [hef.cpp:1929] [get_network_group_and_network_name] No name was given. Addressing all networks of default network_group: base-whisper-decoder-fixed-sequence
[2026-10-05 09:49:57.404] [10624] [HailoRT] [info] [vdevice.cpp:523] [create] Creating vdevice with params: device_count: 1, scheduling_algorithm: ROUND_ROBIN, multi_process_service: false
[2026-10-05 09:49:57.417] [10624] [HailoRT] [info] [device.cpp:49] [Device] OS Version: Linux 6.12.34+rpt-rpi-2712 #1 SMP PREEMPT Debian 1:6.12.34-1+rpt1~bookworm (2025-06-26) aarch64
[2026-10-05 09:49:57.421] [10624] [HailoRT] [info] [control.cpp:108] [control__parse_identify_results] firmware_version is: 4.20.0
[2026-10-05 09:49:57.421] [10624] [HailoRT] [info] [vdevice.cpp:651] [create] VDevice Infos: 0001:01:00.0
[2026-10-05 09:49:57.498] [10624] [HailoRT] [info] [hef.cpp:1929] [get_network_group_and_network_name] No name was given. Addressing all networks of default network_group: base-whisper-encoder-5s
[2026-10-05 09:49:57.498] [10624] [HailoRT] [info] [hef.cpp:1929] [get_network_group_and_network_name] No name was given. Addressing all networks of default network_group: base-whisper-encoder-5s
[2026-10-05 09:49:57.622] [10624] [HailoRT] [info] [hef.cpp:1929] [get_network_group_and_network_name] No name was given. Addressing all networks of default network_group: base-whisper-decoder-fixed-sequence
[2026-10-05 09:49:57.622] [10624] [HailoRT] [info] [hef.cpp:1929] [get_network_group_and_network_name] No name was given. Addressing all networks of default network_group: base-whisper-decoder-fixed-sequence
[2026-10-05 09:49:57.633] [10624] [HailoRT] [info] [internal_buffer_manager.cpp:204] [print_execution_results] Planned internal buffer memory: CMA memory 0, user memory 1576448. memory to edge layer usage factor is 0.34360003
[2026-10-05 09:49:57.633] [10624] [HailoRT] [info] [internal_buffer_manager.cpp:212] [print_execution_results] Default Internal buffer planner executed successfully
[2026-10-05 09:49:57.708] [10624] [HailoRT] [info] [device_internal.cpp:57] [configure] Configuring HEF took 83.438838 milliseconds
[2026-10-05 09:49:57.708] [10624] [HailoRT] [info] [vdevice.cpp:749] [configure] Configuring HEF on VDevice took 85.949604 milliseconds
[2026-10-05 09:49:57.708] [10624] [HailoRT] [info] [infer_model.cpp:436] [configure] Configuring network group 'base-whisper-encoder-5s' with params: batch size: 0, power mode: PERFORMANCE, latency: NONE
[2026-10-05 09:49:57.708] [10624] [HailoRT] [info] [multi_io_elements.cpp:756] [create] Created (AsyncHwEl)
[2026-10-05 09:49:57.708] [10624] [HailoRT] [info] [queue_elements.cpp:450] [create] Created (EntryPushQEl0base-whisper-encoder-5s/input_layer1 | timeout: 10s)
[2026-10-05 09:49:57.708] [10624] [HailoRT] [info] [filter_elements.cpp:101] [create] Created (PreInferEl1base-whisper-encoder-5s/input_layer1 | Quantization - src_type: FLOAT32, dst_type UINT8, limvals_min: -1.51241, limvals_max: 1.52432)
[2026-10-05 09:49:57.709] [10624] [HailoRT] [info] [queue_elements.cpp:450] [create] Created (PushQEl1base-whisper-encoder-5s/input_layer1 | timeout: 10s)
[2026-10-05 09:49:57.709] [10624] [HailoRT] [info] [queue_elements.cpp:450] [create] Created (PushQEl0AsyncHwEl | timeout: 10s)
[2026-10-05 09:49:57.709] [10624] [HailoRT] [info] [filter_elements.cpp:375] [create] Created (PostInferEl0AsyncHwEl | Quantization - src_type: UINT8, dst_type FLOAT32, limvals_min: -23.9557, limvals_max: 14.4638)
[2026-10-05 09:49:57.709] [10624] [HailoRT] [info] [edge_elements.cpp:187] [create] Created (LastAsyncEl0PostInferEl0AsyncHwEl)
[2026-10-05 09:49:57.709] [10624] [HailoRT] [info] [pipeline.cpp:891] [print_deep_description] EntryPushQEl0base-whisper-encoder-5s/input_layer1 | inputs: user | outputs: PreInferEl1base-whisper-encoder-5s/input_layer1(running in thread_id: 10634)
[2026-10-05 09:49:57.709] [10624] [HailoRT] [info] [pipeline.cpp:891] [print_deep_description] PreInferEl1base-whisper-encoder-5s/input_layer1 | inputs: EntryPushQEl0base-whisper-encoder-5s/input_layer1[0] | outputs: PushQEl1base-whisper-encoder-5s/input_layer1
[2026-10-05 09:49:57.709] [10624] [HailoRT] [info] [pipeline.cpp:891] [print_deep_description] PushQEl1base-whisper-encoder-5s/input_layer1 | inputs: PreInferEl1base-whisper-encoder-5s/input_layer1[0] | outputs: AsyncHwEl(running in thread_id: 10635)
[2026-10-05 09:49:57.709] [10624] [HailoRT] [info] [pipeline.cpp:891] [print_deep_description] AsyncHwEl | inputs: PushQEl1base-whisper-encoder-5s/input_layer1[0] | outputs: PushQEl0AsyncHwEl
[2026-10-05 09:49:57.709] [10624] [HailoRT] [info] [pipeline.cpp:891] [print_deep_description] PushQEl0AsyncHwEl | inputs: AsyncHwEl[0] | outputs: PostInferEl0AsyncHwEl(running in thread_id: 10636)
[2026-10-05 09:49:57.709] [10624] [HailoRT] [info] [pipeline.cpp:891] [print_deep_description] PostInferEl0AsyncHwEl | inputs: PushQEl0AsyncHwEl[0] | outputs: LastAsyncEl0PostInferEl0AsyncHwEl
[2026-10-05 09:49:57.709] [10624] [HailoRT] [info] [pipeline.cpp:891] [print_deep_description] LastAsyncEl0PostInferEl0AsyncHwEl | inputs: PostInferEl0AsyncHwEl[0] | outputs: user
[2026-10-05 09:49:57.713] [10624] [HailoRT] [info] [buffer_requirements.cpp:195] [find_initial_desc_page_size] Using non-default initial_desc_page_size of 64, due to a small transfer size (48)
[2026-10-05 09:49:57.715] [10624] [HailoRT] [info] [internal_buffer_manager.cpp:204] [print_execution_results] Planned internal buffer memory: CMA memory 0, user memory 1974272. memory to edge layer usage factor is 0.46450835
[2026-10-05 09:49:57.715] [10624] [HailoRT] [info] [internal_buffer_manager.cpp:212] [print_execution_results] Default Internal buffer planner executed successfully
[2026-10-05 09:49:57.754] [10624] [HailoRT] [info] [buffer_requirements.cpp:195] [find_initial_desc_page_size] Using non-default initial_desc_page_size of 64, due to a small transfer size (48)
[2026-10-05 09:49:57.849] [10624] [HailoRT] [info] [device_internal.cpp:57] [configure] Configuring HEF took 137.152956 milliseconds
[2026-10-05 09:49:57.849] [10624] [HailoRT] [info] [vdevice.cpp:749] [configure] Configuring HEF on VDevice took 137.717416 milliseconds
[2026-10-05 09:49:57.849] [10624] [HailoRT] [info] [infer_model.cpp:436] [configure] Configuring network group 'base-whisper-decoder-fixed-sequence' with params: batch size: 0, power mode: PERFORMANCE, latency: NONE
[2026-10-05 09:49:57.849] [10624] [HailoRT] [info] [multi_io_elements.cpp:756] [create] Created (AsyncHwEl)
[2026-10-05 09:49:57.849] [10624] [HailoRT] [info] [queue_elements.cpp:450] [create] Created (EntryPushQEl0base-whisper-decoder-fixed-sequence/input_layer2 | timeout: 10s)
[2026-10-05 09:49:57.849] [10624] [HailoRT] [info] [filter_elements.cpp:101] [create] Created (PreInferEl6base-whisper-decoder-fixed-sequence/input_layer2 | Quantization - src_type: FLOAT32, dst_type UINT8, limvals_min: -0.535231, limvals_max: 0.556641)
[2026-10-05 09:49:57.849] [10624] [HailoRT] [info] [queue_elements.cpp:450] [create] Created (PushQEl6base-whisper-decoder-fixed-sequence/input_layer2 | timeout: 10s)
[2026-10-05 09:49:57.849] [10624] [HailoRT] [info] [queue_elements.cpp:450] [create] Created (EntryPushQEl0base-whisper-decoder-fixed-sequence/input_layer1 | timeout: 10s)
[2026-10-05 09:49:57.849] [10624] [HailoRT] [info] [filter_elements.cpp:101] [create] Created (PreInferEl12base-whisper-decoder-fixed-sequence/input_layer1 | Quantization - src_type: FLOAT32, dst_type UINT8, limvals_min: -23.5596, limvals_max: 14.4638)
[2026-10-05 09:49:57.850] [10624] [HailoRT] [info] [queue_elements.cpp:450] [create] Created (PushQEl12base-whisper-decoder-fixed-sequence/input_layer1 | timeout: 10s)
[2026-10-05 09:49:57.850] [10624] [HailoRT] [info] [queue_elements.cpp:450] [create] Created (PushQEl0AsyncHwEl | timeout: 10s)
[2026-10-05 09:49:57.850] [10624] [HailoRT] [info] [filter_elements.cpp:375] [create] Created (PostInferEl0AsyncHwEl | Quantization - src_type: UINT8, dst_type FLOAT32, limvals_min: -23.8414, limvals_max: 72.6594)
[2026-10-05 09:49:57.850] [10624] [HailoRT] [info] [edge_elements.cpp:187] [create] Created (LastAsyncEl0PostInferEl0AsyncHwEl)
[2026-10-05 09:49:57.885] [10624] [HailoRT] [info] [queue_elements.cpp:450] [create] Created (PushQEl2AsyncHwEl | timeout: 10s)
[2026-10-05 09:49:57.885] [10624] [HailoRT] [info] [filter_elements.cpp:375] [create] Created (PostInferEl2AsyncHwEl | Quantization - src_type: UINT8, dst_type FLOAT32, limvals_min: -23.4195, limvals_max: 61.8944)
[2026-10-05 09:49:57.885] [10624] [HailoRT] [info] [edge_elements.cpp:187] [create] Created (LastAsyncEl0PostInferEl2AsyncHwEl)
[2026-10-05 09:49:57.885] [10624] [HailoRT] [info] [queue_elements.cpp:450] [create] Created (PushQEl1AsyncHwEl | timeout: 10s)
[2026-10-05 09:49:57.885] [10624] [HailoRT] [info] [filter_elements.cpp:375] [create] Created (PostInferEl1AsyncHwEl | Quantization - src_type: UINT8, dst_type FLOAT32, limvals_min: -23.5004, limvals_max: 59.7302)
[2026-10-05 09:49:57.885] [10624] [HailoRT] [info] [edge_elements.cpp:187] [create] Created (LastAsyncEl0PostInferEl1AsyncHwEl)
[2026-10-05 09:49:57.885] [10624] [HailoRT] [info] [queue_elements.cpp:450] [create] Created (PushQEl3AsyncHwEl | timeout: 10s)
[2026-10-05 09:49:57.885] [10624] [HailoRT] [info] [filter_elements.cpp:375] [create] Created (PostInferEl3AsyncHwEl | Quantization - src_type: UINT8, dst_type FLOAT32, limvals_min: -24.3587, limvals_max: 63.1267)
[2026-10-05 09:49:57.885] [10624] [HailoRT] [info] [edge_elements.cpp:187] [create] Created (LastAsyncEl0PostInferEl3AsyncHwEl)
[2026-10-05 09:49:57.885] [10624] [HailoRT] [info] [pipeline.cpp:891] [print_deep_description] EntryPushQEl0base-whisper-decoder-fixed-sequence/input_layer1 | inputs: user | outputs: PreInferEl12base-whisper-decoder-fixed-sequence/input_layer1(running in thread_id: 10639)
[2026-10-05 09:49:57.885] [10624] [HailoRT] [info] [pipeline.cpp:891] [print_deep_description] PreInferEl12base-whisper-decoder-fixed-sequence/input_layer1 | inputs: EntryPushQEl0base-whisper-decoder-fixed-sequence/input_layer1[0] | outputs: PushQEl12base-whisper-decoder-fixed-sequence/input_layer1
[2026-10-05 09:49:57.885] [10624] [HailoRT] [info] [pipeline.cpp:891] [print_deep_description] PushQEl12base-whisper-decoder-fixed-sequence/input_layer1 | inputs: PreInferEl12base-whisper-decoder-fixed-sequence/input_layer1[0] | outputs: AsyncHwEl(running in thread_id: 10640)
[2026-10-05 09:49:57.885] [10624] [HailoRT] [info] [pipeline.cpp:891] [print_deep_description] AsyncHwEl | inputs: PushQEl12base-whisper-decoder-fixed-sequence/input_layer1[0] PushQEl6base-whisper-decoder-fixed-sequence/input_layer2[1] | outputs: PushQEl0AsyncHwEl PushQEl1AsyncHwEl PushQEl2AsyncHwEl PushQEl3AsyncHwEl
[2026-10-05 09:49:57.885] [10624] [HailoRT] [info] [pipeline.cpp:891] [print_deep_description] PushQEl0AsyncHwEl | inputs: AsyncHwEl[0] | outputs: PostInferEl0AsyncHwEl(running in thread_id: 10641)
[2026-10-05 09:49:57.885] [10624] [HailoRT] [info] [pipeline.cpp:891] [print_deep_description] PostInferEl0AsyncHwEl | inputs: PushQEl0AsyncHwEl[0] | outputs: LastAsyncEl0PostInferEl0AsyncHwEl
[2026-10-05 09:49:57.885] [10624] [HailoRT] [info] [pipeline.cpp:891] [print_deep_description] LastAsyncEl0PostInferEl0AsyncHwEl | inputs: PostInferEl0AsyncHwEl[0] | outputs: user
[2026-10-05 09:49:57.885] [10624] [HailoRT] [info] [pipeline.cpp:891] [print_deep_description] PushQEl1AsyncHwEl | inputs: AsyncHwEl[0] | outputs: PostInferEl1AsyncHwEl(running in thread_id: 10643)
[2026-10-05 09:49:57.885] [10624] [HailoRT] [info] [pipeline.cpp:891] [print_deep_description] PostInferEl1AsyncHwEl | inputs: PushQEl1AsyncHwEl[0] | outputs: LastAsyncEl0PostInferEl1AsyncHwEl
[2026-10-05 09:49:57.886] [10624] [HailoRT] [info] [pipeline.cpp:891] [print_deep_description] LastAsyncEl0PostInferEl1AsyncHwEl | inputs: PostInferEl1AsyncHwEl[0] | outputs: user
[2026-10-05 09:49:57.886] [10624] [HailoRT] [info] [pipeline.cpp:891] [print_deep_description] PushQEl2AsyncHwEl | inputs: AsyncHwEl[0] | outputs: PostInferEl2AsyncHwEl(running in thread_id: 10642)
[2026-10-05 09:49:57.886] [10624] [HailoRT] [info] [pipeline.cpp:891] [print_deep_description] PostInferEl2AsyncHwEl | inputs: PushQEl2AsyncHwEl[0] | outputs: LastAsyncEl0PostInferEl2AsyncHwEl
[2026-10-05 09:49:57.886] [10624] [HailoRT] [info] [pipeline.cpp:891] [print_deep_description] LastAsyncEl0PostInferEl2AsyncHwEl | inputs: PostInferEl2AsyncHwEl[0] | outputs: user
[2026-10-05 09:49:57.886] [10624] [HailoRT] [info] [pipeline.cpp:891] [print_deep_description] PushQEl3AsyncHwEl | inputs: AsyncHwEl[0] | outputs: PostInferEl3AsyncHwEl(running in thread_id: 10644)
[2026-10-05 09:49:57.886] [10624] [HailoRT] [info] [pipeline.cpp:891] [print_deep_description] PostInferEl3AsyncHwEl | inputs: PushQEl3AsyncHwEl[0] | outputs: LastAsyncEl0PostInferEl3AsyncHwEl
[2026-10-05 09:49:57.886] [10624] [HailoRT] [info] [pipeline.cpp:891] [print_deep_description] LastAsyncEl0PostInferEl3AsyncHwEl | inputs: PostInferEl3AsyncHwEl[0] | outputs: user
[2026-10-05 09:49:57.886] [10624] [HailoRT] [info] [pipeline.cpp:891] [print_deep_description] EntryPushQEl0base-whisper-decoder-fixed-sequence/input_layer2 | inputs: user | outputs: PreInferEl6base-whisper-decoder-fixed-sequence/input_layer2(running in thread_id: 10637)
[2026-10-05 09:49:57.886] [10624] [HailoRT] [info] [pipeline.cpp:891] [print_deep_description] PreInferEl6base-whisper-decoder-fixed-sequence/input_layer2 | inputs: EntryPushQEl0base-whisper-decoder-fixed-sequence/input_layer2[0] | outputs: PushQEl6base-whisper-decoder-fixed-sequence/input_layer2
[2026-10-05 09:49:57.886] [10624] [HailoRT] [info] [pipeline.cpp:891] [print_deep_description] PushQEl6base-whisper-decoder-fixed-sequence/input_layer2 | inputs: PreInferEl6base-whisper-decoder-fixed-sequence/input_layer2[0] | outputs: AsyncHwEl(running in thread_id: 10638)
[2026-10-05 09:54:11.047] [10624] [HailoRT] [info] [async_infer_runner.cpp:86] [shutdown] Pipeline was aborted. Shutting it down
[2026-10-05 09:54:11.051] [10624] [HailoRT] [info] [async_infer_runner.cpp:86] [shutdown] Pipeline was aborted. Shutting it down
[2026-10-05 09:54:11.052] [10624] [HailoRT] [info] [queue_elements.cpp:570] [execute_deactivate] enqueue() in element PushQEl0AsyncHwEl was aborted, got status = HAILO_SHUTDOWN_EVENT_SIGNALED(57)
[2026-10-05 09:54:11.052] [10624] [HailoRT] [info] [queue_elements.cpp:570] [execute_deactivate] enqueue() in element PushQEl1AsyncHwEl was aborted, got status = HAILO_SHUTDOWN_EVENT_SIGNALED(57)
[2026-10-05 09:54:11.052] [10624] [HailoRT] [info] [queue_elements.cpp:570] [execute_deactivate] enqueue() in element PushQEl2AsyncHwEl was aborted, got status = HAILO_SHUTDOWN_EVENT_SIGNALED(57)
[2026-10-05 09:54:11.052] [10624] [HailoRT] [info] [queue_elements.cpp:570] [execute_deactivate] enqueue() in element PushQEl3AsyncHwEl was aborted, got status = HAILO_SHUTDOWN_EVENT_SIGNALED(57)
[2026-10-05 09:54:11.052] [10624] [HailoRT] [info] [queue_elements.cpp:570] [execute_deactivate] enqueue() in element PushQEl12base-whisper-decoder-fixed-sequence/input_layer1 was aborted, got status = HAILO_SHUTDOWN_EVENT_SIGNALED(57)
[2026-10-05 09:54:11.052] [10624] [HailoRT] [info] [queue_elements.cpp:570] [execute_deactivate] enqueue() in element EntryPushQEl0base-whisper-decoder-fixed-sequence/input_layer1 was aborted, got status = HAILO_SHUTDOWN_EVENT_SIGNALED(57)
[2026-10-05 09:54:11.052] [10624] [HailoRT] [info] [queue_elements.cpp:570] [execute_deactivate] enqueue() in element PushQEl0AsyncHwEl was aborted, got status = HAILO_SHUTDOWN_EVENT_SIGNALED(57)
[2026-10-05 09:54:11.052] [10624] [HailoRT] [info] [queue_elements.cpp:570] [execute_deactivate] enqueue() in element PushQEl1AsyncHwEl was aborted, got status = HAILO_SHUTDOWN_EVENT_SIGNALED(57)
[2026-10-05 09:54:11.052] [10624] [HailoRT] [info] [queue_elements.cpp:570] [execute_deactivate] enqueue() in element PushQEl2AsyncHwEl was aborted, got status = HAILO_SHUTDOWN_EVENT_SIGNALED(57)
[2026-10-05 09:54:11.052] [10624] [HailoRT] [info] [queue_elements.cpp:570] [execute_deactivate] enqueue() in element PushQEl3AsyncHwEl was aborted, got status = HAILO_SHUTDOWN_EVENT_SIGNALED(57)
[2026-10-05 09:54:11.052] [10624] [HailoRT] [info] [queue_elements.cpp:570] [execute_deactivate] enqueue() in element PushQEl6base-whisper-decoder-fixed-sequence/input_layer2 was aborted, got status = HAILO_SHUTDOWN_EVENT_SIGNALED(57)
[2026-10-05 09:54:11.052] [10624] [HailoRT] [info] [queue_elements.cpp:570] [execute_deactivate] enqueue() in element EntryPushQEl0base-whisper-decoder-fixed-sequence/input_layer2 was aborted, got status = HAILO_SHUTDOWN_EVENT_SIGNALED(57)
[2026-10-05 09:54:11.052] [10624] [HailoRT] [info] [queue_elements.cpp:46] [~BaseQueueElement] Queue element EntryPushQEl0base-whisper-decoder-fixed-sequence/input_layer2 has 0 frames in his Queue on destruction
[2026-10-05 09:54:11.052] [10624] [HailoRT] [info] [queue_elements.cpp:46] [~BaseQueueElement] Queue element PushQEl6base-whisper-decoder-fixed-sequence/input_layer2 has 0 frames in his Queue on destruction
[2026-10-05 09:54:11.052] [10624] [HailoRT] [info] [queue_elements.cpp:46] [~BaseQueueElement] Queue element EntryPushQEl0base-whisper-decoder-fixed-sequence/input_layer1 has 0 frames in his Queue on destruction
[2026-10-05 09:54:11.052] [10624] [HailoRT] [info] [queue_elements.cpp:46] [~BaseQueueElement] Queue element PushQEl12base-whisper-decoder-fixed-sequence/input_layer1 has 0 frames in his Queue on destruction
[2026-10-05 09:54:11.052] [10624] [HailoRT] [info] [queue_elements.cpp:46] [~BaseQueueElement] Queue element PushQEl0AsyncHwEl has 0 frames in his Queue on destruction
[2026-10-05 09:54:11.053] [10624] [HailoRT] [info] [queue_elements.cpp:46] [~BaseQueueElement] Queue element PushQEl2AsyncHwEl has 0 frames in his Queue on destruction
[2026-10-05 09:54:11.053] [10624] [HailoRT] [info] [queue_elements.cpp:46] [~BaseQueueElement] Queue element PushQEl1AsyncHwEl has 0 frames in his Queue on destruction
[2026-10-05 09:54:11.053] [10624] [HailoRT] [info] [queue_elements.cpp:46] [~BaseQueueElement] Queue element PushQEl3AsyncHwEl has 0 frames in his Queue on destruction
[2026-10-05 09:54:11.053] [10624] [HailoRT] [info] [async_infer_runner.cpp:86] [shutdown] Pipeline was aborted. Shutting it down
[2026-10-05 09:54:11.056] [10624] [HailoRT] [info] [async_infer_runner.cpp:86] [shutdown] Pipeline was aborted. Shutting it down
[2026-10-05 09:54:11.056] [10624] [HailoRT] [info] [queue_elements.cpp:570] [execute_deactivate] enqueue() in element PushQEl0AsyncHwEl was aborted, got status = HAILO_SHUTDOWN_EVENT_SIGNALED(57)
[2026-10-05 09:54:11.056] [10624] [HailoRT] [info] [queue_elements.cpp:570] [execute_deactivate] enqueue() in element PushQEl1base-whisper-encoder-5s/input_layer1 was aborted, got status = HAILO_SHUTDOWN_EVENT_SIGNALED(57)
[2026-10-05 09:54:11.056] [10624] [HailoRT] [info] [queue_elements.cpp:570] [execute_deactivate] enqueue() in element EntryPushQEl0base-whisper-encoder-5s/input_layer1 was aborted, got status = HAILO_SHUTDOWN_EVENT_SIGNALED(57)
[2026-10-05 09:54:11.057] [10624] [HailoRT] [info] [queue_elements.cpp:46] [~BaseQueueElement] Queue element EntryPushQEl0base-whisper-encoder-5s/input_layer1 has 0 frames in his Queue on destruction
[2026-10-05 09:54:11.058] [10624] [HailoRT] [info] [queue_elements.cpp:46] [~BaseQueueElement] Queue element PushQEl1base-whisper-encoder-5s/input_layer1 has 0 frames in his Queue on destruction
[2026-10-05 09:54:11.058] [10624] [HailoRT] [info] [queue_elements.cpp:46] [~BaseQueueElement] Queue element PushQEl0AsyncHwEl has 0 frames in his Queue on destruction
[2026-10-05 09:54:19.759] [11603] [HailoRT] [info] [hef.cpp:1929] [get_network_group_and_network_name] No name was given. Addressing all networks of default network_group: base-whisper-encoder-5s
[2026-10-05 09:54:19.759] [11603] [HailoRT] [info] [hef.cpp:1929] [get_network_group_and_network_name] No name was given. Addressing all networks of default network_group: base-whisper-decoder-fixed-sequence
[2026-10-05 09:54:19.780] [11603] [HailoRT] [info] [vdevice.cpp:523] [create] Creating vdevice with params: device_count: 1, scheduling_algorithm: ROUND_ROBIN, multi_process_service: false
[2026-10-05 09:54:19.792] [11603] [HailoRT] [info] [device.cpp:49] [Device] OS Version: Linux 6.12.34+rpt-rpi-2712 #1 SMP PREEMPT Debian 1:6.12.34-1+rpt1~bookworm (2025-06-26) aarch64
[2026-10-05 09:54:19.794] [11603] [HailoRT] [info] [control.cpp:108] [control__parse_identify_results] firmware_version is: 4.20.0
[2026-10-05 09:54:19.794] [11603] [HailoRT] [info] [vdevice.cpp:651] [create] VDevice Infos: 0001:01:00.0
[2026-10-05 09:54:19.873] [11603] [HailoRT] [info] [hef.cpp:1929] [get_network_group_and_network_name] No name was given. Addressing all networks of default network_group: base-whisper-encoder-5s
[2026-10-05 09:54:19.873] [11603] [HailoRT] [info] [hef.cpp:1929] [get_network_group_and_network_name] No name was given. Addressing all networks of default network_group: base-whisper-encoder-5s
[2026-10-05 09:54:19.991] [11603] [HailoRT] [info] [hef.cpp:1929] [get_network_group_and_network_name] No name was given. Addressing all networks of default network_group: base-whisper-decoder-fixed-sequence
[2026-10-05 09:54:19.991] [11603] [HailoRT] [info] [hef.cpp:1929] [get_network_group_and_network_name] No name was given. Addressing all networks of default network_group: base-whisper-decoder-fixed-sequence
[2026-10-05 09:54:19.997] [11603] [HailoRT] [info] [internal_buffer_manager.cpp:204] [print_execution_results] Planned internal buffer memory: CMA memory 0, user memory 1576448. memory to edge layer usage factor is 0.34360003
[2026-10-05 09:54:19.997] [11603] [HailoRT] [info] [internal_buffer_manager.cpp:212] [print_execution_results] Default Internal buffer planner executed successfully
[2026-10-05 09:54:20.050] [11603] [HailoRT] [info] [device_internal.cpp:57] [configure] Configuring HEF took 58.64432 milliseconds
[2026-10-05 09:54:20.050] [11603] [HailoRT] [info] [vdevice.cpp:749] [configure] Configuring HEF on VDevice took 59.214504 milliseconds
[2026-10-05 09:54:20.050] [11603] [HailoRT] [info] [infer_model.cpp:436] [configure] Configuring network group 'base-whisper-encoder-5s' with params: batch size: 0, power mode: PERFORMANCE, latency: NONE
[2026-10-05 09:54:20.050] [11603] [HailoRT] [info] [multi_io_elements.cpp:756] [create] Created (AsyncHwEl)
[2026-10-05 09:54:20.052] [11603] [HailoRT] [info] [queue_elements.cpp:450] [create] Created (EntryPushQEl0base-whisper-encoder-5s/input_layer1 | timeout: 10s)
[2026-10-05 09:54:20.052] [11603] [HailoRT] [info] [filter_elements.cpp:101] [create] Created (PreInferEl1base-whisper-encoder-5s/input_layer1 | Quantization - src_type: FLOAT32, dst_type UINT8, limvals_min: -1.51241, limvals_max: 1.52432)
[2026-10-05 09:54:20.053] [11603] [HailoRT] [info] [queue_elements.cpp:450] [create] Created (PushQEl1base-whisper-encoder-5s/input_layer1 | timeout: 10s)
[2026-10-05 09:54:20.053] [11603] [HailoRT] [info] [queue_elements.cpp:450] [create] Created (PushQEl0AsyncHwEl | timeout: 10s)
[2026-10-05 09:54:20.053] [11603] [HailoRT] [info] [filter_elements.cpp:375] [create] Created (PostInferEl0AsyncHwEl | Quantization - src_type: UINT8, dst_type FLOAT32, limvals_min: -23.9557, limvals_max: 14.4638)
[2026-10-05 09:54:20.053] [11603] [HailoRT] [info] [edge_elements.cpp:187] [create] Created (LastAsyncEl0PostInferEl0AsyncHwEl)
[2026-10-05 09:54:20.053] [11603] [HailoRT] [info] [pipeline.cpp:891] [print_deep_description] EntryPushQEl0base-whisper-encoder-5s/input_layer1 | inputs: user | outputs: PreInferEl1base-whisper-encoder-5s/input_layer1(running in thread_id: 11614)
[2026-10-05 09:54:20.053] [11603] [HailoRT] [info] [pipeline.cpp:891] [print_deep_description] PreInferEl1base-whisper-encoder-5s/input_layer1 | inputs: EntryPushQEl0base-whisper-encoder-5s/input_layer1[0] | outputs: PushQEl1base-whisper-encoder-5s/input_layer1
[2026-10-05 09:54:20.053] [11603] [HailoRT] [info] [pipeline.cpp:891] [print_deep_description] PushQEl1base-whisper-encoder-5s/input_layer1 | inputs: PreInferEl1base-whisper-encoder-5s/input_layer1[0] | outputs: AsyncHwEl(running in thread_id: 11615)
[2026-10-05 09:54:20.053] [11603] [HailoRT] [info] [pipeline.cpp:891] [print_deep_description] AsyncHwEl | inputs: PushQEl1base-whisper-encoder-5s/input_layer1[0] | outputs: PushQEl0AsyncHwEl
[2026-10-05 09:54:20.053] [11603] [HailoRT] [info] [pipeline.cpp:891] [print_deep_description] PushQEl0AsyncHwEl | inputs: AsyncHwEl[0] | outputs: PostInferEl0AsyncHwEl(running in thread_id: 11616)
[2026-10-05 09:54:20.053] [11603] [HailoRT] [info] [pipeline.cpp:891] [print_deep_description] PostInferEl0AsyncHwEl | inputs: PushQEl0AsyncHwEl[0] | outputs: LastAsyncEl0PostInferEl0AsyncHwEl
[2026-10-05 09:54:20.053] [11603] [HailoRT] [info] [pipeline.cpp:891] [print_deep_description] LastAsyncEl0PostInferEl0AsyncHwEl | inputs: PostInferEl0AsyncHwEl[0] | outputs: user
[2026-10-05 09:54:20.056] [11603] [HailoRT] [info] [buffer_requirements.cpp:195] [find_initial_desc_page_size] Using non-default initial_desc_page_size of 64, due to a small transfer size (48)
[2026-10-05 09:54:20.057] [11603] [HailoRT] [info] [internal_buffer_manager.cpp:204] [print_execution_results] Planned internal buffer memory: CMA memory 0, user memory 1974272. memory to edge layer usage factor is 0.46450835
[2026-10-05 09:54:20.057] [11603] [HailoRT] [info] [internal_buffer_manager.cpp:212] [print_execution_results] Default Internal buffer planner executed successfully
[2026-10-05 09:54:20.087] [11603] [HailoRT] [info] [buffer_requirements.cpp:195] [find_initial_desc_page_size] Using non-default initial_desc_page_size of 64, due to a small transfer size (48)
[2026-10-05 09:54:20.167] [11603] [HailoRT] [info] [device_internal.cpp:57] [configure] Configuring HEF took 112.330138 milliseconds
[2026-10-05 09:54:20.167] [11603] [HailoRT] [info] [vdevice.cpp:749] [configure] Configuring HEF on VDevice took 112.87208 milliseconds
[2026-10-05 09:54:20.168] [11603] [HailoRT] [info] [infer_model.cpp:436] [configure] Configuring network group 'base-whisper-decoder-fixed-sequence' with params: batch size: 0, power mode: PERFORMANCE, latency: NONE
[2026-10-05 09:54:20.168] [11603] [HailoRT] [info] [multi_io_elements.cpp:756] [create] Created (AsyncHwEl)
[2026-10-05 09:54:20.170] [11603] [HailoRT] [info] [queue_elements.cpp:450] [create] Created (EntryPushQEl0base-whisper-decoder-fixed-sequence/input_layer2 | timeout: 10s)
[2026-10-05 09:54:20.170] [11603] [HailoRT] [info] [filter_elements.cpp:101] [create] Created (PreInferEl6base-whisper-decoder-fixed-sequence/input_layer2 | Quantization - src_type: FLOAT32, dst_type UINT8, limvals_min: -0.535231, limvals_max: 0.556641)
[2026-10-05 09:54:20.172] [11603] [HailoRT] [info] [queue_elements.cpp:450] [create] Created (PushQEl6base-whisper-decoder-fixed-sequence/input_layer2 | timeout: 10s)
[2026-10-05 09:54:20.173] [11603] [HailoRT] [info] [queue_elements.cpp:450] [create] Created (EntryPushQEl0base-whisper-decoder-fixed-sequence/input_layer1 | timeout: 10s)
[2026-10-05 09:54:20.173] [11603] [HailoRT] [info] [filter_elements.cpp:101] [create] Created (PreInferEl12base-whisper-decoder-fixed-sequence/input_layer1 | Quantization - src_type: FLOAT32, dst_type UINT8, limvals_min: -23.5596, limvals_max: 14.4638)
[2026-10-05 09:54:20.174] [11603] [HailoRT] [info] [queue_elements.cpp:450] [create] Created (PushQEl12base-whisper-decoder-fixed-sequence/input_layer1 | timeout: 10s)
[2026-10-05 09:54:20.175] [11603] [HailoRT] [info] [queue_elements.cpp:450] [create] Created (PushQEl0AsyncHwEl | timeout: 10s)
[2026-10-05 09:54:20.175] [11603] [HailoRT] [info] [filter_elements.cpp:375] [create] Created (PostInferEl0AsyncHwEl | Quantization - src_type: UINT8, dst_type FLOAT32, limvals_min: -23.8414, limvals_max: 72.6594)
[2026-10-05 09:54:20.175] [11603] [HailoRT] [info] [edge_elements.cpp:187] [create] Created (LastAsyncEl0PostInferEl0AsyncHwEl)
[2026-10-05 09:54:20.197] [11603] [HailoRT] [info] [queue_elements.cpp:450] [create] Created (PushQEl2AsyncHwEl | timeout: 10s)
[2026-10-05 09:54:20.197] [11603] [HailoRT] [info] [filter_elements.cpp:375] [create] Created (PostInferEl2AsyncHwEl | Quantization - src_type: UINT8, dst_type FLOAT32, limvals_min: -23.4195, limvals_max: 61.8944)
[2026-10-05 09:54:20.197] [11603] [HailoRT] [info] [edge_elements.cpp:187] [create] Created (LastAsyncEl0PostInferEl2AsyncHwEl)
[2026-10-05 09:54:20.197] [11603] [HailoRT] [info] [queue_elements.cpp:450] [create] Created (PushQEl1AsyncHwEl | timeout: 10s)
[2026-10-05 09:54:20.197] [11603] [HailoRT] [info] [filter_elements.cpp:375] [create] Created (PostInferEl1AsyncHwEl | Quantization - src_type: UINT8, dst_type FLOAT32, limvals_min: -23.5004, limvals_max: 59.7302)
[2026-10-05 09:54:20.197] [11603] [HailoRT] [info] [edge_elements.cpp:187] [create] Created (LastAsyncEl0PostInferEl1AsyncHwEl)
[2026-10-05 09:54:20.197] [11603] [HailoRT] [info] [queue_elements.cpp:450] [create] Created (PushQEl3AsyncHwEl | timeout: 10s)
[2026-10-05 09:54:20.197] [11603] [HailoRT] [info] [filter_elements.cpp:375] [create] Created (PostInferEl3AsyncHwEl | Quantization - src_type: UINT8, dst_type FLOAT32, limvals_min: -24.3587, limvals_max: 63.1267)
[2026-10-05 09:54:20.197] [11603] [HailoRT] [info] [edge_elements.cpp:187] [create] Created (LastAsyncEl0PostInferEl3AsyncHwEl)
[2026-10-05 09:54:20.197] [11603] [HailoRT] [info] [pipeline.cpp:891] [print_deep_description] EntryPushQEl0base-whisper-decoder-fixed-sequence/input_layer1 | inputs: user | outputs: PreInferEl12base-whisper-decoder-fixed-sequence/input_layer1(running in thread_id: 11619)
[2026-10-05 09:54:20.197] [11603] [HailoRT] [info] [pipeline.cpp:891] [print_deep_description] PreInferEl12base-whisper-decoder-fixed-sequence/input_layer1 | inputs: EntryPushQEl0base-whisper-decoder-fixed-sequence/input_layer1[0] | outputs: PushQEl12base-whisper-decoder-fixed-sequence/input_layer1
[2026-10-05 09:54:20.197] [11603] [HailoRT] [info] [pipeline.cpp:891] [print_deep_description] PushQEl12base-whisper-decoder-fixed-sequence/input_layer1 | inputs: PreInferEl12base-whisper-decoder-fixed-sequence/input_layer1[0] | outputs: AsyncHwEl(running in thread_id: 11620)
[2026-10-05 09:54:20.197] [11603] [HailoRT] [info] [pipeline.cpp:891] [print_deep_description] AsyncHwEl | inputs: PushQEl12base-whisper-decoder-fixed-sequence/input_layer1[0] PushQEl6base-whisper-decoder-fixed-sequence/input_layer2[1] | outputs: PushQEl0AsyncHwEl PushQEl1AsyncHwEl PushQEl2AsyncHwEl PushQEl3AsyncHwEl
[2026-10-05 09:54:20.197] [11603] [HailoRT] [info] [pipeline.cpp:891] [print_deep_description] PushQEl0AsyncHwEl | inputs: AsyncHwEl[0] | outputs: PostInferEl0AsyncHwEl(running in thread_id: 11621)
[2026-10-05 09:54:20.197] [11603] [HailoRT] [info] [pipeline.cpp:891] [print_deep_description] PostInferEl0AsyncHwEl | inputs: PushQEl0AsyncHwEl[0] | outputs: LastAsyncEl0PostInferEl0AsyncHwEl
[2026-10-05 09:54:20.197] [11603] [HailoRT] [info] [pipeline.cpp:891] [print_deep_description] LastAsyncEl0PostInferEl0AsyncHwEl | inputs: PostInferEl0AsyncHwEl[0] | outputs: user
[2026-10-05 09:54:20.197] [11603] [HailoRT] [info] [pipeline.cpp:891] [print_deep_description] PushQEl1AsyncHwEl | inputs: AsyncHwEl[0] | outputs: PostInferEl1AsyncHwEl(running in thread_id: 11623)
[2026-10-05 09:54:20.197] [11603] [HailoRT] [info] [pipeline.cpp:891] [print_deep_description] PostInferEl1AsyncHwEl | inputs: PushQEl1AsyncHwEl[0] | outputs: LastAsyncEl0PostInferEl1AsyncHwEl
[2026-10-05 09:54:20.198] [11603] [HailoRT] [info] [pipeline.cpp:891] [print_deep_description] LastAsyncEl0PostInferEl1AsyncHwEl | inputs: PostInferEl1AsyncHwEl[0] | outputs: user
[2026-10-05 09:54:20.198] [11603] [HailoRT] [info] [pipeline.cpp:891] [print_deep_description] PushQEl2AsyncHwEl | inputs: AsyncHwEl[0] | outputs: PostInferEl2AsyncHwEl(running in thread_id: 11622)
[2026-10-05 09:54:20.198] [11603] [HailoRT] [info] [pipeline.cpp:891] [print_deep_description] PostInferEl2AsyncHwEl | inputs: PushQEl2AsyncHwEl[0] | outputs: LastAsyncEl0PostInferEl2AsyncHwEl
[2026-10-05 09:54:20.198] [11603] [HailoRT] [info] [pipeline.cpp:891] [print_deep_description] LastAsyncEl0PostInferEl2AsyncHwEl | inputs: PostInferEl2AsyncHwEl[0] | outputs: user
[2026-10-05 09:54:20.198] [11603] [HailoRT] [info] [pipeline.cpp:891] [print_deep_description] PushQEl3AsyncHwEl | inputs: AsyncHwEl[0] | outputs: PostInferEl3AsyncHwEl(running in thread_id: 11624)
[2026-10-05 09:54:20.198] [11603] [HailoRT] [info] [pipeline.cpp:891] [print_deep_description] PostInferEl3AsyncHwEl | inputs: PushQEl3AsyncHwEl[0] | outputs: LastAsyncEl0PostInferEl3AsyncHwEl
[2026-10-05 09:54:20.198] [11603] [HailoRT] [info] [pipeline.cpp:891] [print_deep_description] LastAsyncEl0PostInferEl3AsyncHwEl | inputs: PostInferEl3AsyncHwEl[0] | outputs: user
[2026-10-05 09:54:20.198] [11603] [HailoRT] [info] [pipeline.cpp:891] [print_deep_description] EntryPushQEl0base-whisper-decoder-fixed-sequence/input_layer2 | inputs: user | outputs: PreInferEl6base-whisper-decoder-fixed-sequence/input_layer2(running in thread_id: 11617)
[2026-10-05 09:54:20.198] [11603] [HailoRT] [info] [pipeline.cpp:891] [print_deep_description] PreInferEl6base-whisper-decoder-fixed-sequence/input_layer2 | inputs: EntryPushQEl0base-whisper-decoder-fixed-sequence/input_layer2[0] | outputs: PushQEl6base-whisper-decoder-fixed-sequence/input_layer2
[2026-10-05 09:54:20.198] [11603] [HailoRT] [info] [pipeline.cpp:891] [print_deep_description] PushQEl6base-whisper-decoder-fixed-sequence/input_layer2 | inputs: PreInferEl6base-whisper-decoder-fixed-sequence/input_layer2[0] | outputs: AsyncHwEl(running in thread_id: 11618)
[2026-10-05 10:06:08.595] [11603] [HailoRT] [info] [async_infer_runner.cpp:86] [shutdown] Pipeline was aborted. Shutting it down
[2026-10-05 10:06:08.595] [11603] [HailoRT] [info] [async_infer_runner.cpp:86] [shutdown] Pipeline was aborted. Shutting it down
[2026-10-05 10:06:08.595] [11603] [HailoRT] [info] [queue_elements.cpp:570] [execute_deactivate] enqueue() in element PushQEl0AsyncHwEl was aborted, got status = HAILO_SHUTDOWN_EVENT_SIGNALED(57)
[2026-10-05 10:06:08.595] [11603] [HailoRT] [info] [queue_elements.cpp:570] [execute_deactivate] enqueue() in element PushQEl1AsyncHwEl was aborted, got status = HAILO_SHUTDOWN_EVENT_SIGNALED(57)
[2026-10-05 10:06:08.595] [11603] [HailoRT] [info] [queue_elements.cpp:570] [execute_deactivate] enqueue() in element PushQEl2AsyncHwEl was aborted, got status = HAILO_SHUTDOWN_EVENT_SIGNALED(57)
[2026-10-05 10:06:08.595] [11603] [HailoRT] [info] [queue_elements.cpp:570] [execute_deactivate] enqueue() in element PushQEl3AsyncHwEl was aborted, got status = HAILO_SHUTDOWN_EVENT_SIGNALED(57)
[2026-10-05 10:06:08.595] [11603] [HailoRT] [info] [queue_elements.cpp:570] [execute_deactivate] enqueue() in element PushQEl12base-whisper-decoder-fixed-sequence/input_layer1 was aborted, got status = HAILO_SHUTDOWN_EVENT_SIGNALED(57)
[2026-10-05 10:06:08.595] [11603] [HailoRT] [info] [queue_elements.cpp:570] [execute_deactivate] enqueue() in element EntryPushQEl0base-whisper-decoder-fixed-sequence/input_layer1 was aborted, got status = HAILO_SHUTDOWN_EVENT_SIGNALED(57)
[2026-10-05 10:06:08.595] [11603] [HailoRT] [info] [queue_elements.cpp:570] [execute_deactivate] enqueue() in element PushQEl0AsyncHwEl was aborted, got status = HAILO_SHUTDOWN_EVENT_SIGNALED(57)
[2026-10-05 10:06:08.595] [11603] [HailoRT] [info] [queue_elements.cpp:570] [execute_deactivate] enqueue() in element PushQEl1AsyncHwEl was aborted, got status = HAILO_SHUTDOWN_EVENT_SIGNALED(57)
[2026-10-05 10:06:08.595] [11603] [HailoRT] [info] [queue_elements.cpp:570] [execute_deactivate] enqueue() in element PushQEl2AsyncHwEl was aborted, got status = HAILO_SHUTDOWN_EVENT_SIGNALED(57)
[2026-10-05 10:06:08.595] [11603] [HailoRT] [info] [queue_elements.cpp:570] [execute_deactivate] enqueue() in element PushQEl3AsyncHwEl was aborted, got status = HAILO_SHUTDOWN_EVENT_SIGNALED(57)
[2026-10-05 10:06:08.595] [11603] [HailoRT] [info] [queue_elements.cpp:570] [execute_deactivate] enqueue() in element PushQEl6base-whisper-decoder-fixed-sequence/input_layer2 was aborted, got status = HAILO_SHUTDOWN_EVENT_SIGNALED(57)
[2026-10-05 10:06:08.595] [11603] [HailoRT] [info] [queue_elements.cpp:570] [execute_deactivate] enqueue() in element EntryPushQEl0base-whisper-decoder-fixed-sequence/input_layer2 was aborted, got status = HAILO_SHUTDOWN_EVENT_SIGNALED(57)
[2026-10-05 10:06:08.595] [11603] [HailoRT] [info] [queue_elements.cpp:46] [~BaseQueueElement] Queue element EntryPushQEl0base-whisper-decoder-fixed-sequence/input_layer2 has 0 frames in his Queue on destruction
[2026-10-05 10:06:08.595] [11603] [HailoRT] [info] [queue_elements.cpp:46] [~BaseQueueElement] Queue element PushQEl6base-whisper-decoder-fixed-sequence/input_layer2 has 0 frames in his Queue on destruction
[2026-10-05 10:06:08.595] [11603] [HailoRT] [info] [queue_elements.cpp:46] [~BaseQueueElement] Queue element EntryPushQEl0base-whisper-decoder-fixed-sequence/input_layer1 has 0 frames in his Queue on destruction
[2026-10-05 10:06:08.596] [11603] [HailoRT] [info] [queue_elements.cpp:46] [~BaseQueueElement] Queue element PushQEl12base-whisper-decoder-fixed-sequence/input_layer1 has 0 frames in his Queue on destruction
[2026-10-05 10:06:08.596] [11603] [HailoRT] [info] [queue_elements.cpp:46] [~BaseQueueElement] Queue element PushQEl0AsyncHwEl has 0 frames in his Queue on destruction
[2026-10-05 10:06:08.596] [11603] [HailoRT] [info] [queue_elements.cpp:46] [~BaseQueueElement] Queue element PushQEl2AsyncHwEl has 0 frames in his Queue on destruction
[2026-10-05 10:06:08.596] [11603] [HailoRT] [info] [queue_elements.cpp:46] [~BaseQueueElement] Queue element PushQEl1AsyncHwEl has 0 frames in his Queue on destruction
[2026-10-05 10:06:08.596] [11603] [HailoRT] [info] [queue_elements.cpp:46] [~BaseQueueElement] Queue element PushQEl3AsyncHwEl has 0 frames in his Queue on destruction
[2026-10-05 10:06:08.596] [11603] [HailoRT] [info] [async_infer_runner.cpp:86] [shutdown] Pipeline was aborted. Shutting it down
[2026-10-05 10:06:08.597] [11603] [HailoRT] [info] [async_infer_runner.cpp:86] [shutdown] Pipeline was aborted. Shutting it down
[2026-10-05 10:06:08.599] [11603] [HailoRT] [info] [queue_elements.cpp:570] [execute_deactivate] enqueue() in element PushQEl0AsyncHwEl was aborted, got status = HAILO_SHUTDOWN_EVENT_SIGNALED(57)
[2026-10-05 10:06:08.599] [11603] [HailoRT] [info] [queue_elements.cpp:570] [execute_deactivate] enqueue() in element PushQEl1base-whisper-encoder-5s/input_layer1 was aborted, got status = HAILO_SHUTDOWN_EVENT_SIGNALED(57)
[2026-10-05 10:06:08.599] [11603] [HailoRT] [info] [queue_elements.cpp:570] [execute_deactivate] enqueue() in element EntryPushQEl0base-whisper-encoder-5s/input_layer1 was aborted, got status = HAILO_SHUTDOWN_EVENT_SIGNALED(57)
[2026-10-05 10:06:08.599] [11603] [HailoRT] [info] [queue_elements.cpp:46] [~BaseQueueElement] Queue element EntryPushQEl0base-whisper-encoder-5s/input_layer1 has 0 frames in his Queue on destruction
[2026-10-05 10:06:08.599] [11603] [HailoRT] [info] [queue_elements.cpp:46] [~BaseQueueElement] Queue element PushQEl1base-whisper-encoder-5s/input_layer1 has 0 frames in his Queue on destruction
[2026-10-05 10:06:08.600] [11603] [HailoRT] [info] [queue_elements.cpp:46] [~BaseQueueElement] Queue element PushQEl0AsyncHwEl has 0 frames in his Queue on destruction
[2026-10-05 10:09:37.600] [12865] [HailoRT] [info] [hef.cpp:1929] [get_network_group_and_network_name] No name was given. Addressing all networks of default network_group: base-whisper-encoder-5s
[2026-10-05 10:09:37.600] [12865] [HailoRT] [info] [hef.cpp:1929] [get_network_group_and_network_name] No name was given. Addressing all networks of default network_group: base-whisper-decoder-fixed-sequence
[2026-10-05 10:09:37.618] [12865] [HailoRT] [info] [vdevice.cpp:523] [create] Creating vdevice with params: device_count: 1, scheduling_algorithm: ROUND_ROBIN, multi_process_service: false
[2026-10-05 10:09:37.631] [12865] [HailoRT] [info] [device.cpp:49] [Device] OS Version: Linux 6.12.34+rpt-rpi-2712 #1 SMP PREEMPT Debian 1:6.12.34-1+rpt1~bookworm (2025-06-26) aarch64
[2026-10-05 10:09:37.634] [12865] [HailoRT] [info] [control.cpp:108] [control__parse_identify_results] firmware_version is: 4.20.0
[2026-10-05 10:09:37.634] [12865] [HailoRT] [info] [vdevice.cpp:651] [create] VDevice Infos: 0001:01:00.0
[2026-10-05 10:09:37.697] [12865] [HailoRT] [info] [hef.cpp:1929] [get_network_group_and_network_name] No name was given. Addressing all networks of default network_group: base-whisper-encoder-5s
[2026-10-05 10:09:37.697] [12865] [HailoRT] [info] [hef.cpp:1929] [get_network_group_and_network_name] No name was given. Addressing all networks of default network_group: base-whisper-encoder-5s
[2026-10-05 10:09:37.820] [12865] [HailoRT] [info] [hef.cpp:1929] [get_network_group_and_network_name] No name was given. Addressing all networks of default network_group: base-whisper-decoder-fixed-sequence
[2026-10-05 10:09:37.820] [12865] [HailoRT] [info] [hef.cpp:1929] [get_network_group_and_network_name] No name was given. Addressing all networks of default network_group: base-whisper-decoder-fixed-sequence
[2026-10-05 10:09:37.826] [12865] [HailoRT] [info] [internal_buffer_manager.cpp:204] [print_execution_results] Planned internal buffer memory: CMA memory 0, user memory 1576448. memory to edge layer usage factor is 0.34360003
[2026-10-05 10:09:37.826] [12865] [HailoRT] [info] [internal_buffer_manager.cpp:212] [print_execution_results] Default Internal buffer planner executed successfully
[2026-10-05 10:09:37.945] [12865] [HailoRT] [info] [device_internal.cpp:57] [configure] Configuring HEF took 124.157852 milliseconds
[2026-10-05 10:09:37.945] [12865] [HailoRT] [info] [vdevice.cpp:749] [configure] Configuring HEF on VDevice took 124.420797 milliseconds
[2026-10-05 10:09:37.945] [12865] [HailoRT] [info] [infer_model.cpp:436] [configure] Configuring network group 'base-whisper-encoder-5s' with params: batch size: 0, power mode: PERFORMANCE, latency: NONE
[2026-10-05 10:09:37.945] [12865] [HailoRT] [info] [multi_io_elements.cpp:756] [create] Created (AsyncHwEl)
[2026-10-05 10:09:37.948] [12865] [HailoRT] [info] [queue_elements.cpp:450] [create] Created (EntryPushQEl0base-whisper-encoder-5s/input_layer1 | timeout: 10s)
[2026-10-05 10:09:37.948] [12865] [HailoRT] [info] [filter_elements.cpp:101] [create] Created (PreInferEl1base-whisper-encoder-5s/input_layer1 | Quantization - src_type: FLOAT32, dst_type UINT8, limvals_min: -1.51241, limvals_max: 1.52432)
[2026-10-05 10:09:37.949] [12865] [HailoRT] [info] [queue_elements.cpp:450] [create] Created (PushQEl1base-whisper-encoder-5s/input_layer1 | timeout: 10s)
[2026-10-05 10:09:37.950] [12865] [HailoRT] [info] [queue_elements.cpp:450] [create] Created (PushQEl0AsyncHwEl | timeout: 10s)
[2026-10-05 10:09:37.950] [12865] [HailoRT] [info] [filter_elements.cpp:375] [create] Created (PostInferEl0AsyncHwEl | Quantization - src_type: UINT8, dst_type FLOAT32, limvals_min: -23.9557, limvals_max: 14.4638)
[2026-10-05 10:09:37.950] [12865] [HailoRT] [info] [edge_elements.cpp:187] [create] Created (LastAsyncEl0PostInferEl0AsyncHwEl)
[2026-10-05 10:09:37.950] [12865] [HailoRT] [info] [pipeline.cpp:891] [print_deep_description] EntryPushQEl0base-whisper-encoder-5s/input_layer1 | inputs: user | outputs: PreInferEl1base-whisper-encoder-5s/input_layer1(running in thread_id: 12875)
[2026-10-05 10:09:37.951] [12865] [HailoRT] [info] [pipeline.cpp:891] [print_deep_description] PreInferEl1base-whisper-encoder-5s/input_layer1 | inputs: EntryPushQEl0base-whisper-encoder-5s/input_layer1[0] | outputs: PushQEl1base-whisper-encoder-5s/input_layer1
[2026-10-05 10:09:37.951] [12865] [HailoRT] [info] [pipeline.cpp:891] [print_deep_description] PushQEl1base-whisper-encoder-5s/input_layer1 | inputs: PreInferEl1base-whisper-encoder-5s/input_layer1[0] | outputs: AsyncHwEl(running in thread_id: 12876)
[2026-10-05 10:09:37.951] [12865] [HailoRT] [info] [pipeline.cpp:891] [print_deep_description] AsyncHwEl | inputs: PushQEl1base-whisper-encoder-5s/input_layer1[0] | outputs: PushQEl0AsyncHwEl
[2026-10-05 10:09:37.951] [12865] [HailoRT] [info] [pipeline.cpp:891] [print_deep_description] PushQEl0AsyncHwEl | inputs: AsyncHwEl[0] | outputs: PostInferEl0AsyncHwEl(running in thread_id: 12877)
[2026-10-05 10:09:37.951] [12865] [HailoRT] [info] [pipeline.cpp:891] [print_deep_description] PostInferEl0AsyncHwEl | inputs: PushQEl0AsyncHwEl[0] | outputs: LastAsyncEl0PostInferEl0AsyncHwEl
[2026-10-05 10:09:37.951] [12865] [HailoRT] [info] [pipeline.cpp:891] [print_deep_description] LastAsyncEl0PostInferEl0AsyncHwEl | inputs: PostInferEl0AsyncHwEl[0] | outputs: user
[2026-10-05 10:09:37.954] [12865] [HailoRT] [info] [buffer_requirements.cpp:195] [find_initial_desc_page_size] Using non-default initial_desc_page_size of 64, due to a small transfer size (48)
[2026-10-05 10:09:37.955] [12865] [HailoRT] [info] [internal_buffer_manager.cpp:204] [print_execution_results] Planned internal buffer memory: CMA memory 0, user memory 1974272. memory to edge layer usage factor is 0.46450835
[2026-10-05 10:09:37.955] [12865] [HailoRT] [info] [internal_buffer_manager.cpp:212] [print_execution_results] Default Internal buffer planner executed successfully
[2026-10-05 10:09:38.006] [12865] [HailoRT] [info] [buffer_requirements.cpp:195] [find_initial_desc_page_size] Using non-default initial_desc_page_size of 64, due to a small transfer size (48)
[2026-10-05 10:09:38.095] [12865] [HailoRT] [info] [device_internal.cpp:57] [configure] Configuring HEF took 142.123694 milliseconds
[2026-10-05 10:09:38.095] [12865] [HailoRT] [info] [vdevice.cpp:749] [configure] Configuring HEF on VDevice took 142.431545 milliseconds
[2026-10-05 10:09:38.095] [12865] [HailoRT] [info] [infer_model.cpp:436] [configure] Configuring network group 'base-whisper-decoder-fixed-sequence' with params: batch size: 0, power mode: PERFORMANCE, latency: NONE
[2026-10-05 10:09:38.095] [12865] [HailoRT] [info] [multi_io_elements.cpp:756] [create] Created (AsyncHwEl)
[2026-10-05 10:09:38.095] [12865] [HailoRT] [info] [queue_elements.cpp:450] [create] Created (EntryPushQEl0base-whisper-decoder-fixed-sequence/input_layer2 | timeout: 10s)
[2026-10-05 10:09:38.095] [12865] [HailoRT] [info] [filter_elements.cpp:101] [create] Created (PreInferEl6base-whisper-decoder-fixed-sequence/input_layer2 | Quantization - src_type: FLOAT32, dst_type UINT8, limvals_min: -0.535231, limvals_max: 0.556641)
[2026-10-05 10:09:38.095] [12865] [HailoRT] [info] [queue_elements.cpp:450] [create] Created (PushQEl6base-whisper-decoder-fixed-sequence/input_layer2 | timeout: 10s)
[2026-10-05 10:09:38.095] [12865] [HailoRT] [info] [queue_elements.cpp:450] [create] Created (EntryPushQEl0base-whisper-decoder-fixed-sequence/input_layer1 | timeout: 10s)
[2026-10-05 10:09:38.095] [12865] [HailoRT] [info] [filter_elements.cpp:101] [create] Created (PreInferEl12base-whisper-decoder-fixed-sequence/input_layer1 | Quantization - src_type: FLOAT32, dst_type UINT8, limvals_min: -23.5596, limvals_max: 14.4638)
[2026-10-05 10:09:38.096] [12865] [HailoRT] [info] [queue_elements.cpp:450] [create] Created (PushQEl12base-whisper-decoder-fixed-sequence/input_layer1 | timeout: 10s)
[2026-10-05 10:09:38.096] [12865] [HailoRT] [info] [queue_elements.cpp:450] [create] Created (PushQEl0AsyncHwEl | timeout: 10s)
[2026-10-05 10:09:38.096] [12865] [HailoRT] [info] [filter_elements.cpp:375] [create] Created (PostInferEl0AsyncHwEl | Quantization - src_type: UINT8, dst_type FLOAT32, limvals_min: -23.8414, limvals_max: 72.6594)
[2026-10-05 10:09:38.096] [12865] [HailoRT] [info] [edge_elements.cpp:187] [create] Created (LastAsyncEl0PostInferEl0AsyncHwEl)
[2026-10-05 10:09:38.113] [12865] [HailoRT] [info] [queue_elements.cpp:450] [create] Created (PushQEl2AsyncHwEl | timeout: 10s)
[2026-10-05 10:09:38.113] [12865] [HailoRT] [info] [filter_elements.cpp:375] [create] Created (PostInferEl2AsyncHwEl | Quantization - src_type: UINT8, dst_type FLOAT32, limvals_min: -23.4195, limvals_max: 61.8944)
[2026-10-05 10:09:38.113] [12865] [HailoRT] [info] [edge_elements.cpp:187] [create] Created (LastAsyncEl0PostInferEl2AsyncHwEl)
[2026-10-05 10:09:38.113] [12865] [HailoRT] [info] [queue_elements.cpp:450] [create] Created (PushQEl1AsyncHwEl | timeout: 10s)
[2026-10-05 10:09:38.113] [12865] [HailoRT] [info] [filter_elements.cpp:375] [create] Created (PostInferEl1AsyncHwEl | Quantization - src_type: UINT8, dst_type FLOAT32, limvals_min: -23.5004, limvals_max: 59.7302)
[2026-10-05 10:09:38.113] [12865] [HailoRT] [info] [edge_elements.cpp:187] [create] Created (LastAsyncEl0PostInferEl1AsyncHwEl)
[2026-10-05 10:09:38.113] [12865] [HailoRT] [info] [queue_elements.cpp:450] [create] Created (PushQEl3AsyncHwEl | timeout: 10s)
[2026-10-05 10:09:38.114] [12865] [HailoRT] [info] [filter_elements.cpp:375] [create] Created (PostInferEl3AsyncHwEl | Quantization - src_type: UINT8, dst_type FLOAT32, limvals_min: -24.3587, limvals_max: 63.1267)
[2026-10-05 10:09:38.114] [12865] [HailoRT] [info] [edge_elements.cpp:187] [create] Created (LastAsyncEl0PostInferEl3AsyncHwEl)
[2026-10-05 10:09:38.114] [12865] [HailoRT] [info] [pipeline.cpp:891] [print_deep_description] EntryPushQEl0base-whisper-decoder-fixed-sequence/input_layer1 | inputs: user | outputs: PreInferEl12base-whisper-decoder-fixed-sequence/input_layer1(running in thread_id: 12880)
[2026-10-05 10:09:38.114] [12865] [HailoRT] [info] [pipeline.cpp:891] [print_deep_description] PreInferEl12base-whisper-decoder-fixed-sequence/input_layer1 | inputs: EntryPushQEl0base-whisper-decoder-fixed-sequence/input_layer1[0] | outputs: PushQEl12base-whisper-decoder-fixed-sequence/input_layer1
[2026-10-05 10:09:38.114] [12865] [HailoRT] [info] [pipeline.cpp:891] [print_deep_description] PushQEl12base-whisper-decoder-fixed-sequence/input_layer1 | inputs: PreInferEl12base-whisper-decoder-fixed-sequence/input_layer1[0] | outputs: AsyncHwEl(running in thread_id: 12881)
[2026-10-05 10:09:38.114] [12865] [HailoRT] [info] [pipeline.cpp:891] [print_deep_description] AsyncHwEl | inputs: PushQEl12base-whisper-decoder-fixed-sequence/input_layer1[0] PushQEl6base-whisper-decoder-fixed-sequence/input_layer2[1] | outputs: PushQEl0AsyncHwEl PushQEl1AsyncHwEl PushQEl2AsyncHwEl PushQEl3AsyncHwEl
[2026-10-05 10:09:38.114] [12865] [HailoRT] [info] [pipeline.cpp:891] [print_deep_description] PushQEl0AsyncHwEl | inputs: AsyncHwEl[0] | outputs: PostInferEl0AsyncHwEl(running in thread_id: 12882)
[2026-10-05 10:09:38.114] [12865] [HailoRT] [info] [pipeline.cpp:891] [print_deep_description] PostInferEl0AsyncHwEl | inputs: PushQEl0AsyncHwEl[0] | outputs: LastAsyncEl0PostInferEl0AsyncHwEl
[2026-10-05 10:09:38.114] [12865] [HailoRT] [info] [pipeline.cpp:891] [print_deep_description] LastAsyncEl0PostInferEl0AsyncHwEl | inputs: PostInferEl0AsyncHwEl[0] | outputs: user
[2026-10-05 10:09:38.114] [12865] [HailoRT] [info] [pipeline.cpp:891] [print_deep_description] PushQEl1AsyncHwEl | inputs: AsyncHwEl[0] | outputs: PostInferEl1AsyncHwEl(running in thread_id: 12884)
[2026-10-05 10:09:38.114] [12865] [HailoRT] [info] [pipeline.cpp:891] [print_deep_description] PostInferEl1AsyncHwEl | inputs: PushQEl1AsyncHwEl[0] | outputs: LastAsyncEl0PostInferEl1AsyncHwEl
[2026-10-05 10:09:38.114] [12865] [HailoRT] [info] [pipeline.cpp:891] [print_deep_description] LastAsyncEl0PostInferEl1AsyncHwEl | inputs: PostInferEl1AsyncHwEl[0] | outputs: user
[2026-10-05 10:09:38.114] [12865] [HailoRT] [info] [pipeline.cpp:891] [print_deep_description] PushQEl2AsyncHwEl | inputs: AsyncHwEl[0] | outputs: PostInferEl2AsyncHwEl(running in thread_id: 12883)
[2026-10-05 10:09:38.114] [12865] [HailoRT] [info] [pipeline.cpp:891] [print_deep_description] PostInferEl2AsyncHwEl | inputs: PushQEl2AsyncHwEl[0] | outputs: LastAsyncEl0PostInferEl2AsyncHwEl
[2026-10-05 10:09:38.114] [12865] [HailoRT] [info] [pipeline.cpp:891] [print_deep_description] LastAsyncEl0PostInferEl2AsyncHwEl | inputs: PostInferEl2AsyncHwEl[0] | outputs: user
[2026-10-05 10:09:38.114] [12865] [HailoRT] [info] [pipeline.cpp:891] [print_deep_description] PushQEl3AsyncHwEl | inputs: AsyncHwEl[0] | outputs: PostInferEl3AsyncHwEl(running in thread_id: 12885)
[2026-10-05 10:09:38.114] [12865] [HailoRT] [info] [pipeline.cpp:891] [print_deep_description] PostInferEl3AsyncHwEl | inputs: PushQEl3AsyncHwEl[0] | outputs: LastAsyncEl0PostInferEl3AsyncHwEl
[2026-10-05 10:09:38.114] [12865] [HailoRT] [info] [pipeline.cpp:891] [print_deep_description] LastAsyncEl0PostInferEl3AsyncHwEl | inputs: PostInferEl3AsyncHwEl[0] | outputs: user
[2026-10-05 10:09:38.114] [12865] [HailoRT] [info] [pipeline.cpp:891] [print_deep_description] EntryPushQEl0base-whisper-decoder-fixed-sequence/input_layer2 | inputs: user | outputs: PreInferEl6base-whisper-decoder-fixed-sequence/input_layer2(running in thread_id: 12878)
[2026-10-05 10:09:38.114] [12865] [HailoRT] [info] [pipeline.cpp:891] [print_deep_description] PreInferEl6base-whisper-decoder-fixed-sequence/input_layer2 | inputs: EntryPushQEl0base-whisper-decoder-fixed-sequence/input_layer2[0] | outputs: PushQEl6base-whisper-decoder-fixed-sequence/input_layer2
[2026-10-05 10:09:38.114] [12865] [HailoRT] [info] [pipeline.cpp:891] [print_deep_description] PushQEl6base-whisper-decoder-fixed-sequence/input_layer2 | inputs: PreInferEl6base-whisper-decoder-fixed-sequence/input_layer2[0] | outputs: AsyncHwEl(running in thread_id: 12879)
[2026-10-05 10:16:21.113] [2825] [HailoRT] [info] [hef.cpp:1929] [get_network_group_and_network_name] No name was given. Addressing all networks of default network_group: base-whisper-encoder-5s
[2026-10-05 10:16:21.113] [2825] [HailoRT] [info] [hef.cpp:1929] [get_network_group_and_network_name] No name was given. Addressing all networks of default network_group: base-whisper-decoder-fixed-sequence
[2026-10-05 10:16:21.128] [2825] [HailoRT] [info] [vdevice.cpp:523] [create] Creating vdevice with params: device_count: 1, scheduling_algorithm: ROUND_ROBIN, multi_process_service: false
[2026-10-05 10:16:21.149] [2825] [HailoRT] [info] [device.cpp:49] [Device] OS Version: Linux 6.12.34+rpt-rpi-2712 #1 SMP PREEMPT Debian 1:6.12.34-1+rpt1~bookworm (2025-06-26) aarch64
[2026-10-05 10:16:21.151] [2825] [HailoRT] [info] [control.cpp:108] [control__parse_identify_results] firmware_version is: 4.20.0
[2026-10-05 10:16:21.151] [2825] [HailoRT] [info] [vdevice.cpp:651] [create] VDevice Infos: 0001:01:00.0
[2026-10-05 10:16:21.206] [2825] [HailoRT] [info] [hef.cpp:1929] [get_network_group_and_network_name] No name was given. Addressing all networks of default network_group: base-whisper-encoder-5s
[2026-10-05 10:16:21.206] [2825] [HailoRT] [info] [hef.cpp:1929] [get_network_group_and_network_name] No name was given. Addressing all networks of default network_group: base-whisper-encoder-5s
[2026-10-05 10:16:21.300] [2825] [HailoRT] [info] [hef.cpp:1929] [get_network_group_and_network_name] No name was given. Addressing all networks of default network_group: base-whisper-decoder-fixed-sequence
[2026-10-05 10:16:21.300] [2825] [HailoRT] [info] [hef.cpp:1929] [get_network_group_and_network_name] No name was given. Addressing all networks of default network_group: base-whisper-decoder-fixed-sequence
[2026-10-05 10:16:21.311] [2825] [HailoRT] [info] [internal_buffer_manager.cpp:204] [print_execution_results] Planned internal buffer memory: CMA memory 0, user memory 1576448. memory to edge layer usage factor is 0.34360003
[2026-10-05 10:16:21.311] [2825] [HailoRT] [info] [internal_buffer_manager.cpp:212] [print_execution_results] Default Internal buffer planner executed successfully
[2026-10-05 10:16:21.377] [2825] [HailoRT] [info] [device_internal.cpp:57] [configure] Configuring HEF took 76.789111 milliseconds
[2026-10-05 10:16:21.378] [2825] [HailoRT] [info] [vdevice.cpp:749] [configure] Configuring HEF on VDevice took 77.511148 milliseconds
[2026-10-05 10:16:21.378] [2825] [HailoRT] [info] [infer_model.cpp:436] [configure] Configuring network group 'base-whisper-encoder-5s' with params: batch size: 0, power mode: PERFORMANCE, latency: NONE
[2026-10-05 10:16:21.380] [2825] [HailoRT] [info] [multi_io_elements.cpp:756] [create] Created (AsyncHwEl)
[2026-10-05 10:16:21.381] [2825] [HailoRT] [info] [queue_elements.cpp:450] [create] Created (EntryPushQEl0base-whisper-encoder-5s/input_layer1 | timeout: 10s)
[2026-10-05 10:16:21.381] [2825] [HailoRT] [info] [filter_elements.cpp:101] [create] Created (PreInferEl1base-whisper-encoder-5s/input_layer1 | Quantization - src_type: FLOAT32, dst_type UINT8, limvals_min: -1.51241, limvals_max: 1.52432)
[2026-10-05 10:16:21.381] [2825] [HailoRT] [info] [queue_elements.cpp:450] [create] Created (PushQEl1base-whisper-encoder-5s/input_layer1 | timeout: 10s)
[2026-10-05 10:16:21.381] [2825] [HailoRT] [info] [queue_elements.cpp:450] [create] Created (PushQEl0AsyncHwEl | timeout: 10s)
[2026-10-05 10:16:21.381] [2825] [HailoRT] [info] [filter_elements.cpp:375] [create] Created (PostInferEl0AsyncHwEl | Quantization - src_type: UINT8, dst_type FLOAT32, limvals_min: -23.9557, limvals_max: 14.4638)
[2026-10-05 10:16:21.381] [2825] [HailoRT] [info] [edge_elements.cpp:187] [create] Created (LastAsyncEl0PostInferEl0AsyncHwEl)
[2026-10-05 10:16:21.381] [2825] [HailoRT] [info] [pipeline.cpp:891] [print_deep_description] EntryPushQEl0base-whisper-encoder-5s/input_layer1 | inputs: user | outputs: PreInferEl1base-whisper-encoder-5s/input_layer1(running in thread_id: 2902)
[2026-10-05 10:16:21.383] [2825] [HailoRT] [info] [pipeline.cpp:891] [print_deep_description] PreInferEl1base-whisper-encoder-5s/input_layer1 | inputs: EntryPushQEl0base-whisper-encoder-5s/input_layer1[0] | outputs: PushQEl1base-whisper-encoder-5s/input_layer1
[2026-10-05 10:16:21.384] [2825] [HailoRT] [info] [pipeline.cpp:891] [print_deep_description] PushQEl1base-whisper-encoder-5s/input_layer1 | inputs: PreInferEl1base-whisper-encoder-5s/input_layer1[0] | outputs: AsyncHwEl(running in thread_id: 2903)
[2026-10-05 10:16:21.384] [2825] [HailoRT] [info] [pipeline.cpp:891] [print_deep_description] AsyncHwEl | inputs: PushQEl1base-whisper-encoder-5s/input_layer1[0] | outputs: PushQEl0AsyncHwEl
[2026-10-05 10:16:21.384] [2825] [HailoRT] [info] [pipeline.cpp:891] [print_deep_description] PushQEl0AsyncHwEl | inputs: AsyncHwEl[0] | outputs: PostInferEl0AsyncHwEl(running in thread_id: 2904)
[2026-10-05 10:16:21.384] [2825] [HailoRT] [info] [pipeline.cpp:891] [print_deep_description] PostInferEl0AsyncHwEl | inputs: PushQEl0AsyncHwEl[0] | outputs: LastAsyncEl0PostInferEl0AsyncHwEl
[2026-10-05 10:16:21.384] [2825] [HailoRT] [info] [pipeline.cpp:891] [print_deep_description] LastAsyncEl0PostInferEl0AsyncHwEl | inputs: PostInferEl0AsyncHwEl[0] | outputs: user
[2026-10-05 10:16:21.387] [2825] [HailoRT] [info] [buffer_requirements.cpp:195] [find_initial_desc_page_size] Using non-default initial_desc_page_size of 64, due to a small transfer size (48)
[2026-10-05 10:16:21.388] [2825] [HailoRT] [info] [internal_buffer_manager.cpp:204] [print_execution_results] Planned internal buffer memory: CMA memory 0, user memory 1974272. memory to edge layer usage factor is 0.46450835
[2026-10-05 10:16:21.388] [2825] [HailoRT] [info] [internal_buffer_manager.cpp:212] [print_execution_results] Default Internal buffer planner executed successfully
[2026-10-05 10:16:21.422] [2825] [HailoRT] [info] [buffer_requirements.cpp:195] [find_initial_desc_page_size] Using non-default initial_desc_page_size of 64, due to a small transfer size (48)
[2026-10-05 10:16:21.492] [2825] [HailoRT] [info] [device_internal.cpp:57] [configure] Configuring HEF took 106.468463 milliseconds
[2026-10-05 10:16:21.492] [2825] [HailoRT] [info] [vdevice.cpp:749] [configure] Configuring HEF on VDevice took 106.775407 milliseconds
[2026-10-05 10:16:21.492] [2825] [HailoRT] [info] [infer_model.cpp:436] [configure] Configuring network group 'base-whisper-decoder-fixed-sequence' with params: batch size: 0, power mode: PERFORMANCE, latency: NONE
[2026-10-05 10:16:21.492] [2825] [HailoRT] [info] [multi_io_elements.cpp:756] [create] Created (AsyncHwEl)
[2026-10-05 10:16:21.492] [2825] [HailoRT] [info] [queue_elements.cpp:450] [create] Created (EntryPushQEl0base-whisper-decoder-fixed-sequence/input_layer2 | timeout: 10s)
[2026-10-05 10:16:21.492] [2825] [HailoRT] [info] [filter_elements.cpp:101] [create] Created (PreInferEl6base-whisper-decoder-fixed-sequence/input_layer2 | Quantization - src_type: FLOAT32, dst_type UINT8, limvals_min: -0.535231, limvals_max: 0.556641)
[2026-10-05 10:16:21.492] [2825] [HailoRT] [info] [queue_elements.cpp:450] [create] Created (PushQEl6base-whisper-decoder-fixed-sequence/input_layer2 | timeout: 10s)
[2026-10-05 10:16:21.493] [2825] [HailoRT] [info] [queue_elements.cpp:450] [create] Created (EntryPushQEl0base-whisper-decoder-fixed-sequence/input_layer1 | timeout: 10s)
[2026-10-05 10:16:21.493] [2825] [HailoRT] [info] [filter_elements.cpp:101] [create] Created (PreInferEl12base-whisper-decoder-fixed-sequence/input_layer1 | Quantization - src_type: FLOAT32, dst_type UINT8, limvals_min: -23.5596, limvals_max: 14.4638)
[2026-10-05 10:16:21.493] [2825] [HailoRT] [info] [queue_elements.cpp:450] [create] Created (PushQEl12base-whisper-decoder-fixed-sequence/input_layer1 | timeout: 10s)
[2026-10-05 10:16:21.493] [2825] [HailoRT] [info] [queue_elements.cpp:450] [create] Created (PushQEl0AsyncHwEl | timeout: 10s)
[2026-10-05 10:16:21.493] [2825] [HailoRT] [info] [filter_elements.cpp:375] [create] Created (PostInferEl0AsyncHwEl | Quantization - src_type: UINT8, dst_type FLOAT32, limvals_min: -23.8414, limvals_max: 72.6594)
[2026-10-05 10:16:21.493] [2825] [HailoRT] [info] [edge_elements.cpp:187] [create] Created (LastAsyncEl0PostInferEl0AsyncHwEl)
[2026-10-05 10:16:21.519] [2825] [HailoRT] [info] [queue_elements.cpp:450] [create] Created (PushQEl2AsyncHwEl | timeout: 10s)
[2026-10-05 10:16:21.519] [2825] [HailoRT] [info] [filter_elements.cpp:375] [create] Created (PostInferEl2AsyncHwEl | Quantization - src_type: UINT8, dst_type FLOAT32, limvals_min: -23.4195, limvals_max: 61.8944)
[2026-10-05 10:16:21.519] [2825] [HailoRT] [info] [edge_elements.cpp:187] [create] Created (LastAsyncEl0PostInferEl2AsyncHwEl)
[2026-10-05 10:16:21.520] [2825] [HailoRT] [info] [queue_elements.cpp:450] [create] Created (PushQEl1AsyncHwEl | timeout: 10s)
[2026-10-05 10:16:21.520] [2825] [HailoRT] [info] [filter_elements.cpp:375] [create] Created (PostInferEl1AsyncHwEl | Quantization - src_type: UINT8, dst_type FLOAT32, limvals_min: -23.5004, limvals_max: 59.7302)
[2026-10-05 10:16:21.520] [2825] [HailoRT] [info] [edge_elements.cpp:187] [create] Created (LastAsyncEl0PostInferEl1AsyncHwEl)
[2026-10-05 10:16:21.520] [2825] [HailoRT] [info] [queue_elements.cpp:450] [create] Created (PushQEl3AsyncHwEl | timeout: 10s)
[2026-10-05 10:16:21.520] [2825] [HailoRT] [info] [filter_elements.cpp:375] [create] Created (PostInferEl3AsyncHwEl | Quantization - src_type: UINT8, dst_type FLOAT32, limvals_min: -24.3587, limvals_max: 63.1267)
[2026-10-05 10:16:21.520] [2825] [HailoRT] [info] [edge_elements.cpp:187] [create] Created (LastAsyncEl0PostInferEl3AsyncHwEl)
[2026-10-05 10:16:21.520] [2825] [HailoRT] [info] [pipeline.cpp:891] [print_deep_description] EntryPushQEl0base-whisper-decoder-fixed-sequence/input_layer1 | inputs: user | outputs: PreInferEl12base-whisper-decoder-fixed-sequence/input_layer1(running in thread_id: 2907)
[2026-10-05 10:16:21.520] [2825] [HailoRT] [info] [pipeline.cpp:891] [print_deep_description] PreInferEl12base-whisper-decoder-fixed-sequence/input_layer1 | inputs: EntryPushQEl0base-whisper-decoder-fixed-sequence/input_layer1[0] | outputs: PushQEl12base-whisper-decoder-fixed-sequence/input_layer1
[2026-10-05 10:16:21.520] [2825] [HailoRT] [info] [pipeline.cpp:891] [print_deep_description] PushQEl12base-whisper-decoder-fixed-sequence/input_layer1 | inputs: PreInferEl12base-whisper-decoder-fixed-sequence/input_layer1[0] | outputs: AsyncHwEl(running in thread_id: 2908)
[2026-10-05 10:16:21.520] [2825] [HailoRT] [info] [pipeline.cpp:891] [print_deep_description] AsyncHwEl | inputs: PushQEl12base-whisper-decoder-fixed-sequence/input_layer1[0] PushQEl6base-whisper-decoder-fixed-sequence/input_layer2[1] | outputs: PushQEl0AsyncHwEl PushQEl1AsyncHwEl PushQEl2AsyncHwEl PushQEl3AsyncHwEl
[2026-10-05 10:16:21.520] [2825] [HailoRT] [info] [pipeline.cpp:891] [print_deep_description] PushQEl0AsyncHwEl | inputs: AsyncHwEl[0] | outputs: PostInferEl0AsyncHwEl(running in thread_id: 2909)
[2026-10-05 10:16:21.520] [2825] [HailoRT] [info] [pipeline.cpp:891] [print_deep_description] PostInferEl0AsyncHwEl | inputs: PushQEl0AsyncHwEl[0] | outputs: LastAsyncEl0PostInferEl0AsyncHwEl
[2026-10-05 10:16:21.520] [2825] [HailoRT] [info] [pipeline.cpp:891] [print_deep_description] LastAsyncEl0PostInferEl0AsyncHwEl | inputs: PostInferEl0AsyncHwEl[0] | outputs: user
[2026-10-05 10:16:21.520] [2825] [HailoRT] [info] [pipeline.cpp:891] [print_deep_description] PushQEl1AsyncHwEl | inputs: AsyncHwEl[0] | outputs: PostInferEl1AsyncHwEl(running in thread_id: 2911)
[2026-10-05 10:16:21.520] [2825] [HailoRT] [info] [pipeline.cpp:891] [print_deep_description] PostInferEl1AsyncHwEl | inputs: PushQEl1AsyncHwEl[0] | outputs: LastAsyncEl0PostInferEl1AsyncHwEl
[2026-10-05 10:16:21.520] [2825] [HailoRT] [info] [pipeline.cpp:891] [print_deep_description] LastAsyncEl0PostInferEl1AsyncHwEl | inputs: PostInferEl1AsyncHwEl[0] | outputs: user
[2026-10-05 10:16:21.520] [2825] [HailoRT] [info] [pipeline.cpp:891] [print_deep_description] PushQEl2AsyncHwEl | inputs: AsyncHwEl[0] | outputs: PostInferEl2AsyncHwEl(running in thread_id: 2910)
[2026-10-05 10:16:21.520] [2825] [HailoRT] [info] [pipeline.cpp:891] [print_deep_description] PostInferEl2AsyncHwEl | inputs: PushQEl2AsyncHwEl[0] | outputs: LastAsyncEl0PostInferEl2AsyncHwEl
[2026-10-05 10:16:21.520] [2825] [HailoRT] [info] [pipeline.cpp:891] [print_deep_description] LastAsyncEl0PostInferEl2AsyncHwEl | inputs: PostInferEl2AsyncHwEl[0] | outputs: user
[2026-10-05 10:16:21.520] [2825] [HailoRT] [info] [pipeline.cpp:891] [print_deep_description] PushQEl3AsyncHwEl | inputs: AsyncHwEl[0] | outputs: PostInferEl3AsyncHwEl(running in thread_id: 2912)
[2026-10-05 10:16:21.520] [2825] [HailoRT] [info] [pipeline.cpp:891] [print_deep_description] PostInferEl3AsyncHwEl | inputs: PushQEl3AsyncHwEl[0] | outputs: LastAsyncEl0PostInferEl3AsyncHwEl
[2026-10-05 10:16:21.520] [2825] [HailoRT] [info] [pipeline.cpp:891] [print_deep_description] LastAsyncEl0PostInferEl3AsyncHwEl | inputs: PostInferEl3AsyncHwEl[0] | outputs: user
[2026-10-05 10:16:21.520] [2825] [HailoRT] [info] [pipeline.cpp:891] [print_deep_description] EntryPushQEl0base-whisper-decoder-fixed-sequence/input_layer2 | inputs: user | outputs: PreInferEl6base-whisper-decoder-fixed-sequence/input_layer2(running in thread_id: 2905)
[2026-10-05 10:16:21.520] [2825] [HailoRT] [info] [pipeline.cpp:891] [print_deep_description] PreInferEl6base-whisper-decoder-fixed-sequence/input_layer2 | inputs: EntryPushQEl0base-whisper-decoder-fixed-sequence/input_layer2[0] | outputs: PushQEl6base-whisper-decoder-fixed-sequence/input_layer2
[2026-10-05 10:16:21.520] [2825] [HailoRT] [info] [pipeline.cpp:891] [print_deep_description] PushQEl6base-whisper-decoder-fixed-sequence/input_layer2 | inputs: PreInferEl6base-whisper-decoder-fixed-sequence/input_layer2[0] | outputs: AsyncHwEl(running in thread_id: 2906)
[2026-10-05 10:19:22.534] [2825] [HailoRT] [info] [async_infer_runner.cpp:86] [shutdown] Pipeline was aborted. Shutting it down
[2026-10-05 10:19:22.534] [2825] [HailoRT] [info] [async_infer_runner.cpp:86] [shutdown] Pipeline was aborted. Shutting it down
[2026-10-05 10:19:22.534] [2825] [HailoRT] [info] [queue_elements.cpp:570] [execute_deactivate] enqueue() in element PushQEl0AsyncHwEl was aborted, got status = HAILO_SHUTDOWN_EVENT_SIGNALED(57)
[2026-10-05 10:19:22.534] [2825] [HailoRT] [info] [queue_elements.cpp:570] [execute_deactivate] enqueue() in element PushQEl1AsyncHwEl was aborted, got status = HAILO_SHUTDOWN_EVENT_SIGNALED(57)
[2026-10-05 10:19:22.534] [2825] [HailoRT] [info] [queue_elements.cpp:570] [execute_deactivate] enqueue() in element PushQEl2AsyncHwEl was aborted, got status = HAILO_SHUTDOWN_EVENT_SIGNALED(57)
[2026-10-05 10:19:22.534] [2825] [HailoRT] [info] [queue_elements.cpp:570] [execute_deactivate] enqueue() in element PushQEl3AsyncHwEl was aborted, got status = HAILO_SHUTDOWN_EVENT_SIGNALED(57)
[2026-10-05 10:19:22.534] [2825] [HailoRT] [info] [queue_elements.cpp:570] [execute_deactivate] enqueue() in element PushQEl12base-whisper-decoder-fixed-sequence/input_layer1 was aborted, got status = HAILO_SHUTDOWN_EVENT_SIGNALED(57)
[2026-10-05 10:19:22.534] [2825] [HailoRT] [info] [queue_elements.cpp:570] [execute_deactivate] enqueue() in element EntryPushQEl0base-whisper-decoder-fixed-sequence/input_layer1 was aborted, got status = HAILO_SHUTDOWN_EVENT_SIGNALED(57)
[2026-10-05 10:19:22.534] [2825] [HailoRT] [info] [queue_elements.cpp:570] [execute_deactivate] enqueue() in element PushQEl0AsyncHwEl was aborted, got status = HAILO_SHUTDOWN_EVENT_SIGNALED(57)
[2026-10-05 10:19:22.534] [2825] [HailoRT] [info] [queue_elements.cpp:570] [execute_deactivate] enqueue() in element PushQEl1AsyncHwEl was aborted, got status = HAILO_SHUTDOWN_EVENT_SIGNALED(57)
[2026-10-05 10:19:22.534] [2825] [HailoRT] [info] [queue_elements.cpp:570] [execute_deactivate] enqueue() in element PushQEl2AsyncHwEl was aborted, got status = HAILO_SHUTDOWN_EVENT_SIGNALED(57)
[2026-10-05 10:19:22.534] [2825] [HailoRT] [info] [queue_elements.cpp:570] [execute_deactivate] enqueue() in element PushQEl3AsyncHwEl was aborted, got status = HAILO_SHUTDOWN_EVENT_SIGNALED(57)
[2026-10-05 10:19:22.534] [2825] [HailoRT] [info] [queue_elements.cpp:570] [execute_deactivate] enqueue() in element PushQEl6base-whisper-decoder-fixed-sequence/input_layer2 was aborted, got status = HAILO_SHUTDOWN_EVENT_SIGNALED(57)
[2026-10-05 10:19:22.534] [2825] [HailoRT] [info] [queue_elements.cpp:570] [execute_deactivate] enqueue() in element EntryPushQEl0base-whisper-decoder-fixed-sequence/input_layer2 was aborted, got status = HAILO_SHUTDOWN_EVENT_SIGNALED(57)
[2026-10-05 10:19:22.534] [2825] [HailoRT] [info] [queue_elements.cpp:46] [~BaseQueueElement] Queue element EntryPushQEl0base-whisper-decoder-fixed-sequence/input_layer2 has 0 frames in his Queue on destruction
[2026-10-05 10:19:22.534] [2825] [HailoRT] [info] [queue_elements.cpp:46] [~BaseQueueElement] Queue element PushQEl6base-whisper-decoder-fixed-sequence/input_layer2 has 0 frames in his Queue on destruction
[2026-10-05 10:19:22.534] [2825] [HailoRT] [info] [queue_elements.cpp:46] [~BaseQueueElement] Queue element EntryPushQEl0base-whisper-decoder-fixed-sequence/input_layer1 has 0 frames in his Queue on destruction
[2026-10-05 10:19:22.534] [2825] [HailoRT] [info] [queue_elements.cpp:46] [~BaseQueueElement] Queue element PushQEl12base-whisper-decoder-fixed-sequence/input_layer1 has 0 frames in his Queue on destruction
[2026-10-05 10:19:22.534] [2825] [HailoRT] [info] [queue_elements.cpp:46] [~BaseQueueElement] Queue element PushQEl0AsyncHwEl has 0 frames in his Queue on destruction
[2026-10-05 10:19:22.535] [2825] [HailoRT] [info] [queue_elements.cpp:46] [~BaseQueueElement] Queue element PushQEl2AsyncHwEl has 0 frames in his Queue on destruction
[2026-10-05 10:19:22.535] [2825] [HailoRT] [info] [queue_elements.cpp:46] [~BaseQueueElement] Queue element PushQEl1AsyncHwEl has 0 frames in his Queue on destruction
[2026-10-05 10:19:22.535] [2825] [HailoRT] [info] [queue_elements.cpp:46] [~BaseQueueElement] Queue element PushQEl3AsyncHwEl has 0 frames in his Queue on destruction
[2026-10-05 10:19:22.535] [2825] [HailoRT] [info] [async_infer_runner.cpp:86] [shutdown] Pipeline was aborted. Shutting it down
[2026-10-05 10:19:22.535] [2825] [HailoRT] [info] [async_infer_runner.cpp:86] [shutdown] Pipeline was aborted. Shutting it down
[2026-10-05 10:19:22.535] [2825] [HailoRT] [info] [queue_elements.cpp:570] [execute_deactivate] enqueue() in element PushQEl0AsyncHwEl was aborted, got status = HAILO_SHUTDOWN_EVENT_SIGNALED(57)
[2026-10-05 10:19:22.535] [2825] [HailoRT] [info] [queue_elements.cpp:570] [execute_deactivate] enqueue() in element PushQEl1base-whisper-encoder-5s/input_layer1 was aborted, got status = HAILO_SHUTDOWN_EVENT_SIGNALED(57)
[2026-10-05 10:19:22.535] [2825] [HailoRT] [info] [queue_elements.cpp:570] [execute_deactivate] enqueue() in element EntryPushQEl0base-whisper-encoder-5s/input_layer1 was aborted, got status = HAILO_SHUTDOWN_EVENT_SIGNALED(57)
[2026-10-05 10:19:22.535] [2825] [HailoRT] [info] [queue_elements.cpp:46] [~BaseQueueElement] Queue element EntryPushQEl0base-whisper-encoder-5s/input_layer1 has 0 frames in his Queue on destruction
[2026-10-05 10:19:22.535] [2825] [HailoRT] [info] [queue_elements.cpp:46] [~BaseQueueElement] Queue element PushQEl1base-whisper-encoder-5s/input_layer1 has 0 frames in his Queue on destruction
[2026-10-05 10:19:22.535] [2825] [HailoRT] [info] [queue_elements.cpp:46] [~BaseQueueElement] Queue element PushQEl0AsyncHwEl has 0 frames in his Queue on destruction
[2026-10-05 10:19:25.479] [2929] [HailoRT] [info] [hef.cpp:1929] [get_network_group_and_network_name] No name was given. Addressing all networks of default network_group: base-whisper-encoder-5s
[2026-10-05 10:19:25.479] [2929] [HailoRT] [info] [hef.cpp:1929] [get_network_group_and_network_name] No name was given. Addressing all networks of default network_group: base-whisper-decoder-fixed-sequence
[2026-10-05 10:19:25.498] [2929] [HailoRT] [info] [vdevice.cpp:523] [create] Creating vdevice with params: device_count: 1, scheduling_algorithm: ROUND_ROBIN, multi_process_service: false
[2026-10-05 10:19:25.510] [2929] [HailoRT] [info] [device.cpp:49] [Device] OS Version: Linux 6.12.34+rpt-rpi-2712 #1 SMP PREEMPT Debian 1:6.12.34-1+rpt1~bookworm (2025-06-26) aarch64
[2026-10-05 10:19:25.512] [2929] [HailoRT] [info] [control.cpp:108] [control__parse_identify_results] firmware_version is: 4.20.0
[2026-10-05 10:19:25.512] [2929] [HailoRT] [info] [vdevice.cpp:651] [create] VDevice Infos: 0001:01:00.0
[2026-10-05 10:19:25.580] [2929] [HailoRT] [info] [hef.cpp:1929] [get_network_group_and_network_name] No name was given. Addressing all networks of default network_group: base-whisper-encoder-5s
[2026-10-05 10:19:25.580] [2929] [HailoRT] [info] [hef.cpp:1929] [get_network_group_and_network_name] No name was given. Addressing all networks of default network_group: base-whisper-encoder-5s
[2026-10-05 10:19:25.685] [2929] [HailoRT] [info] [hef.cpp:1929] [get_network_group_and_network_name] No name was given. Addressing all networks of default network_group: base-whisper-decoder-fixed-sequence
[2026-10-05 10:19:25.686] [2929] [HailoRT] [info] [hef.cpp:1929] [get_network_group_and_network_name] No name was given. Addressing all networks of default network_group: base-whisper-decoder-fixed-sequence
[2026-10-05 10:19:25.692] [2929] [HailoRT] [info] [internal_buffer_manager.cpp:204] [print_execution_results] Planned internal buffer memory: CMA memory 0, user memory 1576448. memory to edge layer usage factor is 0.34360003
[2026-10-05 10:19:25.692] [2929] [HailoRT] [info] [internal_buffer_manager.cpp:212] [print_execution_results] Default Internal buffer planner executed successfully
[2026-10-05 10:19:25.745] [2929] [HailoRT] [info] [device_internal.cpp:57] [configure] Configuring HEF took 59.126556 milliseconds
[2026-10-05 10:19:25.745] [2929] [HailoRT] [info] [vdevice.cpp:749] [configure] Configuring HEF on VDevice took 59.53663 milliseconds
[2026-10-05 10:19:25.745] [2929] [HailoRT] [info] [infer_model.cpp:436] [configure] Configuring network group 'base-whisper-encoder-5s' with params: batch size: 0, power mode: PERFORMANCE, latency: NONE
[2026-10-05 10:19:25.745] [2929] [HailoRT] [info] [multi_io_elements.cpp:756] [create] Created (AsyncHwEl)
[2026-10-05 10:19:25.746] [2929] [HailoRT] [info] [queue_elements.cpp:450] [create] Created (EntryPushQEl0base-whisper-encoder-5s/input_layer1 | timeout: 10s)
[2026-10-05 10:19:25.746] [2929] [HailoRT] [info] [filter_elements.cpp:101] [create] Created (PreInferEl1base-whisper-encoder-5s/input_layer1 | Quantization - src_type: FLOAT32, dst_type UINT8, limvals_min: -1.51241, limvals_max: 1.52432)
[2026-10-05 10:19:25.746] [2929] [HailoRT] [info] [queue_elements.cpp:450] [create] Created (PushQEl1base-whisper-encoder-5s/input_layer1 | timeout: 10s)
[2026-10-05 10:19:25.748] [2929] [HailoRT] [info] [queue_elements.cpp:450] [create] Created (PushQEl0AsyncHwEl | timeout: 10s)
[2026-10-05 10:19:25.748] [2929] [HailoRT] [info] [filter_elements.cpp:375] [create] Created (PostInferEl0AsyncHwEl | Quantization - src_type: UINT8, dst_type FLOAT32, limvals_min: -23.9557, limvals_max: 14.4638)
[2026-10-05 10:19:25.748] [2929] [HailoRT] [info] [edge_elements.cpp:187] [create] Created (LastAsyncEl0PostInferEl0AsyncHwEl)
[2026-10-05 10:19:25.748] [2929] [HailoRT] [info] [pipeline.cpp:891] [print_deep_description] EntryPushQEl0base-whisper-encoder-5s/input_layer1 | inputs: user | outputs: PreInferEl1base-whisper-encoder-5s/input_layer1(running in thread_id: 2939)
[2026-10-05 10:19:25.748] [2929] [HailoRT] [info] [pipeline.cpp:891] [print_deep_description] PreInferEl1base-whisper-encoder-5s/input_layer1 | inputs: EntryPushQEl0base-whisper-encoder-5s/input_layer1[0] | outputs: PushQEl1base-whisper-encoder-5s/input_layer1
[2026-10-05 10:19:25.748] [2929] [HailoRT] [info] [pipeline.cpp:891] [print_deep_description] PushQEl1base-whisper-encoder-5s/input_layer1 | inputs: PreInferEl1base-whisper-encoder-5s/input_layer1[0] | outputs: AsyncHwEl(running in thread_id: 2940)
[2026-10-05 10:19:25.748] [2929] [HailoRT] [info] [pipeline.cpp:891] [print_deep_description] AsyncHwEl | inputs: PushQEl1base-whisper-encoder-5s/input_layer1[0] | outputs: PushQEl0AsyncHwEl
[2026-10-05 10:19:25.748] [2929] [HailoRT] [info] [pipeline.cpp:891] [print_deep_description] PushQEl0AsyncHwEl | inputs: AsyncHwEl[0] | outputs: PostInferEl0AsyncHwEl(running in thread_id: 2941)
[2026-10-05 10:19:25.748] [2929] [HailoRT] [info] [pipeline.cpp:891] [print_deep_description] PostInferEl0AsyncHwEl | inputs: PushQEl0AsyncHwEl[0] | outputs: LastAsyncEl0PostInferEl0AsyncHwEl
[2026-10-05 10:19:25.748] [2929] [HailoRT] [info] [pipeline.cpp:891] [print_deep_description] LastAsyncEl0PostInferEl0AsyncHwEl | inputs: PostInferEl0AsyncHwEl[0] | outputs: user
[2026-10-05 10:19:25.755] [2929] [HailoRT] [info] [buffer_requirements.cpp:195] [find_initial_desc_page_size] Using non-default initial_desc_page_size of 64, due to a small transfer size (48)
[2026-10-05 10:19:25.756] [2929] [HailoRT] [info] [internal_buffer_manager.cpp:204] [print_execution_results] Planned internal buffer memory: CMA memory 0, user memory 1974272. memory to edge layer usage factor is 0.46450835
[2026-10-05 10:19:25.756] [2929] [HailoRT] [info] [internal_buffer_manager.cpp:212] [print_execution_results] Default Internal buffer planner executed successfully
[2026-10-05 10:19:25.787] [2929] [HailoRT] [info] [buffer_requirements.cpp:195] [find_initial_desc_page_size] Using non-default initial_desc_page_size of 64, due to a small transfer size (48)
[2026-10-05 10:19:25.880] [2929] [HailoRT] [info] [device_internal.cpp:57] [configure] Configuring HEF took 127.441019 milliseconds
[2026-10-05 10:19:25.880] [2929] [HailoRT] [info] [vdevice.cpp:749] [configure] Configuring HEF on VDevice took 129.540186 milliseconds
[2026-10-05 10:19:25.880] [2929] [HailoRT] [info] [infer_model.cpp:436] [configure] Configuring network group 'base-whisper-decoder-fixed-sequence' with params: batch size: 0, power mode: PERFORMANCE, latency: NONE
[2026-10-05 10:19:25.880] [2929] [HailoRT] [info] [multi_io_elements.cpp:756] [create] Created (AsyncHwEl)
[2026-10-05 10:19:25.880] [2929] [HailoRT] [info] [queue_elements.cpp:450] [create] Created (EntryPushQEl0base-whisper-decoder-fixed-sequence/input_layer2 | timeout: 10s)
[2026-10-05 10:19:25.880] [2929] [HailoRT] [info] [filter_elements.cpp:101] [create] Created (PreInferEl6base-whisper-decoder-fixed-sequence/input_layer2 | Quantization - src_type: FLOAT32, dst_type UINT8, limvals_min: -0.535231, limvals_max: 0.556641)
[2026-10-05 10:19:25.880] [2929] [HailoRT] [info] [queue_elements.cpp:450] [create] Created (PushQEl6base-whisper-decoder-fixed-sequence/input_layer2 | timeout: 10s)
[2026-10-05 10:19:25.881] [2929] [HailoRT] [info] [queue_elements.cpp:450] [create] Created (EntryPushQEl0base-whisper-decoder-fixed-sequence/input_layer1 | timeout: 10s)
[2026-10-05 10:19:25.881] [2929] [HailoRT] [info] [filter_elements.cpp:101] [create] Created (PreInferEl12base-whisper-decoder-fixed-sequence/input_layer1 | Quantization - src_type: FLOAT32, dst_type UINT8, limvals_min: -23.5596, limvals_max: 14.4638)
[2026-10-05 10:19:25.881] [2929] [HailoRT] [info] [queue_elements.cpp:450] [create] Created (PushQEl12base-whisper-decoder-fixed-sequence/input_layer1 | timeout: 10s)
[2026-10-05 10:19:25.881] [2929] [HailoRT] [info] [queue_elements.cpp:450] [create] Created (PushQEl0AsyncHwEl | timeout: 10s)
[2026-10-05 10:19:25.881] [2929] [HailoRT] [info] [filter_elements.cpp:375] [create] Created (PostInferEl0AsyncHwEl | Quantization - src_type: UINT8, dst_type FLOAT32, limvals_min: -23.8414, limvals_max: 72.6594)
[2026-10-05 10:19:25.881] [2929] [HailoRT] [info] [edge_elements.cpp:187] [create] Created (LastAsyncEl0PostInferEl0AsyncHwEl)
[2026-10-05 10:19:25.903] [2929] [HailoRT] [info] [queue_elements.cpp:450] [create] Created (PushQEl2AsyncHwEl | timeout: 10s)
[2026-10-05 10:19:25.903] [2929] [HailoRT] [info] [filter_elements.cpp:375] [create] Created (PostInferEl2AsyncHwEl | Quantization - src_type: UINT8, dst_type FLOAT32, limvals_min: -23.4195, limvals_max: 61.8944)
[2026-10-05 10:19:25.903] [2929] [HailoRT] [info] [edge_elements.cpp:187] [create] Created (LastAsyncEl0PostInferEl2AsyncHwEl)
[2026-10-05 10:19:25.903] [2929] [HailoRT] [info] [queue_elements.cpp:450] [create] Created (PushQEl1AsyncHwEl | timeout: 10s)
[2026-10-05 10:19:25.903] [2929] [HailoRT] [info] [filter_elements.cpp:375] [create] Created (PostInferEl1AsyncHwEl | Quantization - src_type: UINT8, dst_type FLOAT32, limvals_min: -23.5004, limvals_max: 59.7302)
[2026-10-05 10:19:25.903] [2929] [HailoRT] [info] [edge_elements.cpp:187] [create] Created (LastAsyncEl0PostInferEl1AsyncHwEl)
[2026-10-05 10:19:25.904] [2929] [HailoRT] [info] [queue_elements.cpp:450] [create] Created (PushQEl3AsyncHwEl | timeout: 10s)
[2026-10-05 10:19:25.904] [2929] [HailoRT] [info] [filter_elements.cpp:375] [create] Created (PostInferEl3AsyncHwEl | Quantization - src_type: UINT8, dst_type FLOAT32, limvals_min: -24.3587, limvals_max: 63.1267)
[2026-10-05 10:19:25.904] [2929] [HailoRT] [info] [edge_elements.cpp:187] [create] Created (LastAsyncEl0PostInferEl3AsyncHwEl)
[2026-10-05 10:19:25.904] [2929] [HailoRT] [info] [pipeline.cpp:891] [print_deep_description] EntryPushQEl0base-whisper-decoder-fixed-sequence/input_layer1 | inputs: user | outputs: PreInferEl12base-whisper-decoder-fixed-sequence/input_layer1(running in thread_id: 2944)
[2026-10-05 10:19:25.904] [2929] [HailoRT] [info] [pipeline.cpp:891] [print_deep_description] PreInferEl12base-whisper-decoder-fixed-sequence/input_layer1 | inputs: EntryPushQEl0base-whisper-decoder-fixed-sequence/input_layer1[0] | outputs: PushQEl12base-whisper-decoder-fixed-sequence/input_layer1
[2026-10-05 10:19:25.904] [2929] [HailoRT] [info] [pipeline.cpp:891] [print_deep_description] PushQEl12base-whisper-decoder-fixed-sequence/input_layer1 | inputs: PreInferEl12base-whisper-decoder-fixed-sequence/input_layer1[0] | outputs: AsyncHwEl(running in thread_id: 2945)
[2026-10-05 10:19:25.904] [2929] [HailoRT] [info] [pipeline.cpp:891] [print_deep_description] AsyncHwEl | inputs: PushQEl12base-whisper-decoder-fixed-sequence/input_layer1[0] PushQEl6base-whisper-decoder-fixed-sequence/input_layer2[1] | outputs: PushQEl0AsyncHwEl PushQEl1AsyncHwEl PushQEl2AsyncHwEl PushQEl3AsyncHwEl
[2026-10-05 10:19:25.904] [2929] [HailoRT] [info] [pipeline.cpp:891] [print_deep_description] PushQEl0AsyncHwEl | inputs: AsyncHwEl[0] | outputs: PostInferEl0AsyncHwEl(running in thread_id: 2946)
[2026-10-05 10:19:25.904] [2929] [HailoRT] [info] [pipeline.cpp:891] [print_deep_description] PostInferEl0AsyncHwEl | inputs: PushQEl0AsyncHwEl[0] | outputs: LastAsyncEl0PostInferEl0AsyncHwEl
[2026-10-05 10:19:25.904] [2929] [HailoRT] [info] [pipeline.cpp:891] [print_deep_description] LastAsyncEl0PostInferEl0AsyncHwEl | inputs: PostInferEl0AsyncHwEl[0] | outputs: user
[2026-10-05 10:19:25.904] [2929] [HailoRT] [info] [pipeline.cpp:891] [print_deep_description] PushQEl1AsyncHwEl | inputs: AsyncHwEl[0] | outputs: PostInferEl1AsyncHwEl(running in thread_id: 2948)
[2026-10-05 10:19:25.904] [2929] [HailoRT] [info] [pipeline.cpp:891] [print_deep_description] PostInferEl1AsyncHwEl | inputs: PushQEl1AsyncHwEl[0] | outputs: LastAsyncEl0PostInferEl1AsyncHwEl
[2026-10-05 10:19:25.904] [2929] [HailoRT] [info] [pipeline.cpp:891] [print_deep_description] LastAsyncEl0PostInferEl1AsyncHwEl | inputs: PostInferEl1AsyncHwEl[0] | outputs: user
[2026-10-05 10:19:25.904] [2929] [HailoRT] [info] [pipeline.cpp:891] [print_deep_description] PushQEl2AsyncHwEl | inputs: AsyncHwEl[0] | outputs: PostInferEl2AsyncHwEl(running in thread_id: 2947)
[2026-10-05 10:19:25.904] [2929] [HailoRT] [info] [pipeline.cpp:891] [print_deep_description] PostInferEl2AsyncHwEl | inputs: PushQEl2AsyncHwEl[0] | outputs: LastAsyncEl0PostInferEl2AsyncHwEl
[2026-10-05 10:19:25.904] [2929] [HailoRT] [info] [pipeline.cpp:891] [print_deep_description] LastAsyncEl0PostInferEl2AsyncHwEl | inputs: PostInferEl2AsyncHwEl[0] | outputs: user
[2026-10-05 10:19:25.904] [2929] [HailoRT] [info] [pipeline.cpp:891] [print_deep_description] PushQEl3AsyncHwEl | inputs: AsyncHwEl[0] | outputs: PostInferEl3AsyncHwEl(running in thread_id: 2949)
[2026-10-05 10:19:25.904] [2929] [HailoRT] [info] [pipeline.cpp:891] [print_deep_description] PostInferEl3AsyncHwEl | inputs: PushQEl3AsyncHwEl[0] | outputs: LastAsyncEl0PostInferEl3AsyncHwEl
[2026-10-05 10:19:25.904] [2929] [HailoRT] [info] [pipeline.cpp:891] [print_deep_description] LastAsyncEl0PostInferEl3AsyncHwEl | inputs: PostInferEl3AsyncHwEl[0] | outputs: user
[2026-10-05 10:19:25.904] [2929] [HailoRT] [info] [pipeline.cpp:891] [print_deep_description] EntryPushQEl0base-whisper-decoder-fixed-sequence/input_layer2 | inputs: user | outputs: PreInferEl6base-whisper-decoder-fixed-sequence/input_layer2(running in thread_id: 2942)
[2026-10-05 10:19:25.904] [2929] [HailoRT] [info] [pipeline.cpp:891] [print_deep_description] PreInferEl6base-whisper-decoder-fixed-sequence/input_layer2 | inputs: EntryPushQEl0base-whisper-decoder-fixed-sequence/input_layer2[0] | outputs: PushQEl6base-whisper-decoder-fixed-sequence/input_layer2
[2026-10-05 10:19:25.904] [2929] [HailoRT] [info] [pipeline.cpp:891] [print_deep_description] PushQEl6base-whisper-decoder-fixed-sequence/input_layer2 | inputs: PreInferEl6base-whisper-decoder-fixed-sequence/input_layer2[0] | outputs: AsyncHwEl(running in thread_id: 2943)
[2026-10-05 10:23:14.361] [2929] [HailoRT] [info] [async_infer_runner.cpp:86] [shutdown] Pipeline was aborted. Shutting it down
[2026-10-05 10:23:14.366] [2929] [HailoRT] [info] [async_infer_runner.cpp:86] [shutdown] Pipeline was aborted. Shutting it down
[2026-10-05 10:23:14.366] [2929] [HailoRT] [info] [queue_elements.cpp:570] [execute_deactivate] enqueue() in element PushQEl0AsyncHwEl was aborted, got status = HAILO_SHUTDOWN_EVENT_SIGNALED(57)
[2026-10-05 10:23:14.366] [2929] [HailoRT] [info] [queue_elements.cpp:570] [execute_deactivate] enqueue() in element PushQEl1AsyncHwEl was aborted, got status = HAILO_SHUTDOWN_EVENT_SIGNALED(57)
[2026-10-05 10:23:14.366] [2929] [HailoRT] [info] [queue_elements.cpp:570] [execute_deactivate] enqueue() in element PushQEl2AsyncHwEl was aborted, got status = HAILO_SHUTDOWN_EVENT_SIGNALED(57)
[2026-10-05 10:23:14.366] [2929] [HailoRT] [info] [queue_elements.cpp:570] [execute_deactivate] enqueue() in element PushQEl3AsyncHwEl was aborted, got status = HAILO_SHUTDOWN_EVENT_SIGNALED(57)
[2026-10-05 10:23:14.366] [2929] [HailoRT] [info] [queue_elements.cpp:570] [execute_deactivate] enqueue() in element PushQEl12base-whisper-decoder-fixed-sequence/input_layer1 was aborted, got status = HAILO_SHUTDOWN_EVENT_SIGNALED(57)
[2026-10-05 10:23:14.366] [2929] [HailoRT] [info] [queue_elements.cpp:570] [execute_deactivate] enqueue() in element EntryPushQEl0base-whisper-decoder-fixed-sequence/input_layer1 was aborted, got status = HAILO_SHUTDOWN_EVENT_SIGNALED(57)
[2026-10-05 10:23:14.366] [2929] [HailoRT] [info] [queue_elements.cpp:570] [execute_deactivate] enqueue() in element PushQEl0AsyncHwEl was aborted, got status = HAILO_SHUTDOWN_EVENT_SIGNALED(57)
[2026-10-05 10:23:14.366] [2929] [HailoRT] [info] [queue_elements.cpp:570] [execute_deactivate] enqueue() in element PushQEl1AsyncHwEl was aborted, got status = HAILO_SHUTDOWN_EVENT_SIGNALED(57)
[2026-10-05 10:23:14.366] [2929] [HailoRT] [info] [queue_elements.cpp:570] [execute_deactivate] enqueue() in element PushQEl2AsyncHwEl was aborted, got status = HAILO_SHUTDOWN_EVENT_SIGNALED(57)
[2026-10-05 10:23:14.366] [2929] [HailoRT] [info] [queue_elements.cpp:570] [execute_deactivate] enqueue() in element PushQEl3AsyncHwEl was aborted, got status = HAILO_SHUTDOWN_EVENT_SIGNALED(57)
[2026-10-05 10:23:14.366] [2929] [HailoRT] [info] [queue_elements.cpp:570] [execute_deactivate] enqueue() in element PushQEl6base-whisper-decoder-fixed-sequence/input_layer2 was aborted, got status = HAILO_SHUTDOWN_EVENT_SIGNALED(57)
[2026-10-05 10:23:14.366] [2929] [HailoRT] [info] [queue_elements.cpp:570] [execute_deactivate] enqueue() in element EntryPushQEl0base-whisper-decoder-fixed-sequence/input_layer2 was aborted, got status = HAILO_SHUTDOWN_EVENT_SIGNALED(57)
[2026-10-05 10:23:14.366] [2929] [HailoRT] [info] [queue_elements.cpp:46] [~BaseQueueElement] Queue element EntryPushQEl0base-whisper-decoder-fixed-sequence/input_layer2 has 0 frames in his Queue on destruction
[2026-10-05 10:23:14.366] [2929] [HailoRT] [info] [queue_elements.cpp:46] [~BaseQueueElement] Queue element PushQEl6base-whisper-decoder-fixed-sequence/input_layer2 has 0 frames in his Queue on destruction
[2026-10-05 10:23:14.366] [2929] [HailoRT] [info] [queue_elements.cpp:46] [~BaseQueueElement] Queue element EntryPushQEl0base-whisper-decoder-fixed-sequence/input_layer1 has 0 frames in his Queue on destruction
[2026-10-05 10:23:14.367] [2929] [HailoRT] [info] [queue_elements.cpp:46] [~BaseQueueElement] Queue element PushQEl12base-whisper-decoder-fixed-sequence/input_layer1 has 0 frames in his Queue on destruction
[2026-10-05 10:23:14.371] [2929] [HailoRT] [info] [queue_elements.cpp:46] [~BaseQueueElement] Queue element PushQEl0AsyncHwEl has 0 frames in his Queue on destruction
[2026-10-05 10:23:14.375] [2929] [HailoRT] [info] [queue_elements.cpp:46] [~BaseQueueElement] Queue element PushQEl2AsyncHwEl has 0 frames in his Queue on destruction
[2026-10-05 10:23:14.380] [2929] [HailoRT] [info] [queue_elements.cpp:46] [~BaseQueueElement] Queue element PushQEl1AsyncHwEl has 0 frames in his Queue on destruction
[2026-10-05 10:23:14.383] [2929] [HailoRT] [info] [queue_elements.cpp:46] [~BaseQueueElement] Queue element PushQEl3AsyncHwEl has 0 frames in his Queue on destruction
[2026-10-05 10:23:14.386] [2929] [HailoRT] [info] [async_infer_runner.cpp:86] [shutdown] Pipeline was aborted. Shutting it down
[2026-10-05 10:23:14.389] [2929] [HailoRT] [info] [async_infer_runner.cpp:86] [shutdown] Pipeline was aborted. Shutting it down
[2026-10-05 10:23:14.390] [2929] [HailoRT] [info] [queue_elements.cpp:570] [execute_deactivate] enqueue() in element PushQEl0AsyncHwEl was aborted, got status = HAILO_SHUTDOWN_EVENT_SIGNALED(57)
[2026-10-05 10:23:14.390] [2929] [HailoRT] [info] [queue_elements.cpp:570] [execute_deactivate] enqueue() in element PushQEl1base-whisper-encoder-5s/input_layer1 was aborted, got status = HAILO_SHUTDOWN_EVENT_SIGNALED(57)
[2026-10-05 10:23:14.390] [2929] [HailoRT] [info] [queue_elements.cpp:570] [execute_deactivate] enqueue() in element EntryPushQEl0base-whisper-encoder-5s/input_layer1 was aborted, got status = HAILO_SHUTDOWN_EVENT_SIGNALED(57)
[2026-10-05 10:23:14.390] [2929] [HailoRT] [info] [queue_elements.cpp:46] [~BaseQueueElement] Queue element EntryPushQEl0base-whisper-encoder-5s/input_layer1 has 0 frames in his Queue on destruction
[2026-10-05 10:23:14.390] [2929] [HailoRT] [info] [queue_elements.cpp:46] [~BaseQueueElement] Queue element PushQEl1base-whisper-encoder-5s/input_layer1 has 0 frames in his Queue on destruction
[2026-10-05 10:23:14.390] [2929] [HailoRT] [info] [queue_elements.cpp:46] [~BaseQueueElement] Queue element PushQEl0AsyncHwEl has 0 frames in his Queue on destruction
[2026-10-05 10:23:22.141] [4413] [HailoRT] [info] [hef.cpp:1929] [get_network_group_and_network_name] No name was given. Addressing all networks of default network_group: base-whisper-encoder-5s
[2026-10-05 10:23:22.141] [4413] [HailoRT] [info] [hef.cpp:1929] [get_network_group_and_network_name] No name was given. Addressing all networks of default network_group: base-whisper-decoder-fixed-sequence
[2026-10-05 10:23:22.159] [4413] [HailoRT] [info] [vdevice.cpp:523] [create] Creating vdevice with params: device_count: 1, scheduling_algorithm: ROUND_ROBIN, multi_process_service: false
[2026-10-05 10:23:22.172] [4413] [HailoRT] [info] [device.cpp:49] [Device] OS Version: Linux 6.12.34+rpt-rpi-2712 #1 SMP PREEMPT Debian 1:6.12.34-1+rpt1~bookworm (2025-06-26) aarch64
[2026-10-05 10:23:22.178] [4413] [HailoRT] [info] [control.cpp:108] [control__parse_identify_results] firmware_version is: 4.20.0
[2026-10-05 10:23:22.179] [4413] [HailoRT] [info] [vdevice.cpp:651] [create] VDevice Infos: 0001:01:00.0
[2026-10-05 10:23:22.255] [4413] [HailoRT] [info] [hef.cpp:1929] [get_network_group_and_network_name] No name was given. Addressing all networks of default network_group: base-whisper-encoder-5s
[2026-10-05 10:23:22.255] [4413] [HailoRT] [info] [hef.cpp:1929] [get_network_group_and_network_name] No name was given. Addressing all networks of default network_group: base-whisper-encoder-5s
[2026-10-05 10:23:22.359] [4413] [HailoRT] [info] [hef.cpp:1929] [get_network_group_and_network_name] No name was given. Addressing all networks of default network_group: base-whisper-decoder-fixed-sequence
[2026-10-05 10:23:22.359] [4413] [HailoRT] [info] [hef.cpp:1929] [get_network_group_and_network_name] No name was given. Addressing all networks of default network_group: base-whisper-decoder-fixed-sequence
[2026-10-05 10:23:22.365] [4413] [HailoRT] [info] [internal_buffer_manager.cpp:204] [print_execution_results] Planned internal buffer memory: CMA memory 0, user memory 1576448. memory to edge layer usage factor is 0.34360003
[2026-10-05 10:23:22.365] [4413] [HailoRT] [info] [internal_buffer_manager.cpp:212] [print_execution_results] Default Internal buffer planner executed successfully
[2026-10-05 10:23:22.434] [4413] [HailoRT] [info] [device_internal.cpp:57] [configure] Configuring HEF took 74.902852 milliseconds
[2026-10-05 10:23:22.434] [4413] [HailoRT] [info] [vdevice.cpp:749] [configure] Configuring HEF on VDevice took 75.191627 milliseconds
[2026-10-05 10:23:22.434] [4413] [HailoRT] [info] [infer_model.cpp:436] [configure] Configuring network group 'base-whisper-encoder-5s' with params: batch size: 0, power mode: PERFORMANCE, latency: NONE
[2026-10-05 10:23:22.434] [4413] [HailoRT] [info] [multi_io_elements.cpp:756] [create] Created (AsyncHwEl)
[2026-10-05 10:23:22.435] [4413] [HailoRT] [info] [queue_elements.cpp:450] [create] Created (EntryPushQEl0base-whisper-encoder-5s/input_layer1 | timeout: 10s)
[2026-10-05 10:23:22.435] [4413] [HailoRT] [info] [filter_elements.cpp:101] [create] Created (PreInferEl1base-whisper-encoder-5s/input_layer1 | Quantization - src_type: FLOAT32, dst_type UINT8, limvals_min: -1.51241, limvals_max: 1.52432)
[2026-10-05 10:23:22.436] [4413] [HailoRT] [info] [queue_elements.cpp:450] [create] Created (PushQEl1base-whisper-encoder-5s/input_layer1 | timeout: 10s)
[2026-10-05 10:23:22.436] [4413] [HailoRT] [info] [queue_elements.cpp:450] [create] Created (PushQEl0AsyncHwEl | timeout: 10s)
[2026-10-05 10:23:22.436] [4413] [HailoRT] [info] [filter_elements.cpp:375] [create] Created (PostInferEl0AsyncHwEl | Quantization - src_type: UINT8, dst_type FLOAT32, limvals_min: -23.9557, limvals_max: 14.4638)
[2026-10-05 10:23:22.436] [4413] [HailoRT] [info] [edge_elements.cpp:187] [create] Created (LastAsyncEl0PostInferEl0AsyncHwEl)
[2026-10-05 10:23:22.436] [4413] [HailoRT] [info] [pipeline.cpp:891] [print_deep_description] EntryPushQEl0base-whisper-encoder-5s/input_layer1 | inputs: user | outputs: PreInferEl1base-whisper-encoder-5s/input_layer1(running in thread_id: 4424)
[2026-10-05 10:23:22.436] [4413] [HailoRT] [info] [pipeline.cpp:891] [print_deep_description] PreInferEl1base-whisper-encoder-5s/input_layer1 | inputs: EntryPushQEl0base-whisper-encoder-5s/input_layer1[0] | outputs: PushQEl1base-whisper-encoder-5s/input_layer1
[2026-10-05 10:23:22.436] [4413] [HailoRT] [info] [pipeline.cpp:891] [print_deep_description] PushQEl1base-whisper-encoder-5s/input_layer1 | inputs: PreInferEl1base-whisper-encoder-5s/input_layer1[0] | outputs: AsyncHwEl(running in thread_id: 4425)
[2026-10-05 10:23:22.436] [4413] [HailoRT] [info] [pipeline.cpp:891] [print_deep_description] AsyncHwEl | inputs: PushQEl1base-whisper-encoder-5s/input_layer1[0] | outputs: PushQEl0AsyncHwEl
[2026-10-05 10:23:22.436] [4413] [HailoRT] [info] [pipeline.cpp:891] [print_deep_description] PushQEl0AsyncHwEl | inputs: AsyncHwEl[0] | outputs: PostInferEl0AsyncHwEl(running in thread_id: 4426)
[2026-10-05 10:23:22.436] [4413] [HailoRT] [info] [pipeline.cpp:891] [print_deep_description] PostInferEl0AsyncHwEl | inputs: PushQEl0AsyncHwEl[0] | outputs: LastAsyncEl0PostInferEl0AsyncHwEl
[2026-10-05 10:23:22.436] [4413] [HailoRT] [info] [pipeline.cpp:891] [print_deep_description] LastAsyncEl0PostInferEl0AsyncHwEl | inputs: PostInferEl0AsyncHwEl[0] | outputs: user
[2026-10-05 10:23:22.441] [4413] [HailoRT] [info] [buffer_requirements.cpp:195] [find_initial_desc_page_size] Using non-default initial_desc_page_size of 64, due to a small transfer size (48)
[2026-10-05 10:23:22.442] [4413] [HailoRT] [info] [internal_buffer_manager.cpp:204] [print_execution_results] Planned internal buffer memory: CMA memory 0, user memory 1974272. memory to edge layer usage factor is 0.46450835
[2026-10-05 10:23:22.442] [4413] [HailoRT] [info] [internal_buffer_manager.cpp:212] [print_execution_results] Default Internal buffer planner executed successfully
[2026-10-05 10:23:22.487] [4413] [HailoRT] [info] [buffer_requirements.cpp:195] [find_initial_desc_page_size] Using non-default initial_desc_page_size of 64, due to a small transfer size (48)
[2026-10-05 10:23:22.623] [4413] [HailoRT] [info] [device_internal.cpp:57] [configure] Configuring HEF took 184.968018 milliseconds
[2026-10-05 10:23:22.623] [4413] [HailoRT] [info] [vdevice.cpp:749] [configure] Configuring HEF on VDevice took 185.268721 milliseconds
[2026-10-05 10:23:22.623] [4413] [HailoRT] [info] [infer_model.cpp:436] [configure] Configuring network group 'base-whisper-decoder-fixed-sequence' with params: batch size: 0, power mode: PERFORMANCE, latency: NONE
[2026-10-05 10:23:22.623] [4413] [HailoRT] [info] [multi_io_elements.cpp:756] [create] Created (AsyncHwEl)
[2026-10-05 10:23:22.623] [4413] [HailoRT] [info] [queue_elements.cpp:450] [create] Created (EntryPushQEl0base-whisper-decoder-fixed-sequence/input_layer2 | timeout: 10s)
[2026-10-05 10:23:22.623] [4413] [HailoRT] [info] [filter_elements.cpp:101] [create] Created (PreInferEl6base-whisper-decoder-fixed-sequence/input_layer2 | Quantization - src_type: FLOAT32, dst_type UINT8, limvals_min: -0.535231, limvals_max: 0.556641)
[2026-10-05 10:23:22.623] [4413] [HailoRT] [info] [queue_elements.cpp:450] [create] Created (PushQEl6base-whisper-decoder-fixed-sequence/input_layer2 | timeout: 10s)
[2026-10-05 10:23:22.623] [4413] [HailoRT] [info] [queue_elements.cpp:450] [create] Created (EntryPushQEl0base-whisper-decoder-fixed-sequence/input_layer1 | timeout: 10s)
[2026-10-05 10:23:22.623] [4413] [HailoRT] [info] [filter_elements.cpp:101] [create] Created (PreInferEl12base-whisper-decoder-fixed-sequence/input_layer1 | Quantization - src_type: FLOAT32, dst_type UINT8, limvals_min: -23.5596, limvals_max: 14.4638)
[2026-10-05 10:23:22.623] [4413] [HailoRT] [info] [queue_elements.cpp:450] [create] Created (PushQEl12base-whisper-decoder-fixed-sequence/input_layer1 | timeout: 10s)
[2026-10-05 10:23:22.624] [4413] [HailoRT] [info] [queue_elements.cpp:450] [create] Created (PushQEl0AsyncHwEl | timeout: 10s)
[2026-10-05 10:23:22.624] [4413] [HailoRT] [info] [filter_elements.cpp:375] [create] Created (PostInferEl0AsyncHwEl | Quantization - src_type: UINT8, dst_type FLOAT32, limvals_min: -23.8414, limvals_max: 72.6594)
[2026-10-05 10:23:22.624] [4413] [HailoRT] [info] [edge_elements.cpp:187] [create] Created (LastAsyncEl0PostInferEl0AsyncHwEl)
[2026-10-05 10:23:22.654] [4413] [HailoRT] [info] [queue_elements.cpp:450] [create] Created (PushQEl2AsyncHwEl | timeout: 10s)
[2026-10-05 10:23:22.654] [4413] [HailoRT] [info] [filter_elements.cpp:375] [create] Created (PostInferEl2AsyncHwEl | Quantization - src_type: UINT8, dst_type FLOAT32, limvals_min: -23.4195, limvals_max: 61.8944)
[2026-10-05 10:23:22.654] [4413] [HailoRT] [info] [edge_elements.cpp:187] [create] Created (LastAsyncEl0PostInferEl2AsyncHwEl)
[2026-10-05 10:23:22.655] [4413] [HailoRT] [info] [queue_elements.cpp:450] [create] Created (PushQEl1AsyncHwEl | timeout: 10s)
[2026-10-05 10:23:22.655] [4413] [HailoRT] [info] [filter_elements.cpp:375] [create] Created (PostInferEl1AsyncHwEl | Quantization - src_type: UINT8, dst_type FLOAT32, limvals_min: -23.5004, limvals_max: 59.7302)
[2026-10-05 10:23:22.655] [4413] [HailoRT] [info] [edge_elements.cpp:187] [create] Created (LastAsyncEl0PostInferEl1AsyncHwEl)
[2026-10-05 10:23:22.655] [4413] [HailoRT] [info] [queue_elements.cpp:450] [create] Created (PushQEl3AsyncHwEl | timeout: 10s)
[2026-10-05 10:23:22.655] [4413] [HailoRT] [info] [filter_elements.cpp:375] [create] Created (PostInferEl3AsyncHwEl | Quantization - src_type: UINT8, dst_type FLOAT32, limvals_min: -24.3587, limvals_max: 63.1267)
[2026-10-05 10:23:22.655] [4413] [HailoRT] [info] [edge_elements.cpp:187] [create] Created (LastAsyncEl0PostInferEl3AsyncHwEl)
[2026-10-05 10:23:22.655] [4413] [HailoRT] [info] [pipeline.cpp:891] [print_deep_description] EntryPushQEl0base-whisper-decoder-fixed-sequence/input_layer1 | inputs: user | outputs: PreInferEl12base-whisper-decoder-fixed-sequence/input_layer1(running in thread_id: 4429)
[2026-10-05 10:23:22.655] [4413] [HailoRT] [info] [pipeline.cpp:891] [print_deep_description] PreInferEl12base-whisper-decoder-fixed-sequence/input_layer1 | inputs: EntryPushQEl0base-whisper-decoder-fixed-sequence/input_layer1[0] | outputs: PushQEl12base-whisper-decoder-fixed-sequence/input_layer1
[2026-10-05 10:23:22.655] [4413] [HailoRT] [info] [pipeline.cpp:891] [print_deep_description] PushQEl12base-whisper-decoder-fixed-sequence/input_layer1 | inputs: PreInferEl12base-whisper-decoder-fixed-sequence/input_layer1[0] | outputs: AsyncHwEl(running in thread_id: 4430)
[2026-10-05 10:23:22.655] [4413] [HailoRT] [info] [pipeline.cpp:891] [print_deep_description] AsyncHwEl | inputs: PushQEl12base-whisper-decoder-fixed-sequence/input_layer1[0] PushQEl6base-whisper-decoder-fixed-sequence/input_layer2[1] | outputs: PushQEl0AsyncHwEl PushQEl1AsyncHwEl PushQEl2AsyncHwEl PushQEl3AsyncHwEl
[2026-10-05 10:23:22.655] [4413] [HailoRT] [info] [pipeline.cpp:891] [print_deep_description] PushQEl0AsyncHwEl | inputs: AsyncHwEl[0] | outputs: PostInferEl0AsyncHwEl(running in thread_id: 4431)
[2026-10-05 10:23:22.655] [4413] [HailoRT] [info] [pipeline.cpp:891] [print_deep_description] PostInferEl0AsyncHwEl | inputs: PushQEl0AsyncHwEl[0] | outputs: LastAsyncEl0PostInferEl0AsyncHwEl
[2026-10-05 10:23:22.655] [4413] [HailoRT] [info] [pipeline.cpp:891] [print_deep_description] LastAsyncEl0PostInferEl0AsyncHwEl | inputs: PostInferEl0AsyncHwEl[0] | outputs: user
[2026-10-05 10:23:22.655] [4413] [HailoRT] [info] [pipeline.cpp:891] [print_deep_description] PushQEl1AsyncHwEl | inputs: AsyncHwEl[0] | outputs: PostInferEl1AsyncHwEl(running in thread_id: 4433)
[2026-10-05 10:23:22.655] [4413] [HailoRT] [info] [pipeline.cpp:891] [print_deep_description] PostInferEl1AsyncHwEl | inputs: PushQEl1AsyncHwEl[0] | outputs: LastAsyncEl0PostInferEl1AsyncHwEl
[2026-10-05 10:23:22.655] [4413] [HailoRT] [info] [pipeline.cpp:891] [print_deep_description] LastAsyncEl0PostInferEl1AsyncHwEl | inputs: PostInferEl1AsyncHwEl[0] | outputs: user
[2026-10-05 10:23:22.655] [4413] [HailoRT] [info] [pipeline.cpp:891] [print_deep_description] PushQEl2AsyncHwEl | inputs: AsyncHwEl[0] | outputs: PostInferEl2AsyncHwEl(running in thread_id: 4432)
[2026-10-05 10:23:22.655] [4413] [HailoRT] [info] [pipeline.cpp:891] [print_deep_description] PostInferEl2AsyncHwEl | inputs: PushQEl2AsyncHwEl[0] | outputs: LastAsyncEl0PostInferEl2AsyncHwEl
[2026-10-05 10:23:22.655] [4413] [HailoRT] [info] [pipeline.cpp:891] [print_deep_description] LastAsyncEl0PostInferEl2AsyncHwEl | inputs: PostInferEl2AsyncHwEl[0] | outputs: user
[2026-10-05 10:23:22.655] [4413] [HailoRT] [info] [pipeline.cpp:891] [print_deep_description] PushQEl3AsyncHwEl | inputs: AsyncHwEl[0] | outputs: PostInferEl3AsyncHwEl(running in thread_id: 4434)
[2026-10-05 10:23:22.655] [4413] [HailoRT] [info] [pipeline.cpp:891] [print_deep_description] PostInferEl3AsyncHwEl | inputs: PushQEl3AsyncHwEl[0] | outputs: LastAsyncEl0PostInferEl3AsyncHwEl
[2026-10-05 10:23:22.655] [4413] [HailoRT] [info] [pipeline.cpp:891] [print_deep_description] LastAsyncEl0PostInferEl3AsyncHwEl | inputs: PostInferEl3AsyncHwEl[0] | outputs: user
[2026-10-05 10:23:22.655] [4413] [HailoRT] [info] [pipeline.cpp:891] [print_deep_description] EntryPushQEl0base-whisper-decoder-fixed-sequence/input_layer2 | inputs: user | outputs: PreInferEl6base-whisper-decoder-fixed-sequence/input_layer2(running in thread_id: 4427)
[2026-10-05 10:23:22.655] [4413] [HailoRT] [info] [pipeline.cpp:891] [print_deep_description] PreInferEl6base-whisper-decoder-fixed-sequence/input_layer2 | inputs: EntryPushQEl0base-whisper-decoder-fixed-sequence/input_layer2[0] | outputs: PushQEl6base-whisper-decoder-fixed-sequence/input_layer2
[2026-10-05 10:23:22.655] [4413] [HailoRT] [info] [pipeline.cpp:891] [print_deep_description] PushQEl6base-whisper-decoder-fixed-sequence/input_layer2 | inputs: PreInferEl6base-whisper-decoder-fixed-sequence/input_layer2[0] | outputs: AsyncHwEl(running in thread_id: 4428)
[2026-10-05 10:26:41.227] [4413] [HailoRT] [info] [async_infer_runner.cpp:86] [shutdown] Pipeline was aborted. Shutting it down
[2026-10-05 10:26:41.237] [4413] [HailoRT] [info] [async_infer_runner.cpp:86] [shutdown] Pipeline was aborted. Shutting it down
[2026-10-05 10:26:41.237] [4413] [HailoRT] [info] [queue_elements.cpp:570] [execute_deactivate] enqueue() in element PushQEl0AsyncHwEl was aborted, got status = HAILO_SHUTDOWN_EVENT_SIGNALED(57)
[2026-10-05 10:26:41.237] [4413] [HailoRT] [info] [queue_elements.cpp:570] [execute_deactivate] enqueue() in element PushQEl1AsyncHwEl was aborted, got status = HAILO_SHUTDOWN_EVENT_SIGNALED(57)
[2026-10-05 10:26:41.237] [4413] [HailoRT] [info] [queue_elements.cpp:570] [execute_deactivate] enqueue() in element PushQEl2AsyncHwEl was aborted, got status = HAILO_SHUTDOWN_EVENT_SIGNALED(57)
[2026-10-05 10:26:41.237] [4413] [HailoRT] [info] [queue_elements.cpp:570] [execute_deactivate] enqueue() in element PushQEl3AsyncHwEl was aborted, got status = HAILO_SHUTDOWN_EVENT_SIGNALED(57)
[2026-10-05 10:26:41.237] [4413] [HailoRT] [info] [queue_elements.cpp:570] [execute_deactivate] enqueue() in element PushQEl12base-whisper-decoder-fixed-sequence/input_layer1 was aborted, got status = HAILO_SHUTDOWN_EVENT_SIGNALED(57)
[2026-10-05 10:26:41.237] [4413] [HailoRT] [info] [queue_elements.cpp:570] [execute_deactivate] enqueue() in element EntryPushQEl0base-whisper-decoder-fixed-sequence/input_layer1 was aborted, got status = HAILO_SHUTDOWN_EVENT_SIGNALED(57)
[2026-10-05 10:26:41.237] [4413] [HailoRT] [info] [queue_elements.cpp:570] [execute_deactivate] enqueue() in element PushQEl0AsyncHwEl was aborted, got status = HAILO_SHUTDOWN_EVENT_SIGNALED(57)
[2026-10-05 10:26:41.237] [4413] [HailoRT] [info] [queue_elements.cpp:570] [execute_deactivate] enqueue() in element PushQEl1AsyncHwEl was aborted, got status = HAILO_SHUTDOWN_EVENT_SIGNALED(57)
[2026-10-05 10:26:41.237] [4413] [HailoRT] [info] [queue_elements.cpp:570] [execute_deactivate] enqueue() in element PushQEl2AsyncHwEl was aborted, got status = HAILO_SHUTDOWN_EVENT_SIGNALED(57)
[2026-10-05 10:26:41.237] [4413] [HailoRT] [info] [queue_elements.cpp:570] [execute_deactivate] enqueue() in element PushQEl3AsyncHwEl was aborted, got status = HAILO_SHUTDOWN_EVENT_SIGNALED(57)
[2026-10-05 10:26:41.237] [4413] [HailoRT] [info] [queue_elements.cpp:570] [execute_deactivate] enqueue() in element PushQEl6base-whisper-decoder-fixed-sequence/input_layer2 was aborted, got status = HAILO_SHUTDOWN_EVENT_SIGNALED(57)
[2026-10-05 10:26:41.237] [4413] [HailoRT] [info] [queue_elements.cpp:570] [execute_deactivate] enqueue() in element EntryPushQEl0base-whisper-decoder-fixed-sequence/input_layer2 was aborted, got status = HAILO_SHUTDOWN_EVENT_SIGNALED(57)
[2026-10-05 10:26:41.237] [4413] [HailoRT] [info] [queue_elements.cpp:46] [~BaseQueueElement] Queue element EntryPushQEl0base-whisper-decoder-fixed-sequence/input_layer2 has 0 frames in his Queue on destruction
[2026-10-05 10:26:41.237] [4413] [HailoRT] [info] [queue_elements.cpp:46] [~BaseQueueElement] Queue element PushQEl6base-whisper-decoder-fixed-sequence/input_layer2 has 0 frames in his Queue on destruction
[2026-10-05 10:26:41.237] [4413] [HailoRT] [info] [queue_elements.cpp:46] [~BaseQueueElement] Queue element EntryPushQEl0base-whisper-decoder-fixed-sequence/input_layer1 has 0 frames in his Queue on destruction
[2026-10-05 10:26:41.237] [4413] [HailoRT] [info] [queue_elements.cpp:46] [~BaseQueueElement] Queue element PushQEl12base-whisper-decoder-fixed-sequence/input_layer1 has 0 frames in his Queue on destruction
[2026-10-05 10:26:41.237] [4413] [HailoRT] [info] [queue_elements.cpp:46] [~BaseQueueElement] Queue element PushQEl0AsyncHwEl has 0 frames in his Queue on destruction
[2026-10-05 10:26:41.238] [4413] [HailoRT] [info] [queue_elements.cpp:46] [~BaseQueueElement] Queue element PushQEl2AsyncHwEl has 0 frames in his Queue on destruction
[2026-10-05 10:26:41.238] [4413] [HailoRT] [info] [queue_elements.cpp:46] [~BaseQueueElement] Queue element PushQEl1AsyncHwEl has 0 frames in his Queue on destruction
[2026-10-05 10:26:41.238] [4413] [HailoRT] [info] [queue_elements.cpp:46] [~BaseQueueElement] Queue element PushQEl3AsyncHwEl has 0 frames in his Queue on destruction
[2026-10-05 10:26:41.238] [4413] [HailoRT] [info] [async_infer_runner.cpp:86] [shutdown] Pipeline was aborted. Shutting it down
[2026-10-05 10:26:41.251] [4413] [HailoRT] [info] [async_infer_runner.cpp:86] [shutdown] Pipeline was aborted. Shutting it down
[2026-10-05 10:26:41.251] [4413] [HailoRT] [info] [queue_elements.cpp:570] [execute_deactivate] enqueue() in element PushQEl0AsyncHwEl was aborted, got status = HAILO_SHUTDOWN_EVENT_SIGNALED(57)
[2026-10-05 10:26:41.251] [4413] [HailoRT] [info] [queue_elements.cpp:570] [execute_deactivate] enqueue() in element PushQEl1base-whisper-encoder-5s/input_layer1 was aborted, got status = HAILO_SHUTDOWN_EVENT_SIGNALED(57)
[2026-10-05 10:26:41.251] [4413] [HailoRT] [info] [queue_elements.cpp:570] [execute_deactivate] enqueue() in element EntryPushQEl0base-whisper-encoder-5s/input_layer1 was aborted, got status = HAILO_SHUTDOWN_EVENT_SIGNALED(57)
[2026-10-05 10:26:41.251] [4413] [HailoRT] [info] [queue_elements.cpp:46] [~BaseQueueElement] Queue element EntryPushQEl0base-whisper-encoder-5s/input_layer1 has 0 frames in his Queue on destruction
[2026-10-05 10:26:41.251] [4413] [HailoRT] [info] [queue_elements.cpp:46] [~BaseQueueElement] Queue element PushQEl1base-whisper-encoder-5s/input_layer1 has 0 frames in his Queue on destruction
[2026-10-05 10:26:41.252] [4413] [HailoRT] [info] [queue_elements.cpp:46] [~BaseQueueElement] Queue element PushQEl0AsyncHwEl has 0 frames in his Queue on destruction
[2026-10-05 10:26:52.048] [5551] [HailoRT] [info] [hef.cpp:1929] [get_network_group_and_network_name] No name was given. Addressing all networks of default network_group: base-whisper-encoder-5s
[2026-10-05 10:26:52.048] [5551] [HailoRT] [info] [hef.cpp:1929] [get_network_group_and_network_name] No name was given. Addressing all networks of default network_group: base-whisper-decoder-fixed-sequence
[2026-10-05 10:26:52.066] [5551] [HailoRT] [info] [vdevice.cpp:523] [create] Creating vdevice with params: device_count: 1, scheduling_algorithm: ROUND_ROBIN, multi_process_service: false
[2026-10-05 10:26:52.079] [5551] [HailoRT] [info] [device.cpp:49] [Device] OS Version: Linux 6.12.34+rpt-rpi-2712 #1 SMP PREEMPT Debian 1:6.12.34-1+rpt1~bookworm (2025-06-26) aarch64
[2026-10-05 10:26:52.081] [5551] [HailoRT] [info] [control.cpp:108] [control__parse_identify_results] firmware_version is: 4.20.0
[2026-10-05 10:26:52.081] [5551] [HailoRT] [info] [vdevice.cpp:651] [create] VDevice Infos: 0001:01:00.0
[2026-10-05 10:26:52.145] [5551] [HailoRT] [info] [hef.cpp:1929] [get_network_group_and_network_name] No name was given. Addressing all networks of default network_group: base-whisper-encoder-5s
[2026-10-05 10:26:52.145] [5551] [HailoRT] [info] [hef.cpp:1929] [get_network_group_and_network_name] No name was given. Addressing all networks of default network_group: base-whisper-encoder-5s
[2026-10-05 10:26:52.253] [5551] [HailoRT] [info] [hef.cpp:1929] [get_network_group_and_network_name] No name was given. Addressing all networks of default network_group: base-whisper-decoder-fixed-sequence
[2026-10-05 10:26:52.253] [5551] [HailoRT] [info] [hef.cpp:1929] [get_network_group_and_network_name] No name was given. Addressing all networks of default network_group: base-whisper-decoder-fixed-sequence
[2026-10-05 10:26:52.259] [5551] [HailoRT] [info] [internal_buffer_manager.cpp:204] [print_execution_results] Planned internal buffer memory: CMA memory 0, user memory 1576448. memory to edge layer usage factor is 0.34360003
[2026-10-05 10:26:52.259] [5551] [HailoRT] [info] [internal_buffer_manager.cpp:212] [print_execution_results] Default Internal buffer planner executed successfully
[2026-10-05 10:26:52.311] [5551] [HailoRT] [info] [device_internal.cpp:57] [configure] Configuring HEF took 57.185349 milliseconds
[2026-10-05 10:26:52.311] [5551] [HailoRT] [info] [vdevice.cpp:749] [configure] Configuring HEF on VDevice took 57.451273 milliseconds
[2026-10-05 10:26:52.311] [5551] [HailoRT] [info] [infer_model.cpp:436] [configure] Configuring network group 'base-whisper-encoder-5s' with params: batch size: 0, power mode: PERFORMANCE, latency: NONE
[2026-10-05 10:26:52.311] [5551] [HailoRT] [info] [multi_io_elements.cpp:756] [create] Created (AsyncHwEl)
[2026-10-05 10:26:52.311] [5551] [HailoRT] [info] [queue_elements.cpp:450] [create] Created (EntryPushQEl0base-whisper-encoder-5s/input_layer1 | timeout: 10s)
[2026-10-05 10:26:52.311] [5551] [HailoRT] [info] [filter_elements.cpp:101] [create] Created (PreInferEl1base-whisper-encoder-5s/input_layer1 | Quantization - src_type: FLOAT32, dst_type UINT8, limvals_min: -1.51241, limvals_max: 1.52432)
[2026-10-05 10:26:52.311] [5551] [HailoRT] [info] [queue_elements.cpp:450] [create] Created (PushQEl1base-whisper-encoder-5s/input_layer1 | timeout: 10s)
[2026-10-05 10:26:52.312] [5551] [HailoRT] [info] [queue_elements.cpp:450] [create] Created (PushQEl0AsyncHwEl | timeout: 10s)
[2026-10-05 10:26:52.312] [5551] [HailoRT] [info] [filter_elements.cpp:375] [create] Created (PostInferEl0AsyncHwEl | Quantization - src_type: UINT8, dst_type FLOAT32, limvals_min: -23.9557, limvals_max: 14.4638)
[2026-10-05 10:26:52.312] [5551] [HailoRT] [info] [edge_elements.cpp:187] [create] Created (LastAsyncEl0PostInferEl0AsyncHwEl)
[2026-10-05 10:26:52.312] [5551] [HailoRT] [info] [pipeline.cpp:891] [print_deep_description] EntryPushQEl0base-whisper-encoder-5s/input_layer1 | inputs: user | outputs: PreInferEl1base-whisper-encoder-5s/input_layer1(running in thread_id: 5561)
[2026-10-05 10:26:52.312] [5551] [HailoRT] [info] [pipeline.cpp:891] [print_deep_description] PreInferEl1base-whisper-encoder-5s/input_layer1 | inputs: EntryPushQEl0base-whisper-encoder-5s/input_layer1[0] | outputs: PushQEl1base-whisper-encoder-5s/input_layer1
[2026-10-05 10:26:52.312] [5551] [HailoRT] [info] [pipeline.cpp:891] [print_deep_description] PushQEl1base-whisper-encoder-5s/input_layer1 | inputs: PreInferEl1base-whisper-encoder-5s/input_layer1[0] | outputs: AsyncHwEl(running in thread_id: 5562)
[2026-10-05 10:26:52.312] [5551] [HailoRT] [info] [pipeline.cpp:891] [print_deep_description] AsyncHwEl | inputs: PushQEl1base-whisper-encoder-5s/input_layer1[0] | outputs: PushQEl0AsyncHwEl
[2026-10-05 10:26:52.312] [5551] [HailoRT] [info] [pipeline.cpp:891] [print_deep_description] PushQEl0AsyncHwEl | inputs: AsyncHwEl[0] | outputs: PostInferEl0AsyncHwEl(running in thread_id: 5563)
[2026-10-05 10:26:52.312] [5551] [HailoRT] [info] [pipeline.cpp:891] [print_deep_description] PostInferEl0AsyncHwEl | inputs: PushQEl0AsyncHwEl[0] | outputs: LastAsyncEl0PostInferEl0AsyncHwEl
[2026-10-05 10:26:52.312] [5551] [HailoRT] [info] [pipeline.cpp:891] [print_deep_description] LastAsyncEl0PostInferEl0AsyncHwEl | inputs: PostInferEl0AsyncHwEl[0] | outputs: user
[2026-10-05 10:26:52.316] [5551] [HailoRT] [info] [buffer_requirements.cpp:195] [find_initial_desc_page_size] Using non-default initial_desc_page_size of 64, due to a small transfer size (48)
[2026-10-05 10:26:52.317] [5551] [HailoRT] [info] [internal_buffer_manager.cpp:204] [print_execution_results] Planned internal buffer memory: CMA memory 0, user memory 1974272. memory to edge layer usage factor is 0.46450835
[2026-10-05 10:26:52.317] [5551] [HailoRT] [info] [internal_buffer_manager.cpp:212] [print_execution_results] Default Internal buffer planner executed successfully
[2026-10-05 10:26:52.354] [5551] [HailoRT] [info] [buffer_requirements.cpp:195] [find_initial_desc_page_size] Using non-default initial_desc_page_size of 64, due to a small transfer size (48)
[2026-10-05 10:26:52.426] [5551] [HailoRT] [info] [device_internal.cpp:57] [configure] Configuring HEF took 111.998096 milliseconds
[2026-10-05 10:26:52.426] [5551] [HailoRT] [info] [vdevice.cpp:749] [configure] Configuring HEF on VDevice took 112.402761 milliseconds
[2026-10-05 10:26:52.427] [5551] [HailoRT] [info] [infer_model.cpp:436] [configure] Configuring network group 'base-whisper-decoder-fixed-sequence' with params: batch size: 0, power mode: PERFORMANCE, latency: NONE
[2026-10-05 10:26:52.427] [5551] [HailoRT] [info] [multi_io_elements.cpp:756] [create] Created (AsyncHwEl)
[2026-10-05 10:26:52.427] [5551] [HailoRT] [info] [queue_elements.cpp:450] [create] Created (EntryPushQEl0base-whisper-decoder-fixed-sequence/input_layer2 | timeout: 10s)
[2026-10-05 10:26:52.427] [5551] [HailoRT] [info] [filter_elements.cpp:101] [create] Created (PreInferEl6base-whisper-decoder-fixed-sequence/input_layer2 | Quantization - src_type: FLOAT32, dst_type UINT8, limvals_min: -0.535231, limvals_max: 0.556641)
[2026-10-05 10:26:52.427] [5551] [HailoRT] [info] [queue_elements.cpp:450] [create] Created (PushQEl6base-whisper-decoder-fixed-sequence/input_layer2 | timeout: 10s)
[2026-10-05 10:26:52.427] [5551] [HailoRT] [info] [queue_elements.cpp:450] [create] Created (EntryPushQEl0base-whisper-decoder-fixed-sequence/input_layer1 | timeout: 10s)
[2026-10-05 10:26:52.427] [5551] [HailoRT] [info] [filter_elements.cpp:101] [create] Created (PreInferEl12base-whisper-decoder-fixed-sequence/input_layer1 | Quantization - src_type: FLOAT32, dst_type UINT8, limvals_min: -23.5596, limvals_max: 14.4638)
[2026-10-05 10:26:52.427] [5551] [HailoRT] [info] [queue_elements.cpp:450] [create] Created (PushQEl12base-whisper-decoder-fixed-sequence/input_layer1 | timeout: 10s)
[2026-10-05 10:26:52.427] [5551] [HailoRT] [info] [queue_elements.cpp:450] [create] Created (PushQEl0AsyncHwEl | timeout: 10s)
[2026-10-05 10:26:52.428] [5551] [HailoRT] [info] [filter_elements.cpp:375] [create] Created (PostInferEl0AsyncHwEl | Quantization - src_type: UINT8, dst_type FLOAT32, limvals_min: -23.8414, limvals_max: 72.6594)
[2026-10-05 10:26:52.428] [5551] [HailoRT] [info] [edge_elements.cpp:187] [create] Created (LastAsyncEl0PostInferEl0AsyncHwEl)
[2026-10-05 10:26:52.461] [5551] [HailoRT] [info] [queue_elements.cpp:450] [create] Created (PushQEl2AsyncHwEl | timeout: 10s)
[2026-10-05 10:26:52.461] [5551] [HailoRT] [info] [filter_elements.cpp:375] [create] Created (PostInferEl2AsyncHwEl | Quantization - src_type: UINT8, dst_type FLOAT32, limvals_min: -23.4195, limvals_max: 61.8944)
[2026-10-05 10:26:52.461] [5551] [HailoRT] [info] [edge_elements.cpp:187] [create] Created (LastAsyncEl0PostInferEl2AsyncHwEl)
[2026-10-05 10:26:52.461] [5551] [HailoRT] [info] [queue_elements.cpp:450] [create] Created (PushQEl1AsyncHwEl | timeout: 10s)
[2026-10-05 10:26:52.461] [5551] [HailoRT] [info] [filter_elements.cpp:375] [create] Created (PostInferEl1AsyncHwEl | Quantization - src_type: UINT8, dst_type FLOAT32, limvals_min: -23.5004, limvals_max: 59.7302)
[2026-10-05 10:26:52.461] [5551] [HailoRT] [info] [edge_elements.cpp:187] [create] Created (LastAsyncEl0PostInferEl1AsyncHwEl)
[2026-10-05 10:26:52.461] [5551] [HailoRT] [info] [queue_elements.cpp:450] [create] Created (PushQEl3AsyncHwEl | timeout: 10s)
[2026-10-05 10:26:52.461] [5551] [HailoRT] [info] [filter_elements.cpp:375] [create] Created (PostInferEl3AsyncHwEl | Quantization - src_type: UINT8, dst_type FLOAT32, limvals_min: -24.3587, limvals_max: 63.1267)
[2026-10-05 10:26:52.461] [5551] [HailoRT] [info] [edge_elements.cpp:187] [create] Created (LastAsyncEl0PostInferEl3AsyncHwEl)
[2026-10-05 10:26:52.461] [5551] [HailoRT] [info] [pipeline.cpp:891] [print_deep_description] EntryPushQEl0base-whisper-decoder-fixed-sequence/input_layer1 | inputs: user | outputs: PreInferEl12base-whisper-decoder-fixed-sequence/input_layer1(running in thread_id: 5566)
[2026-10-05 10:26:52.461] [5551] [HailoRT] [info] [pipeline.cpp:891] [print_deep_description] PreInferEl12base-whisper-decoder-fixed-sequence/input_layer1 | inputs: EntryPushQEl0base-whisper-decoder-fixed-sequence/input_layer1[0] | outputs: PushQEl12base-whisper-decoder-fixed-sequence/input_layer1
[2026-10-05 10:26:52.461] [5551] [HailoRT] [info] [pipeline.cpp:891] [print_deep_description] PushQEl12base-whisper-decoder-fixed-sequence/input_layer1 | inputs: PreInferEl12base-whisper-decoder-fixed-sequence/input_layer1[0] | outputs: AsyncHwEl(running in thread_id: 5567)
[2026-10-05 10:26:52.461] [5551] [HailoRT] [info] [pipeline.cpp:891] [print_deep_description] AsyncHwEl | inputs: PushQEl12base-whisper-decoder-fixed-sequence/input_layer1[0] PushQEl6base-whisper-decoder-fixed-sequence/input_layer2[1] | outputs: PushQEl0AsyncHwEl PushQEl1AsyncHwEl PushQEl2AsyncHwEl PushQEl3AsyncHwEl
[2026-10-05 10:26:52.461] [5551] [HailoRT] [info] [pipeline.cpp:891] [print_deep_description] PushQEl0AsyncHwEl | inputs: AsyncHwEl[0] | outputs: PostInferEl0AsyncHwEl(running in thread_id: 5568)
[2026-10-05 10:26:52.461] [5551] [HailoRT] [info] [pipeline.cpp:891] [print_deep_description] PostInferEl0AsyncHwEl | inputs: PushQEl0AsyncHwEl[0] | outputs: LastAsyncEl0PostInferEl0AsyncHwEl
[2026-10-05 10:26:52.461] [5551] [HailoRT] [info] [pipeline.cpp:891] [print_deep_description] LastAsyncEl0PostInferEl0AsyncHwEl | inputs: PostInferEl0AsyncHwEl[0] | outputs: user
[2026-10-05 10:26:52.461] [5551] [HailoRT] [info] [pipeline.cpp:891] [print_deep_description] PushQEl1AsyncHwEl | inputs: AsyncHwEl[0] | outputs: PostInferEl1AsyncHwEl(running in thread_id: 5570)
[2026-10-05 10:26:52.461] [5551] [HailoRT] [info] [pipeline.cpp:891] [print_deep_description] PostInferEl1AsyncHwEl | inputs: PushQEl1AsyncHwEl[0] | outputs: LastAsyncEl0PostInferEl1AsyncHwEl
[2026-10-05 10:26:52.461] [5551] [HailoRT] [info] [pipeline.cpp:891] [print_deep_description] LastAsyncEl0PostInferEl1AsyncHwEl | inputs: PostInferEl1AsyncHwEl[0] | outputs: user
[2026-10-05 10:26:52.462] [5551] [HailoRT] [info] [pipeline.cpp:891] [print_deep_description] PushQEl2AsyncHwEl | inputs: AsyncHwEl[0] | outputs: PostInferEl2AsyncHwEl(running in thread_id: 5569)
[2026-10-05 10:26:52.462] [5551] [HailoRT] [info] [pipeline.cpp:891] [print_deep_description] PostInferEl2AsyncHwEl | inputs: PushQEl2AsyncHwEl[0] | outputs: LastAsyncEl0PostInferEl2AsyncHwEl
[2026-10-05 10:26:52.462] [5551] [HailoRT] [info] [pipeline.cpp:891] [print_deep_description] LastAsyncEl0PostInferEl2AsyncHwEl | inputs: PostInferEl2AsyncHwEl[0] | outputs: user
[2026-10-05 10:26:52.462] [5551] [HailoRT] [info] [pipeline.cpp:891] [print_deep_description] PushQEl3AsyncHwEl | inputs: AsyncHwEl[0] | outputs: PostInferEl3AsyncHwEl(running in thread_id: 5571)
[2026-10-05 10:26:52.462] [5551] [HailoRT] [info] [pipeline.cpp:891] [print_deep_description] PostInferEl3AsyncHwEl | inputs: PushQEl3AsyncHwEl[0] | outputs: LastAsyncEl0PostInferEl3AsyncHwEl
[2026-10-05 10:26:52.462] [5551] [HailoRT] [info] [pipeline.cpp:891] [print_deep_description] LastAsyncEl0PostInferEl3AsyncHwEl | inputs: PostInferEl3AsyncHwEl[0] | outputs: user
[2026-10-05 10:26:52.462] [5551] [HailoRT] [info] [pipeline.cpp:891] [print_deep_description] EntryPushQEl0base-whisper-decoder-fixed-sequence/input_layer2 | inputs: user | outputs: PreInferEl6base-whisper-decoder-fixed-sequence/input_layer2(running in thread_id: 5564)
[2026-10-05 10:26:52.462] [5551] [HailoRT] [info] [pipeline.cpp:891] [print_deep_description] PreInferEl6base-whisper-decoder-fixed-sequence/input_layer2 | inputs: EntryPushQEl0base-whisper-decoder-fixed-sequence/input_layer2[0] | outputs: PushQEl6base-whisper-decoder-fixed-sequence/input_layer2
[2026-10-05 10:26:52.462] [5551] [HailoRT] [info] [pipeline.cpp:891] [print_deep_description] PushQEl6base-whisper-decoder-fixed-sequence/input_layer2 | inputs: PreInferEl6base-whisper-decoder-fixed-sequence/input_layer2[0] | outputs: AsyncHwEl(running in thread_id: 5565)
[2026-10-05 10:27:25.601] [5551] [HailoRT] [info] [async_infer_runner.cpp:86] [shutdown] Pipeline was aborted. Shutting it down
[2026-10-05 10:27:25.605] [5551] [HailoRT] [info] [async_infer_runner.cpp:86] [shutdown] Pipeline was aborted. Shutting it down
[2026-10-05 10:27:25.605] [5551] [HailoRT] [info] [queue_elements.cpp:570] [execute_deactivate] enqueue() in element PushQEl0AsyncHwEl was aborted, got status = HAILO_SHUTDOWN_EVENT_SIGNALED(57)
[2026-10-05 10:27:25.605] [5551] [HailoRT] [info] [queue_elements.cpp:570] [execute_deactivate] enqueue() in element PushQEl1AsyncHwEl was aborted, got status = HAILO_SHUTDOWN_EVENT_SIGNALED(57)
[2026-10-05 10:27:25.605] [5551] [HailoRT] [info] [queue_elements.cpp:570] [execute_deactivate] enqueue() in element PushQEl2AsyncHwEl was aborted, got status = HAILO_SHUTDOWN_EVENT_SIGNALED(57)
[2026-10-05 10:27:25.605] [5551] [HailoRT] [info] [queue_elements.cpp:570] [execute_deactivate] enqueue() in element PushQEl3AsyncHwEl was aborted, got status = HAILO_SHUTDOWN_EVENT_SIGNALED(57)
[2026-10-05 10:27:25.605] [5551] [HailoRT] [info] [queue_elements.cpp:570] [execute_deactivate] enqueue() in element PushQEl12base-whisper-decoder-fixed-sequence/input_layer1 was aborted, got status = HAILO_SHUTDOWN_EVENT_SIGNALED(57)
[2026-10-05 10:27:25.605] [5551] [HailoRT] [info] [queue_elements.cpp:570] [execute_deactivate] enqueue() in element EntryPushQEl0base-whisper-decoder-fixed-sequence/input_layer1 was aborted, got status = HAILO_SHUTDOWN_EVENT_SIGNALED(57)
[2026-10-05 10:27:25.605] [5551] [HailoRT] [info] [queue_elements.cpp:570] [execute_deactivate] enqueue() in element PushQEl0AsyncHwEl was aborted, got status = HAILO_SHUTDOWN_EVENT_SIGNALED(57)
[2026-10-05 10:27:25.605] [5551] [HailoRT] [info] [queue_elements.cpp:570] [execute_deactivate] enqueue() in element PushQEl1AsyncHwEl was aborted, got status = HAILO_SHUTDOWN_EVENT_SIGNALED(57)
[2026-10-05 10:27:25.605] [5551] [HailoRT] [info] [queue_elements.cpp:570] [execute_deactivate] enqueue() in element PushQEl2AsyncHwEl was aborted, got status = HAILO_SHUTDOWN_EVENT_SIGNALED(57)
[2026-10-05 10:27:25.605] [5551] [HailoRT] [info] [queue_elements.cpp:570] [execute_deactivate] enqueue() in element PushQEl3AsyncHwEl was aborted, got status = HAILO_SHUTDOWN_EVENT_SIGNALED(57)
[2026-10-05 10:27:25.605] [5551] [HailoRT] [info] [queue_elements.cpp:570] [execute_deactivate] enqueue() in element PushQEl6base-whisper-decoder-fixed-sequence/input_layer2 was aborted, got status = HAILO_SHUTDOWN_EVENT_SIGNALED(57)
[2026-10-05 10:27:25.605] [5551] [HailoRT] [info] [queue_elements.cpp:570] [execute_deactivate] enqueue() in element EntryPushQEl0base-whisper-decoder-fixed-sequence/input_layer2 was aborted, got status = HAILO_SHUTDOWN_EVENT_SIGNALED(57)
[2026-10-05 10:27:25.605] [5551] [HailoRT] [info] [queue_elements.cpp:46] [~BaseQueueElement] Queue element EntryPushQEl0base-whisper-decoder-fixed-sequence/input_layer2 has 0 frames in his Queue on destruction
[2026-10-05 10:27:25.605] [5551] [HailoRT] [info] [queue_elements.cpp:46] [~BaseQueueElement] Queue element PushQEl6base-whisper-decoder-fixed-sequence/input_layer2 has 0 frames in his Queue on destruction
[2026-10-05 10:27:25.606] [5551] [HailoRT] [info] [queue_elements.cpp:46] [~BaseQueueElement] Queue element EntryPushQEl0base-whisper-decoder-fixed-sequence/input_layer1 has 0 frames in his Queue on destruction
[2026-10-05 10:27:25.606] [5551] [HailoRT] [info] [queue_elements.cpp:46] [~BaseQueueElement] Queue element PushQEl12base-whisper-decoder-fixed-sequence/input_layer1 has 0 frames in his Queue on destruction
[2026-10-05 10:27:25.606] [5551] [HailoRT] [info] [queue_elements.cpp:46] [~BaseQueueElement] Queue element PushQEl0AsyncHwEl has 0 frames in his Queue on destruction
[2026-10-05 10:27:25.609] [5551] [HailoRT] [info] [queue_elements.cpp:46] [~BaseQueueElement] Queue element PushQEl2AsyncHwEl has 0 frames in his Queue on destruction
[2026-10-05 10:27:25.610] [5551] [HailoRT] [info] [queue_elements.cpp:46] [~BaseQueueElement] Queue element PushQEl1AsyncHwEl has 0 frames in his Queue on destruction
[2026-10-05 10:27:25.610] [5551] [HailoRT] [info] [queue_elements.cpp:46] [~BaseQueueElement] Queue element PushQEl3AsyncHwEl has 0 frames in his Queue on destruction
[2026-10-05 10:27:25.611] [5551] [HailoRT] [info] [async_infer_runner.cpp:86] [shutdown] Pipeline was aborted. Shutting it down
[2026-10-05 10:27:25.617] [5551] [HailoRT] [info] [async_infer_runner.cpp:86] [shutdown] Pipeline was aborted. Shutting it down
[2026-10-05 10:27:25.617] [5551] [HailoRT] [info] [queue_elements.cpp:570] [execute_deactivate] enqueue() in element PushQEl0AsyncHwEl was aborted, got status = HAILO_SHUTDOWN_EVENT_SIGNALED(57)
[2026-10-05 10:27:25.617] [5551] [HailoRT] [info] [queue_elements.cpp:570] [execute_deactivate] enqueue() in element PushQEl1base-whisper-encoder-5s/input_layer1 was aborted, got status = HAILO_SHUTDOWN_EVENT_SIGNALED(57)
[2026-10-05 10:27:25.617] [5551] [HailoRT] [info] [queue_elements.cpp:570] [execute_deactivate] enqueue() in element EntryPushQEl0base-whisper-encoder-5s/input_layer1 was aborted, got status = HAILO_SHUTDOWN_EVENT_SIGNALED(57)
[2026-10-05 10:27:25.617] [5551] [HailoRT] [info] [queue_elements.cpp:46] [~BaseQueueElement] Queue element EntryPushQEl0base-whisper-encoder-5s/input_layer1 has 0 frames in his Queue on destruction
[2026-10-05 10:27:25.618] [5551] [HailoRT] [info] [queue_elements.cpp:46] [~BaseQueueElement] Queue element PushQEl1base-whisper-encoder-5s/input_layer1 has 0 frames in his Queue on destruction
[2026-10-05 10:27:25.618] [5551] [HailoRT] [info] [queue_elements.cpp:46] [~BaseQueueElement] Queue element PushQEl0AsyncHwEl has 0 frames in his Queue on destruction
[2026-10-05 10:27:34.078] [6113] [HailoRT] [info] [hef.cpp:1929] [get_network_group_and_network_name] No name was given. Addressing all networks of default network_group: base-whisper-encoder-5s
[2026-10-05 10:27:34.078] [6113] [HailoRT] [info] [hef.cpp:1929] [get_network_group_and_network_name] No name was given. Addressing all networks of default network_group: base-whisper-decoder-fixed-sequence
[2026-10-05 10:27:34.096] [6113] [HailoRT] [info] [vdevice.cpp:523] [create] Creating vdevice with params: device_count: 1, scheduling_algorithm: ROUND_ROBIN, multi_process_service: false
[2026-10-05 10:27:34.109] [6113] [HailoRT] [info] [device.cpp:49] [Device] OS Version: Linux 6.12.34+rpt-rpi-2712 #1 SMP PREEMPT Debian 1:6.12.34-1+rpt1~bookworm (2025-06-26) aarch64
[2026-10-05 10:27:34.113] [6113] [HailoRT] [info] [control.cpp:108] [control__parse_identify_results] firmware_version is: 4.20.0
[2026-10-05 10:27:34.113] [6113] [HailoRT] [info] [vdevice.cpp:651] [create] VDevice Infos: 0001:01:00.0
[2026-10-05 10:27:34.182] [6113] [HailoRT] [info] [hef.cpp:1929] [get_network_group_and_network_name] No name was given. Addressing all networks of default network_group: base-whisper-encoder-5s
[2026-10-05 10:27:34.182] [6113] [HailoRT] [info] [hef.cpp:1929] [get_network_group_and_network_name] No name was given. Addressing all networks of default network_group: base-whisper-encoder-5s
[2026-10-05 10:27:34.293] [6113] [HailoRT] [info] [hef.cpp:1929] [get_network_group_and_network_name] No name was given. Addressing all networks of default network_group: base-whisper-decoder-fixed-sequence
[2026-10-05 10:27:34.293] [6113] [HailoRT] [info] [hef.cpp:1929] [get_network_group_and_network_name] No name was given. Addressing all networks of default network_group: base-whisper-decoder-fixed-sequence
[2026-10-05 10:27:34.300] [6113] [HailoRT] [info] [internal_buffer_manager.cpp:204] [print_execution_results] Planned internal buffer memory: CMA memory 0, user memory 1576448. memory to edge layer usage factor is 0.34360003
[2026-10-05 10:27:34.300] [6113] [HailoRT] [info] [internal_buffer_manager.cpp:212] [print_execution_results] Default Internal buffer planner executed successfully
[2026-10-05 10:27:34.367] [6113] [HailoRT] [info] [device_internal.cpp:57] [configure] Configuring HEF took 73.760973 milliseconds
[2026-10-05 10:27:34.367] [6113] [HailoRT] [info] [vdevice.cpp:749] [configure] Configuring HEF on VDevice took 74.034434 milliseconds
[2026-10-05 10:27:34.368] [6113] [HailoRT] [info] [infer_model.cpp:436] [configure] Configuring network group 'base-whisper-encoder-5s' with params: batch size: 0, power mode: PERFORMANCE, latency: NONE
[2026-10-05 10:27:34.368] [6113] [HailoRT] [info] [multi_io_elements.cpp:756] [create] Created (AsyncHwEl)
[2026-10-05 10:27:34.368] [6113] [HailoRT] [info] [queue_elements.cpp:450] [create] Created (EntryPushQEl0base-whisper-encoder-5s/input_layer1 | timeout: 10s)
[2026-10-05 10:27:34.368] [6113] [HailoRT] [info] [filter_elements.cpp:101] [create] Created (PreInferEl1base-whisper-encoder-5s/input_layer1 | Quantization - src_type: FLOAT32, dst_type UINT8, limvals_min: -1.51241, limvals_max: 1.52432)
[2026-10-05 10:27:34.368] [6113] [HailoRT] [info] [queue_elements.cpp:450] [create] Created (PushQEl1base-whisper-encoder-5s/input_layer1 | timeout: 10s)
[2026-10-05 10:27:34.368] [6113] [HailoRT] [info] [queue_elements.cpp:450] [create] Created (PushQEl0AsyncHwEl | timeout: 10s)
[2026-10-05 10:27:34.368] [6113] [HailoRT] [info] [filter_elements.cpp:375] [create] Created (PostInferEl0AsyncHwEl | Quantization - src_type: UINT8, dst_type FLOAT32, limvals_min: -23.9557, limvals_max: 14.4638)
[2026-10-05 10:27:34.368] [6113] [HailoRT] [info] [edge_elements.cpp:187] [create] Created (LastAsyncEl0PostInferEl0AsyncHwEl)
[2026-10-05 10:27:34.368] [6113] [HailoRT] [info] [pipeline.cpp:891] [print_deep_description] EntryPushQEl0base-whisper-encoder-5s/input_layer1 | inputs: user | outputs: PreInferEl1base-whisper-encoder-5s/input_layer1(running in thread_id: 6124)
[2026-10-05 10:27:34.368] [6113] [HailoRT] [info] [pipeline.cpp:891] [print_deep_description] PreInferEl1base-whisper-encoder-5s/input_layer1 | inputs: EntryPushQEl0base-whisper-encoder-5s/input_layer1[0] | outputs: PushQEl1base-whisper-encoder-5s/input_layer1
[2026-10-05 10:27:34.368] [6113] [HailoRT] [info] [pipeline.cpp:891] [print_deep_description] PushQEl1base-whisper-encoder-5s/input_layer1 | inputs: PreInferEl1base-whisper-encoder-5s/input_layer1[0] | outputs: AsyncHwEl(running in thread_id: 6125)
[2026-10-05 10:27:34.368] [6113] [HailoRT] [info] [pipeline.cpp:891] [print_deep_description] AsyncHwEl | inputs: PushQEl1base-whisper-encoder-5s/input_layer1[0] | outputs: PushQEl0AsyncHwEl
[2026-10-05 10:27:34.368] [6113] [HailoRT] [info] [pipeline.cpp:891] [print_deep_description] PushQEl0AsyncHwEl | inputs: AsyncHwEl[0] | outputs: PostInferEl0AsyncHwEl(running in thread_id: 6126)
[2026-10-05 10:27:34.368] [6113] [HailoRT] [info] [pipeline.cpp:891] [print_deep_description] PostInferEl0AsyncHwEl | inputs: PushQEl0AsyncHwEl[0] | outputs: LastAsyncEl0PostInferEl0AsyncHwEl
[2026-10-05 10:27:34.368] [6113] [HailoRT] [info] [pipeline.cpp:891] [print_deep_description] LastAsyncEl0PostInferEl0AsyncHwEl | inputs: PostInferEl0AsyncHwEl[0] | outputs: user
[2026-10-05 10:27:34.372] [6113] [HailoRT] [info] [buffer_requirements.cpp:195] [find_initial_desc_page_size] Using non-default initial_desc_page_size of 64, due to a small transfer size (48)
[2026-10-05 10:27:34.373] [6113] [HailoRT] [info] [internal_buffer_manager.cpp:204] [print_execution_results] Planned internal buffer memory: CMA memory 0, user memory 1974272. memory to edge layer usage factor is 0.46450835
[2026-10-05 10:27:34.373] [6113] [HailoRT] [info] [internal_buffer_manager.cpp:212] [print_execution_results] Default Internal buffer planner executed successfully
[2026-10-05 10:27:34.414] [6113] [HailoRT] [info] [buffer_requirements.cpp:195] [find_initial_desc_page_size] Using non-default initial_desc_page_size of 64, due to a small transfer size (48)
[2026-10-05 10:27:34.494] [6113] [HailoRT] [info] [device_internal.cpp:57] [configure] Configuring HEF took 123.96072 milliseconds
[2026-10-05 10:27:34.495] [6113] [HailoRT] [info] [vdevice.cpp:749] [configure] Configuring HEF on VDevice took 124.263236 milliseconds
[2026-10-05 10:27:34.495] [6113] [HailoRT] [info] [infer_model.cpp:436] [configure] Configuring network group 'base-whisper-decoder-fixed-sequence' with params: batch size: 0, power mode: PERFORMANCE, latency: NONE
[2026-10-05 10:27:34.495] [6113] [HailoRT] [info] [multi_io_elements.cpp:756] [create] Created (AsyncHwEl)
[2026-10-05 10:27:34.495] [6113] [HailoRT] [info] [queue_elements.cpp:450] [create] Created (EntryPushQEl0base-whisper-decoder-fixed-sequence/input_layer2 | timeout: 10s)
[2026-10-05 10:27:34.495] [6113] [HailoRT] [info] [filter_elements.cpp:101] [create] Created (PreInferEl6base-whisper-decoder-fixed-sequence/input_layer2 | Quantization - src_type: FLOAT32, dst_type UINT8, limvals_min: -0.535231, limvals_max: 0.556641)
[2026-10-05 10:27:34.495] [6113] [HailoRT] [info] [queue_elements.cpp:450] [create] Created (PushQEl6base-whisper-decoder-fixed-sequence/input_layer2 | timeout: 10s)
[2026-10-05 10:27:34.495] [6113] [HailoRT] [info] [queue_elements.cpp:450] [create] Created (EntryPushQEl0base-whisper-decoder-fixed-sequence/input_layer1 | timeout: 10s)
[2026-10-05 10:27:34.495] [6113] [HailoRT] [info] [filter_elements.cpp:101] [create] Created (PreInferEl12base-whisper-decoder-fixed-sequence/input_layer1 | Quantization - src_type: FLOAT32, dst_type UINT8, limvals_min: -23.5596, limvals_max: 14.4638)
[2026-10-05 10:27:34.495] [6113] [HailoRT] [info] [queue_elements.cpp:450] [create] Created (PushQEl12base-whisper-decoder-fixed-sequence/input_layer1 | timeout: 10s)
[2026-10-05 10:27:34.495] [6113] [HailoRT] [info] [queue_elements.cpp:450] [create] Created (PushQEl0AsyncHwEl | timeout: 10s)
[2026-10-05 10:27:34.495] [6113] [HailoRT] [info] [filter_elements.cpp:375] [create] Created (PostInferEl0AsyncHwEl | Quantization - src_type: UINT8, dst_type FLOAT32, limvals_min: -23.8414, limvals_max: 72.6594)
[2026-10-05 10:27:34.495] [6113] [HailoRT] [info] [edge_elements.cpp:187] [create] Created (LastAsyncEl0PostInferEl0AsyncHwEl)
[2026-10-05 10:27:34.519] [6113] [HailoRT] [info] [queue_elements.cpp:450] [create] Created (PushQEl2AsyncHwEl | timeout: 10s)
[2026-10-05 10:27:34.519] [6113] [HailoRT] [info] [filter_elements.cpp:375] [create] Created (PostInferEl2AsyncHwEl | Quantization - src_type: UINT8, dst_type FLOAT32, limvals_min: -23.4195, limvals_max: 61.8944)
[2026-10-05 10:27:34.519] [6113] [HailoRT] [info] [edge_elements.cpp:187] [create] Created (LastAsyncEl0PostInferEl2AsyncHwEl)
[2026-10-05 10:27:34.520] [6113] [HailoRT] [info] [queue_elements.cpp:450] [create] Created (PushQEl1AsyncHwEl | timeout: 10s)
[2026-10-05 10:27:34.520] [6113] [HailoRT] [info] [filter_elements.cpp:375] [create] Created (PostInferEl1AsyncHwEl | Quantization - src_type: UINT8, dst_type FLOAT32, limvals_min: -23.5004, limvals_max: 59.7302)
[2026-10-05 10:27:34.520] [6113] [HailoRT] [info] [edge_elements.cpp:187] [create] Created (LastAsyncEl0PostInferEl1AsyncHwEl)
[2026-10-05 10:27:34.522] [6113] [HailoRT] [info] [queue_elements.cpp:450] [create] Created (PushQEl3AsyncHwEl | timeout: 10s)
[2026-10-05 10:27:34.522] [6113] [HailoRT] [info] [filter_elements.cpp:375] [create] Created (PostInferEl3AsyncHwEl | Quantization - src_type: UINT8, dst_type FLOAT32, limvals_min: -24.3587, limvals_max: 63.1267)
[2026-10-05 10:27:34.522] [6113] [HailoRT] [info] [edge_elements.cpp:187] [create] Created (LastAsyncEl0PostInferEl3AsyncHwEl)
[2026-10-05 10:27:34.522] [6113] [HailoRT] [info] [pipeline.cpp:891] [print_deep_description] EntryPushQEl0base-whisper-decoder-fixed-sequence/input_layer1 | inputs: user | outputs: PreInferEl12base-whisper-decoder-fixed-sequence/input_layer1(running in thread_id: 6129)
[2026-10-05 10:27:34.522] [6113] [HailoRT] [info] [pipeline.cpp:891] [print_deep_description] PreInferEl12base-whisper-decoder-fixed-sequence/input_layer1 | inputs: EntryPushQEl0base-whisper-decoder-fixed-sequence/input_layer1[0] | outputs: PushQEl12base-whisper-decoder-fixed-sequence/input_layer1
[2026-10-05 10:27:34.522] [6113] [HailoRT] [info] [pipeline.cpp:891] [print_deep_description] PushQEl12base-whisper-decoder-fixed-sequence/input_layer1 | inputs: PreInferEl12base-whisper-decoder-fixed-sequence/input_layer1[0] | outputs: AsyncHwEl(running in thread_id: 6130)
[2026-10-05 10:27:34.522] [6113] [HailoRT] [info] [pipeline.cpp:891] [print_deep_description] AsyncHwEl | inputs: PushQEl12base-whisper-decoder-fixed-sequence/input_layer1[0] PushQEl6base-whisper-decoder-fixed-sequence/input_layer2[1] | outputs: PushQEl0AsyncHwEl PushQEl1AsyncHwEl PushQEl2AsyncHwEl PushQEl3AsyncHwEl
[2026-10-05 10:27:34.522] [6113] [HailoRT] [info] [pipeline.cpp:891] [print_deep_description] PushQEl0AsyncHwEl | inputs: AsyncHwEl[0] | outputs: PostInferEl0AsyncHwEl(running in thread_id: 6131)
[2026-10-05 10:27:34.522] [6113] [HailoRT] [info] [pipeline.cpp:891] [print_deep_description] PostInferEl0AsyncHwEl | inputs: PushQEl0AsyncHwEl[0] | outputs: LastAsyncEl0PostInferEl0AsyncHwEl
[2026-10-05 10:27:34.522] [6113] [HailoRT] [info] [pipeline.cpp:891] [print_deep_description] LastAsyncEl0PostInferEl0AsyncHwEl | inputs: PostInferEl0AsyncHwEl[0] | outputs: user
[2026-10-05 10:27:34.522] [6113] [HailoRT] [info] [pipeline.cpp:891] [print_deep_description] PushQEl1AsyncHwEl | inputs: AsyncHwEl[0] | outputs: PostInferEl1AsyncHwEl(running in thread_id: 6133)
[2026-10-05 10:27:34.522] [6113] [HailoRT] [info] [pipeline.cpp:891] [print_deep_description] PostInferEl1AsyncHwEl | inputs: PushQEl1AsyncHwEl[0] | outputs: LastAsyncEl0PostInferEl1AsyncHwEl
[2026-10-05 10:27:34.522] [6113] [HailoRT] [info] [pipeline.cpp:891] [print_deep_description] LastAsyncEl0PostInferEl1AsyncHwEl | inputs: PostInferEl1AsyncHwEl[0] | outputs: user
[2026-10-05 10:27:34.522] [6113] [HailoRT] [info] [pipeline.cpp:891] [print_deep_description] PushQEl2AsyncHwEl | inputs: AsyncHwEl[0] | outputs: PostInferEl2AsyncHwEl(running in thread_id: 6132)
[2026-10-05 10:27:34.522] [6113] [HailoRT] [info] [pipeline.cpp:891] [print_deep_description] PostInferEl2AsyncHwEl | inputs: PushQEl2AsyncHwEl[0] | outputs: LastAsyncEl0PostInferEl2AsyncHwEl
[2026-10-05 10:27:34.522] [6113] [HailoRT] [info] [pipeline.cpp:891] [print_deep_description] LastAsyncEl0PostInferEl2AsyncHwEl | inputs: PostInferEl2AsyncHwEl[0] | outputs: user
[2026-10-05 10:27:34.522] [6113] [HailoRT] [info] [pipeline.cpp:891] [print_deep_description] PushQEl3AsyncHwEl | inputs: AsyncHwEl[0] | outputs: PostInferEl3AsyncHwEl(running in thread_id: 6134)
[2026-10-05 10:27:34.522] [6113] [HailoRT] [info] [pipeline.cpp:891] [print_deep_description] PostInferEl3AsyncHwEl | inputs: PushQEl3AsyncHwEl[0] | outputs: LastAsyncEl0PostInferEl3AsyncHwEl
[2026-10-05 10:27:34.522] [6113] [HailoRT] [info] [pipeline.cpp:891] [print_deep_description] LastAsyncEl0PostInferEl3AsyncHwEl | inputs: PostInferEl3AsyncHwEl[0] | outputs: user
[2026-10-05 10:27:34.522] [6113] [HailoRT] [info] [pipeline.cpp:891] [print_deep_description] EntryPushQEl0base-whisper-decoder-fixed-sequence/input_layer2 | inputs: user | outputs: PreInferEl6base-whisper-decoder-fixed-sequence/input_layer2(running in thread_id: 6127)
[2026-10-05 10:27:34.522] [6113] [HailoRT] [info] [pipeline.cpp:891] [print_deep_description] PreInferEl6base-whisper-decoder-fixed-sequence/input_layer2 | inputs: EntryPushQEl0base-whisper-decoder-fixed-sequence/input_layer2[0] | outputs: PushQEl6base-whisper-decoder-fixed-sequence/input_layer2
[2026-10-05 10:27:34.522] [6113] [HailoRT] [info] [pipeline.cpp:891] [print_deep_description] PushQEl6base-whisper-decoder-fixed-sequence/input_layer2 | inputs: PreInferEl6base-whisper-decoder-fixed-sequence/input_layer2[0] | outputs: AsyncHwEl(running in thread_id: 6128)
[2026-10-05 10:28:03.685] [6113] [HailoRT] [info] [async_infer_runner.cpp:86] [shutdown] Pipeline was aborted. Shutting it down
[2026-10-05 10:28:03.689] [6113] [HailoRT] [info] [async_infer_runner.cpp:86] [shutdown] Pipeline was aborted. Shutting it down
[2026-10-05 10:28:03.689] [6113] [HailoRT] [info] [queue_elements.cpp:570] [execute_deactivate] enqueue() in element PushQEl0AsyncHwEl was aborted, got status = HAILO_SHUTDOWN_EVENT_SIGNALED(57)
[2026-10-05 10:28:03.689] [6113] [HailoRT] [info] [queue_elements.cpp:570] [execute_deactivate] enqueue() in element PushQEl1AsyncHwEl was aborted, got status = HAILO_SHUTDOWN_EVENT_SIGNALED(57)
[2026-10-05 10:28:03.689] [6113] [HailoRT] [info] [queue_elements.cpp:570] [execute_deactivate] enqueue() in element PushQEl2AsyncHwEl was aborted, got status = HAILO_SHUTDOWN_EVENT_SIGNALED(57)
[2026-10-05 10:28:03.689] [6113] [HailoRT] [info] [queue_elements.cpp:570] [execute_deactivate] enqueue() in element PushQEl3AsyncHwEl was aborted, got status = HAILO_SHUTDOWN_EVENT_SIGNALED(57)
[2026-10-05 10:28:03.689] [6113] [HailoRT] [info] [queue_elements.cpp:570] [execute_deactivate] enqueue() in element PushQEl12base-whisper-decoder-fixed-sequence/input_layer1 was aborted, got status = HAILO_SHUTDOWN_EVENT_SIGNALED(57)
[2026-10-05 10:28:03.689] [6113] [HailoRT] [info] [queue_elements.cpp:570] [execute_deactivate] enqueue() in element EntryPushQEl0base-whisper-decoder-fixed-sequence/input_layer1 was aborted, got status = HAILO_SHUTDOWN_EVENT_SIGNALED(57)
[2026-10-05 10:28:03.689] [6113] [HailoRT] [info] [queue_elements.cpp:570] [execute_deactivate] enqueue() in element PushQEl0AsyncHwEl was aborted, got status = HAILO_SHUTDOWN_EVENT_SIGNALED(57)
[2026-10-05 10:28:03.689] [6113] [HailoRT] [info] [queue_elements.cpp:570] [execute_deactivate] enqueue() in element PushQEl1AsyncHwEl was aborted, got status = HAILO_SHUTDOWN_EVENT_SIGNALED(57)
[2026-10-05 10:28:03.689] [6113] [HailoRT] [info] [queue_elements.cpp:570] [execute_deactivate] enqueue() in element PushQEl2AsyncHwEl was aborted, got status = HAILO_SHUTDOWN_EVENT_SIGNALED(57)
[2026-10-05 10:28:03.689] [6113] [HailoRT] [info] [queue_elements.cpp:570] [execute_deactivate] enqueue() in element PushQEl3AsyncHwEl was aborted, got status = HAILO_SHUTDOWN_EVENT_SIGNALED(57)
[2026-10-05 10:28:03.689] [6113] [HailoRT] [info] [queue_elements.cpp:570] [execute_deactivate] enqueue() in element PushQEl6base-whisper-decoder-fixed-sequence/input_layer2 was aborted, got status = HAILO_SHUTDOWN_EVENT_SIGNALED(57)
[2026-10-05 10:28:03.689] [6113] [HailoRT] [info] [queue_elements.cpp:570] [execute_deactivate] enqueue() in element EntryPushQEl0base-whisper-decoder-fixed-sequence/input_layer2 was aborted, got status = HAILO_SHUTDOWN_EVENT_SIGNALED(57)
[2026-10-05 10:28:03.689] [6113] [HailoRT] [info] [queue_elements.cpp:46] [~BaseQueueElement] Queue element EntryPushQEl0base-whisper-decoder-fixed-sequence/input_layer2 has 0 frames in his Queue on destruction
[2026-10-05 10:28:03.689] [6113] [HailoRT] [info] [queue_elements.cpp:46] [~BaseQueueElement] Queue element PushQEl6base-whisper-decoder-fixed-sequence/input_layer2 has 0 frames in his Queue on destruction
[2026-10-05 10:28:03.689] [6113] [HailoRT] [info] [queue_elements.cpp:46] [~BaseQueueElement] Queue element EntryPushQEl0base-whisper-decoder-fixed-sequence/input_layer1 has 0 frames in his Queue on destruction
[2026-10-05 10:28:03.689] [6113] [HailoRT] [info] [queue_elements.cpp:46] [~BaseQueueElement] Queue element PushQEl12base-whisper-decoder-fixed-sequence/input_layer1 has 0 frames in his Queue on destruction
[2026-10-05 10:28:03.689] [6113] [HailoRT] [info] [queue_elements.cpp:46] [~BaseQueueElement] Queue element PushQEl0AsyncHwEl has 0 frames in his Queue on destruction
[2026-10-05 10:28:03.689] [6113] [HailoRT] [info] [queue_elements.cpp:46] [~BaseQueueElement] Queue element PushQEl2AsyncHwEl has 0 frames in his Queue on destruction
[2026-10-05 10:28:03.690] [6113] [HailoRT] [info] [queue_elements.cpp:46] [~BaseQueueElement] Queue element PushQEl1AsyncHwEl has 0 frames in his Queue on destruction
[2026-10-05 10:28:03.690] [6113] [HailoRT] [info] [queue_elements.cpp:46] [~BaseQueueElement] Queue element PushQEl3AsyncHwEl has 0 frames in his Queue on destruction
[2026-10-05 10:28:03.690] [6113] [HailoRT] [info] [async_infer_runner.cpp:86] [shutdown] Pipeline was aborted. Shutting it down
[2026-10-05 10:28:03.692] [6113] [HailoRT] [info] [async_infer_runner.cpp:86] [shutdown] Pipeline was aborted. Shutting it down
[2026-10-05 10:28:03.692] [6113] [HailoRT] [info] [queue_elements.cpp:570] [execute_deactivate] enqueue() in element PushQEl0AsyncHwEl was aborted, got status = HAILO_SHUTDOWN_EVENT_SIGNALED(57)
[2026-10-05 10:28:03.692] [6113] [HailoRT] [info] [queue_elements.cpp:570] [execute_deactivate] enqueue() in element PushQEl1base-whisper-encoder-5s/input_layer1 was aborted, got status = HAILO_SHUTDOWN_EVENT_SIGNALED(57)
[2026-10-05 10:28:03.692] [6113] [HailoRT] [info] [queue_elements.cpp:570] [execute_deactivate] enqueue() in element EntryPushQEl0base-whisper-encoder-5s/input_layer1 was aborted, got status = HAILO_SHUTDOWN_EVENT_SIGNALED(57)
[2026-10-05 10:28:03.692] [6113] [HailoRT] [info] [queue_elements.cpp:46] [~BaseQueueElement] Queue element EntryPushQEl0base-whisper-encoder-5s/input_layer1 has 0 frames in his Queue on destruction
[2026-10-05 10:28:03.692] [6113] [HailoRT] [info] [queue_elements.cpp:46] [~BaseQueueElement] Queue element PushQEl1base-whisper-encoder-5s/input_layer1 has 0 frames in his Queue on destruction
[2026-10-05 10:28:03.692] [6113] [HailoRT] [info] [queue_elements.cpp:46] [~BaseQueueElement] Queue element PushQEl0AsyncHwEl has 0 frames in his Queue on destruction
[2026-10-05 10:28:13.754] [6619] [HailoRT] [info] [hef.cpp:1929] [get_network_group_and_network_name] No name was given. Addressing all networks of default network_group: base-whisper-encoder-5s
[2026-10-05 10:28:13.755] [6619] [HailoRT] [info] [hef.cpp:1929] [get_network_group_and_network_name] No name was given. Addressing all networks of default network_group: base-whisper-decoder-fixed-sequence
[2026-10-05 10:28:13.773] [6619] [HailoRT] [info] [vdevice.cpp:523] [create] Creating vdevice with params: device_count: 1, scheduling_algorithm: ROUND_ROBIN, multi_process_service: false
[2026-10-05 10:28:13.785] [6619] [HailoRT] [info] [device.cpp:49] [Device] OS Version: Linux 6.12.34+rpt-rpi-2712 #1 SMP PREEMPT Debian 1:6.12.34-1+rpt1~bookworm (2025-06-26) aarch64
[2026-10-05 10:28:13.787] [6619] [HailoRT] [info] [control.cpp:108] [control__parse_identify_results] firmware_version is: 4.20.0
[2026-10-05 10:28:13.787] [6619] [HailoRT] [info] [vdevice.cpp:651] [create] VDevice Infos: 0001:01:00.0
[2026-10-05 10:28:13.854] [6619] [HailoRT] [info] [hef.cpp:1929] [get_network_group_and_network_name] No name was given. Addressing all networks of default network_group: base-whisper-encoder-5s
[2026-10-05 10:28:13.854] [6619] [HailoRT] [info] [hef.cpp:1929] [get_network_group_and_network_name] No name was given. Addressing all networks of default network_group: base-whisper-encoder-5s
[2026-10-05 10:28:13.956] [6619] [HailoRT] [info] [hef.cpp:1929] [get_network_group_and_network_name] No name was given. Addressing all networks of default network_group: base-whisper-decoder-fixed-sequence
[2026-10-05 10:28:13.956] [6619] [HailoRT] [info] [hef.cpp:1929] [get_network_group_and_network_name] No name was given. Addressing all networks of default network_group: base-whisper-decoder-fixed-sequence
[2026-10-05 10:28:13.963] [6619] [HailoRT] [info] [internal_buffer_manager.cpp:204] [print_execution_results] Planned internal buffer memory: CMA memory 0, user memory 1576448. memory to edge layer usage factor is 0.34360003
[2026-10-05 10:28:13.963] [6619] [HailoRT] [info] [internal_buffer_manager.cpp:212] [print_execution_results] Default Internal buffer planner executed successfully
[2026-10-05 10:28:14.022] [6619] [HailoRT] [info] [device_internal.cpp:57] [configure] Configuring HEF took 65.766736 milliseconds
[2026-10-05 10:28:14.023] [6619] [HailoRT] [info] [vdevice.cpp:749] [configure] Configuring HEF on VDevice took 66.896711 milliseconds
[2026-10-05 10:28:14.023] [6619] [HailoRT] [info] [infer_model.cpp:436] [configure] Configuring network group 'base-whisper-encoder-5s' with params: batch size: 0, power mode: PERFORMANCE, latency: NONE
[2026-10-05 10:28:14.023] [6619] [HailoRT] [info] [multi_io_elements.cpp:756] [create] Created (AsyncHwEl)
[2026-10-05 10:28:14.024] [6619] [HailoRT] [info] [queue_elements.cpp:450] [create] Created (EntryPushQEl0base-whisper-encoder-5s/input_layer1 | timeout: 10s)
[2026-10-05 10:28:14.024] [6619] [HailoRT] [info] [filter_elements.cpp:101] [create] Created (PreInferEl1base-whisper-encoder-5s/input_layer1 | Quantization - src_type: FLOAT32, dst_type UINT8, limvals_min: -1.51241, limvals_max: 1.52432)
[2026-10-05 10:28:14.026] [6619] [HailoRT] [info] [queue_elements.cpp:450] [create] Created (PushQEl1base-whisper-encoder-5s/input_layer1 | timeout: 10s)
[2026-10-05 10:28:14.026] [6619] [HailoRT] [info] [queue_elements.cpp:450] [create] Created (PushQEl0AsyncHwEl | timeout: 10s)
[2026-10-05 10:28:14.027] [6619] [HailoRT] [info] [filter_elements.cpp:375] [create] Created (PostInferEl0AsyncHwEl | Quantization - src_type: UINT8, dst_type FLOAT32, limvals_min: -23.9557, limvals_max: 14.4638)
[2026-10-05 10:28:14.027] [6619] [HailoRT] [info] [edge_elements.cpp:187] [create] Created (LastAsyncEl0PostInferEl0AsyncHwEl)
[2026-10-05 10:28:14.027] [6619] [HailoRT] [info] [pipeline.cpp:891] [print_deep_description] EntryPushQEl0base-whisper-encoder-5s/input_layer1 | inputs: user | outputs: PreInferEl1base-whisper-encoder-5s/input_layer1(running in thread_id: 6633)
[2026-10-05 10:28:14.027] [6619] [HailoRT] [info] [pipeline.cpp:891] [print_deep_description] PreInferEl1base-whisper-encoder-5s/input_layer1 | inputs: EntryPushQEl0base-whisper-encoder-5s/input_layer1[0] | outputs: PushQEl1base-whisper-encoder-5s/input_layer1
[2026-10-05 10:28:14.027] [6619] [HailoRT] [info] [pipeline.cpp:891] [print_deep_description] PushQEl1base-whisper-encoder-5s/input_layer1 | inputs: PreInferEl1base-whisper-encoder-5s/input_layer1[0] | outputs: AsyncHwEl(running in thread_id: 6634)
[2026-10-05 10:28:14.027] [6619] [HailoRT] [info] [pipeline.cpp:891] [print_deep_description] AsyncHwEl | inputs: PushQEl1base-whisper-encoder-5s/input_layer1[0] | outputs: PushQEl0AsyncHwEl
[2026-10-05 10:28:14.027] [6619] [HailoRT] [info] [pipeline.cpp:891] [print_deep_description] PushQEl0AsyncHwEl | inputs: AsyncHwEl[0] | outputs: PostInferEl0AsyncHwEl(running in thread_id: 6635)
[2026-10-05 10:28:14.027] [6619] [HailoRT] [info] [pipeline.cpp:891] [print_deep_description] PostInferEl0AsyncHwEl | inputs: PushQEl0AsyncHwEl[0] | outputs: LastAsyncEl0PostInferEl0AsyncHwEl
[2026-10-05 10:28:14.027] [6619] [HailoRT] [info] [pipeline.cpp:891] [print_deep_description] LastAsyncEl0PostInferEl0AsyncHwEl | inputs: PostInferEl0AsyncHwEl[0] | outputs: user
[2026-10-05 10:28:14.038] [6619] [HailoRT] [info] [buffer_requirements.cpp:195] [find_initial_desc_page_size] Using non-default initial_desc_page_size of 64, due to a small transfer size (48)
[2026-10-05 10:28:14.038] [6619] [HailoRT] [info] [internal_buffer_manager.cpp:204] [print_execution_results] Planned internal buffer memory: CMA memory 0, user memory 1974272. memory to edge layer usage factor is 0.46450835
[2026-10-05 10:28:14.038] [6619] [HailoRT] [info] [internal_buffer_manager.cpp:212] [print_execution_results] Default Internal buffer planner executed successfully
[2026-10-05 10:28:14.078] [6619] [HailoRT] [info] [buffer_requirements.cpp:195] [find_initial_desc_page_size] Using non-default initial_desc_page_size of 64, due to a small transfer size (48)
[2026-10-05 10:28:14.184] [6619] [HailoRT] [info] [device_internal.cpp:57] [configure] Configuring HEF took 152.233058 milliseconds
[2026-10-05 10:28:14.184] [6619] [HailoRT] [info] [vdevice.cpp:749] [configure] Configuring HEF on VDevice took 154.212269 milliseconds
[2026-10-05 10:28:14.184] [6619] [HailoRT] [info] [infer_model.cpp:436] [configure] Configuring network group 'base-whisper-decoder-fixed-sequence' with params: batch size: 0, power mode: PERFORMANCE, latency: NONE
[2026-10-05 10:28:14.184] [6619] [HailoRT] [info] [multi_io_elements.cpp:756] [create] Created (AsyncHwEl)
[2026-10-05 10:28:14.184] [6619] [HailoRT] [info] [queue_elements.cpp:450] [create] Created (EntryPushQEl0base-whisper-decoder-fixed-sequence/input_layer2 | timeout: 10s)
[2026-10-05 10:28:14.184] [6619] [HailoRT] [info] [filter_elements.cpp:101] [create] Created (PreInferEl6base-whisper-decoder-fixed-sequence/input_layer2 | Quantization - src_type: FLOAT32, dst_type UINT8, limvals_min: -0.535231, limvals_max: 0.556641)
[2026-10-05 10:28:14.184] [6619] [HailoRT] [info] [queue_elements.cpp:450] [create] Created (PushQEl6base-whisper-decoder-fixed-sequence/input_layer2 | timeout: 10s)
[2026-10-05 10:28:14.184] [6619] [HailoRT] [info] [queue_elements.cpp:450] [create] Created (EntryPushQEl0base-whisper-decoder-fixed-sequence/input_layer1 | timeout: 10s)
[2026-10-05 10:28:14.184] [6619] [HailoRT] [info] [filter_elements.cpp:101] [create] Created (PreInferEl12base-whisper-decoder-fixed-sequence/input_layer1 | Quantization - src_type: FLOAT32, dst_type UINT8, limvals_min: -23.5596, limvals_max: 14.4638)
[2026-10-05 10:28:14.185] [6619] [HailoRT] [info] [queue_elements.cpp:450] [create] Created (PushQEl12base-whisper-decoder-fixed-sequence/input_layer1 | timeout: 10s)
[2026-10-05 10:28:14.185] [6619] [HailoRT] [info] [queue_elements.cpp:450] [create] Created (PushQEl0AsyncHwEl | timeout: 10s)
[2026-10-05 10:28:14.185] [6619] [HailoRT] [info] [filter_elements.cpp:375] [create] Created (PostInferEl0AsyncHwEl | Quantization - src_type: UINT8, dst_type FLOAT32, limvals_min: -23.8414, limvals_max: 72.6594)
[2026-10-05 10:28:14.185] [6619] [HailoRT] [info] [edge_elements.cpp:187] [create] Created (LastAsyncEl0PostInferEl0AsyncHwEl)
[2026-10-05 10:28:14.207] [6619] [HailoRT] [info] [queue_elements.cpp:450] [create] Created (PushQEl2AsyncHwEl | timeout: 10s)
[2026-10-05 10:28:14.207] [6619] [HailoRT] [info] [filter_elements.cpp:375] [create] Created (PostInferEl2AsyncHwEl | Quantization - src_type: UINT8, dst_type FLOAT32, limvals_min: -23.4195, limvals_max: 61.8944)
[2026-10-05 10:28:14.207] [6619] [HailoRT] [info] [edge_elements.cpp:187] [create] Created (LastAsyncEl0PostInferEl2AsyncHwEl)
[2026-10-05 10:28:14.208] [6619] [HailoRT] [info] [queue_elements.cpp:450] [create] Created (PushQEl1AsyncHwEl | timeout: 10s)
[2026-10-05 10:28:14.208] [6619] [HailoRT] [info] [filter_elements.cpp:375] [create] Created (PostInferEl1AsyncHwEl | Quantization - src_type: UINT8, dst_type FLOAT32, limvals_min: -23.5004, limvals_max: 59.7302)
[2026-10-05 10:28:14.208] [6619] [HailoRT] [info] [edge_elements.cpp:187] [create] Created (LastAsyncEl0PostInferEl1AsyncHwEl)
[2026-10-05 10:28:14.208] [6619] [HailoRT] [info] [queue_elements.cpp:450] [create] Created (PushQEl3AsyncHwEl | timeout: 10s)
[2026-10-05 10:28:14.208] [6619] [HailoRT] [info] [filter_elements.cpp:375] [create] Created (PostInferEl3AsyncHwEl | Quantization - src_type: UINT8, dst_type FLOAT32, limvals_min: -24.3587, limvals_max: 63.1267)
[2026-10-05 10:28:14.208] [6619] [HailoRT] [info] [edge_elements.cpp:187] [create] Created (LastAsyncEl0PostInferEl3AsyncHwEl)
[2026-10-05 10:28:14.208] [6619] [HailoRT] [info] [pipeline.cpp:891] [print_deep_description] EntryPushQEl0base-whisper-decoder-fixed-sequence/input_layer1 | inputs: user | outputs: PreInferEl12base-whisper-decoder-fixed-sequence/input_layer1(running in thread_id: 6638)
[2026-10-05 10:28:14.208] [6619] [HailoRT] [info] [pipeline.cpp:891] [print_deep_description] PreInferEl12base-whisper-decoder-fixed-sequence/input_layer1 | inputs: EntryPushQEl0base-whisper-decoder-fixed-sequence/input_layer1[0] | outputs: PushQEl12base-whisper-decoder-fixed-sequence/input_layer1
[2026-10-05 10:28:14.208] [6619] [HailoRT] [info] [pipeline.cpp:891] [print_deep_description] PushQEl12base-whisper-decoder-fixed-sequence/input_layer1 | inputs: PreInferEl12base-whisper-decoder-fixed-sequence/input_layer1[0] | outputs: AsyncHwEl(running in thread_id: 6639)
[2026-10-05 10:28:14.208] [6619] [HailoRT] [info] [pipeline.cpp:891] [print_deep_description] AsyncHwEl | inputs: PushQEl12base-whisper-decoder-fixed-sequence/input_layer1[0] PushQEl6base-whisper-decoder-fixed-sequence/input_layer2[1] | outputs: PushQEl0AsyncHwEl PushQEl1AsyncHwEl PushQEl2AsyncHwEl PushQEl3AsyncHwEl
[2026-10-05 10:28:14.208] [6619] [HailoRT] [info] [pipeline.cpp:891] [print_deep_description] PushQEl0AsyncHwEl | inputs: AsyncHwEl[0] | outputs: PostInferEl0AsyncHwEl(running in thread_id: 6640)
[2026-10-05 10:28:14.208] [6619] [HailoRT] [info] [pipeline.cpp:891] [print_deep_description] PostInferEl0AsyncHwEl | inputs: PushQEl0AsyncHwEl[0] | outputs: LastAsyncEl0PostInferEl0AsyncHwEl
[2026-10-05 10:28:14.208] [6619] [HailoRT] [info] [pipeline.cpp:891] [print_deep_description] LastAsyncEl0PostInferEl0AsyncHwEl | inputs: PostInferEl0AsyncHwEl[0] | outputs: user
[2026-10-05 10:28:14.208] [6619] [HailoRT] [info] [pipeline.cpp:891] [print_deep_description] PushQEl1AsyncHwEl | inputs: AsyncHwEl[0] | outputs: PostInferEl1AsyncHwEl(running in thread_id: 6643)
[2026-10-05 10:28:14.208] [6619] [HailoRT] [info] [pipeline.cpp:891] [print_deep_description] PostInferEl1AsyncHwEl | inputs: PushQEl1AsyncHwEl[0] | outputs: LastAsyncEl0PostInferEl1AsyncHwEl
[2026-10-05 10:28:14.208] [6619] [HailoRT] [info] [pipeline.cpp:891] [print_deep_description] LastAsyncEl0PostInferEl1AsyncHwEl | inputs: PostInferEl1AsyncHwEl[0] | outputs: user
[2026-10-05 10:28:14.208] [6619] [HailoRT] [info] [pipeline.cpp:891] [print_deep_description] PushQEl2AsyncHwEl | inputs: AsyncHwEl[0] | outputs: PostInferEl2AsyncHwEl(running in thread_id: 6641)
[2026-10-05 10:28:14.208] [6619] [HailoRT] [info] [pipeline.cpp:891] [print_deep_description] PostInferEl2AsyncHwEl | inputs: PushQEl2AsyncHwEl[0] | outputs: LastAsyncEl0PostInferEl2AsyncHwEl
[2026-10-05 10:28:14.208] [6619] [HailoRT] [info] [pipeline.cpp:891] [print_deep_description] LastAsyncEl0PostInferEl2AsyncHwEl | inputs: PostInferEl2AsyncHwEl[0] | outputs: user
[2026-10-05 10:28:14.208] [6619] [HailoRT] [info] [pipeline.cpp:891] [print_deep_description] PushQEl3AsyncHwEl | inputs: AsyncHwEl[0] | outputs: PostInferEl3AsyncHwEl(running in thread_id: 6644)
[2026-10-05 10:28:14.208] [6619] [HailoRT] [info] [pipeline.cpp:891] [print_deep_description] PostInferEl3AsyncHwEl | inputs: PushQEl3AsyncHwEl[0] | outputs: LastAsyncEl0PostInferEl3AsyncHwEl
[2026-10-05 10:28:14.208] [6619] [HailoRT] [info] [pipeline.cpp:891] [print_deep_description] LastAsyncEl0PostInferEl3AsyncHwEl | inputs: PostInferEl3AsyncHwEl[0] | outputs: user
[2026-10-05 10:28:14.208] [6619] [HailoRT] [info] [pipeline.cpp:891] [print_deep_description] EntryPushQEl0base-whisper-decoder-fixed-sequence/input_layer2 | inputs: user | outputs: PreInferEl6base-whisper-decoder-fixed-sequence/input_layer2(running in thread_id: 6636)
[2026-10-05 10:28:14.208] [6619] [HailoRT] [info] [pipeline.cpp:891] [print_deep_description] PreInferEl6base-whisper-decoder-fixed-sequence/input_layer2 | inputs: EntryPushQEl0base-whisper-decoder-fixed-sequence/input_layer2[0] | outputs: PushQEl6base-whisper-decoder-fixed-sequence/input_layer2
[2026-10-05 10:28:14.208] [6619] [HailoRT] [info] [pipeline.cpp:891] [print_deep_description] PushQEl6base-whisper-decoder-fixed-sequence/input_layer2 | inputs: PreInferEl6base-whisper-decoder-fixed-sequence/input_layer2[0] | outputs: AsyncHwEl(running in thread_id: 6637)
[2026-10-05 10:29:34.274] [6619] [HailoRT] [info] [async_infer_runner.cpp:86] [shutdown] Pipeline was aborted. Shutting it down
[2026-10-05 10:29:34.277] [6619] [HailoRT] [info] [async_infer_runner.cpp:86] [shutdown] Pipeline was aborted. Shutting it down
[2026-10-05 10:29:34.277] [6619] [HailoRT] [info] [queue_elements.cpp:570] [execute_deactivate] enqueue() in element PushQEl0AsyncHwEl was aborted, got status = HAILO_SHUTDOWN_EVENT_SIGNALED(57)
[2026-10-05 10:29:34.277] [6619] [HailoRT] [info] [queue_elements.cpp:570] [execute_deactivate] enqueue() in element PushQEl1AsyncHwEl was aborted, got status = HAILO_SHUTDOWN_EVENT_SIGNALED(57)
[2026-10-05 10:29:34.277] [6619] [HailoRT] [info] [queue_elements.cpp:570] [execute_deactivate] enqueue() in element PushQEl2AsyncHwEl was aborted, got status = HAILO_SHUTDOWN_EVENT_SIGNALED(57)
[2026-10-05 10:29:34.277] [6619] [HailoRT] [info] [queue_elements.cpp:570] [execute_deactivate] enqueue() in element PushQEl3AsyncHwEl was aborted, got status = HAILO_SHUTDOWN_EVENT_SIGNALED(57)
[2026-10-05 10:29:34.277] [6619] [HailoRT] [info] [queue_elements.cpp:570] [execute_deactivate] enqueue() in element PushQEl12base-whisper-decoder-fixed-sequence/input_layer1 was aborted, got status = HAILO_SHUTDOWN_EVENT_SIGNALED(57)
[2026-10-05 10:29:34.277] [6619] [HailoRT] [info] [queue_elements.cpp:570] [execute_deactivate] enqueue() in element EntryPushQEl0base-whisper-decoder-fixed-sequence/input_layer1 was aborted, got status = HAILO_SHUTDOWN_EVENT_SIGNALED(57)
[2026-10-05 10:29:34.277] [6619] [HailoRT] [info] [queue_elements.cpp:570] [execute_deactivate] enqueue() in element PushQEl0AsyncHwEl was aborted, got status = HAILO_SHUTDOWN_EVENT_SIGNALED(57)
[2026-10-05 10:29:34.277] [6619] [HailoRT] [info] [queue_elements.cpp:570] [execute_deactivate] enqueue() in element PushQEl1AsyncHwEl was aborted, got status = HAILO_SHUTDOWN_EVENT_SIGNALED(57)
[2026-10-05 10:29:34.277] [6619] [HailoRT] [info] [queue_elements.cpp:570] [execute_deactivate] enqueue() in element PushQEl2AsyncHwEl was aborted, got status = HAILO_SHUTDOWN_EVENT_SIGNALED(57)
[2026-10-05 10:29:34.277] [6619] [HailoRT] [info] [queue_elements.cpp:570] [execute_deactivate] enqueue() in element PushQEl3AsyncHwEl was aborted, got status = HAILO_SHUTDOWN_EVENT_SIGNALED(57)
[2026-10-05 10:29:34.277] [6619] [HailoRT] [info] [queue_elements.cpp:570] [execute_deactivate] enqueue() in element PushQEl6base-whisper-decoder-fixed-sequence/input_layer2 was aborted, got status = HAILO_SHUTDOWN_EVENT_SIGNALED(57)
[2026-10-05 10:29:34.277] [6619] [HailoRT] [info] [queue_elements.cpp:570] [execute_deactivate] enqueue() in element EntryPushQEl0base-whisper-decoder-fixed-sequence/input_layer2 was aborted, got status = HAILO_SHUTDOWN_EVENT_SIGNALED(57)
[2026-10-05 10:29:34.277] [6619] [HailoRT] [info] [queue_elements.cpp:46] [~BaseQueueElement] Queue element EntryPushQEl0base-whisper-decoder-fixed-sequence/input_layer2 has 0 frames in his Queue on destruction
[2026-10-05 10:29:34.277] [6619] [HailoRT] [info] [queue_elements.cpp:46] [~BaseQueueElement] Queue element PushQEl6base-whisper-decoder-fixed-sequence/input_layer2 has 0 frames in his Queue on destruction
[2026-10-05 10:29:34.277] [6619] [HailoRT] [info] [queue_elements.cpp:46] [~BaseQueueElement] Queue element EntryPushQEl0base-whisper-decoder-fixed-sequence/input_layer1 has 0 frames in his Queue on destruction
[2026-10-05 10:29:34.277] [6619] [HailoRT] [info] [queue_elements.cpp:46] [~BaseQueueElement] Queue element PushQEl12base-whisper-decoder-fixed-sequence/input_layer1 has 0 frames in his Queue on destruction
[2026-10-05 10:29:34.277] [6619] [HailoRT] [info] [queue_elements.cpp:46] [~BaseQueueElement] Queue element PushQEl0AsyncHwEl has 0 frames in his Queue on destruction
[2026-10-05 10:29:34.277] [6619] [HailoRT] [info] [queue_elements.cpp:46] [~BaseQueueElement] Queue element PushQEl2AsyncHwEl has 0 frames in his Queue on destruction
[2026-10-05 10:29:34.277] [6619] [HailoRT] [info] [queue_elements.cpp:46] [~BaseQueueElement] Queue element PushQEl1AsyncHwEl has 0 frames in his Queue on destruction
[2026-10-05 10:29:34.277] [6619] [HailoRT] [info] [queue_elements.cpp:46] [~BaseQueueElement] Queue element PushQEl3AsyncHwEl has 0 frames in his Queue on destruction
[2026-10-05 10:29:34.278] [6619] [HailoRT] [info] [async_infer_runner.cpp:86] [shutdown] Pipeline was aborted. Shutting it down
[2026-10-05 10:29:34.284] [6619] [HailoRT] [info] [async_infer_runner.cpp:86] [shutdown] Pipeline was aborted. Shutting it down
[2026-10-05 10:29:34.284] [6619] [HailoRT] [info] [queue_elements.cpp:570] [execute_deactivate] enqueue() in element PushQEl0AsyncHwEl was aborted, got status = HAILO_SHUTDOWN_EVENT_SIGNALED(57)
[2026-10-05 10:29:34.284] [6619] [HailoRT] [info] [queue_elements.cpp:570] [execute_deactivate] enqueue() in element PushQEl1base-whisper-encoder-5s/input_layer1 was aborted, got status = HAILO_SHUTDOWN_EVENT_SIGNALED(57)
[2026-10-05 10:29:34.284] [6619] [HailoRT] [info] [queue_elements.cpp:570] [execute_deactivate] enqueue() in element EntryPushQEl0base-whisper-encoder-5s/input_layer1 was aborted, got status = HAILO_SHUTDOWN_EVENT_SIGNALED(57)
[2026-10-05 10:29:34.284] [6619] [HailoRT] [info] [queue_elements.cpp:46] [~BaseQueueElement] Queue element EntryPushQEl0base-whisper-encoder-5s/input_layer1 has 0 frames in his Queue on destruction
[2026-10-05 10:29:34.284] [6619] [HailoRT] [info] [queue_elements.cpp:46] [~BaseQueueElement] Queue element PushQEl1base-whisper-encoder-5s/input_layer1 has 0 frames in his Queue on destruction
[2026-10-05 10:29:34.285] [6619] [HailoRT] [info] [queue_elements.cpp:46] [~BaseQueueElement] Queue element PushQEl0AsyncHwEl has 0 frames in his Queue on destruction
[2026-10-05 10:29:43.661] [7136] [HailoRT] [info] [hef.cpp:1929] [get_network_group_and_network_name] No name was given. Addressing all networks of default network_group: base-whisper-encoder-5s
[2026-10-05 10:29:43.661] [7136] [HailoRT] [info] [hef.cpp:1929] [get_network_group_and_network_name] No name was given. Addressing all networks of default network_group: base-whisper-decoder-fixed-sequence
[2026-10-05 10:29:43.679] [7136] [HailoRT] [info] [vdevice.cpp:523] [create] Creating vdevice with params: device_count: 1, scheduling_algorithm: ROUND_ROBIN, multi_process_service: false
[2026-10-05 10:29:43.691] [7136] [HailoRT] [info] [device.cpp:49] [Device] OS Version: Linux 6.12.34+rpt-rpi-2712 #1 SMP PREEMPT Debian 1:6.12.34-1+rpt1~bookworm (2025-06-26) aarch64
[2026-10-05 10:29:43.694] [7136] [HailoRT] [info] [control.cpp:108] [control__parse_identify_results] firmware_version is: 4.20.0
[2026-10-05 10:29:43.694] [7136] [HailoRT] [info] [vdevice.cpp:651] [create] VDevice Infos: 0001:01:00.0
[2026-10-05 10:29:43.768] [7136] [HailoRT] [info] [hef.cpp:1929] [get_network_group_and_network_name] No name was given. Addressing all networks of default network_group: base-whisper-encoder-5s
[2026-10-05 10:29:43.768] [7136] [HailoRT] [info] [hef.cpp:1929] [get_network_group_and_network_name] No name was given. Addressing all networks of default network_group: base-whisper-encoder-5s
[2026-10-05 10:29:43.859] [7136] [HailoRT] [info] [hef.cpp:1929] [get_network_group_and_network_name] No name was given. Addressing all networks of default network_group: base-whisper-decoder-fixed-sequence
[2026-10-05 10:29:43.860] [7136] [HailoRT] [info] [hef.cpp:1929] [get_network_group_and_network_name] No name was given. Addressing all networks of default network_group: base-whisper-decoder-fixed-sequence
[2026-10-05 10:29:43.866] [7136] [HailoRT] [info] [internal_buffer_manager.cpp:204] [print_execution_results] Planned internal buffer memory: CMA memory 0, user memory 1576448. memory to edge layer usage factor is 0.34360003
[2026-10-05 10:29:43.866] [7136] [HailoRT] [info] [internal_buffer_manager.cpp:212] [print_execution_results] Default Internal buffer planner executed successfully
[2026-10-05 10:29:43.928] [7136] [HailoRT] [info] [device_internal.cpp:57] [configure] Configuring HEF took 68.573614 milliseconds
[2026-10-05 10:29:43.928] [7136] [HailoRT] [info] [vdevice.cpp:749] [configure] Configuring HEF on VDevice took 68.847335 milliseconds
[2026-10-05 10:29:43.929] [7136] [HailoRT] [info] [infer_model.cpp:436] [configure] Configuring network group 'base-whisper-encoder-5s' with params: batch size: 0, power mode: PERFORMANCE, latency: NONE
[2026-10-05 10:29:43.929] [7136] [HailoRT] [info] [multi_io_elements.cpp:756] [create] Created (AsyncHwEl)
[2026-10-05 10:29:43.929] [7136] [HailoRT] [info] [queue_elements.cpp:450] [create] Created (EntryPushQEl0base-whisper-encoder-5s/input_layer1 | timeout: 10s)
[2026-10-05 10:29:43.929] [7136] [HailoRT] [info] [filter_elements.cpp:101] [create] Created (PreInferEl1base-whisper-encoder-5s/input_layer1 | Quantization - src_type: FLOAT32, dst_type UINT8, limvals_min: -1.51241, limvals_max: 1.52432)
[2026-10-05 10:29:43.929] [7136] [HailoRT] [info] [queue_elements.cpp:450] [create] Created (PushQEl1base-whisper-encoder-5s/input_layer1 | timeout: 10s)
[2026-10-05 10:29:43.929] [7136] [HailoRT] [info] [queue_elements.cpp:450] [create] Created (PushQEl0AsyncHwEl | timeout: 10s)
[2026-10-05 10:29:43.929] [7136] [HailoRT] [info] [filter_elements.cpp:375] [create] Created (PostInferEl0AsyncHwEl | Quantization - src_type: UINT8, dst_type FLOAT32, limvals_min: -23.9557, limvals_max: 14.4638)
[2026-10-05 10:29:43.929] [7136] [HailoRT] [info] [edge_elements.cpp:187] [create] Created (LastAsyncEl0PostInferEl0AsyncHwEl)
[2026-10-05 10:29:43.929] [7136] [HailoRT] [info] [pipeline.cpp:891] [print_deep_description] EntryPushQEl0base-whisper-encoder-5s/input_layer1 | inputs: user | outputs: PreInferEl1base-whisper-encoder-5s/input_layer1(running in thread_id: 7151)
[2026-10-05 10:29:43.929] [7136] [HailoRT] [info] [pipeline.cpp:891] [print_deep_description] PreInferEl1base-whisper-encoder-5s/input_layer1 | inputs: EntryPushQEl0base-whisper-encoder-5s/input_layer1[0] | outputs: PushQEl1base-whisper-encoder-5s/input_layer1
[2026-10-05 10:29:43.929] [7136] [HailoRT] [info] [pipeline.cpp:891] [print_deep_description] PushQEl1base-whisper-encoder-5s/input_layer1 | inputs: PreInferEl1base-whisper-encoder-5s/input_layer1[0] | outputs: AsyncHwEl(running in thread_id: 7152)
[2026-10-05 10:29:43.929] [7136] [HailoRT] [info] [pipeline.cpp:891] [print_deep_description] AsyncHwEl | inputs: PushQEl1base-whisper-encoder-5s/input_layer1[0] | outputs: PushQEl0AsyncHwEl
[2026-10-05 10:29:43.929] [7136] [HailoRT] [info] [pipeline.cpp:891] [print_deep_description] PushQEl0AsyncHwEl | inputs: AsyncHwEl[0] | outputs: PostInferEl0AsyncHwEl(running in thread_id: 7153)
[2026-10-05 10:29:43.929] [7136] [HailoRT] [info] [pipeline.cpp:891] [print_deep_description] PostInferEl0AsyncHwEl | inputs: PushQEl0AsyncHwEl[0] | outputs: LastAsyncEl0PostInferEl0AsyncHwEl
[2026-10-05 10:29:43.929] [7136] [HailoRT] [info] [pipeline.cpp:891] [print_deep_description] LastAsyncEl0PostInferEl0AsyncHwEl | inputs: PostInferEl0AsyncHwEl[0] | outputs: user
[2026-10-05 10:29:43.933] [7136] [HailoRT] [info] [buffer_requirements.cpp:195] [find_initial_desc_page_size] Using non-default initial_desc_page_size of 64, due to a small transfer size (48)
[2026-10-05 10:29:43.934] [7136] [HailoRT] [info] [internal_buffer_manager.cpp:204] [print_execution_results] Planned internal buffer memory: CMA memory 0, user memory 1974272. memory to edge layer usage factor is 0.46450835
[2026-10-05 10:29:43.934] [7136] [HailoRT] [info] [internal_buffer_manager.cpp:212] [print_execution_results] Default Internal buffer planner executed successfully
[2026-10-05 10:29:43.974] [7136] [HailoRT] [info] [buffer_requirements.cpp:195] [find_initial_desc_page_size] Using non-default initial_desc_page_size of 64, due to a small transfer size (48)
[2026-10-05 10:29:44.053] [7136] [HailoRT] [info] [device_internal.cpp:57] [configure] Configuring HEF took 122.041268 milliseconds
[2026-10-05 10:29:44.053] [7136] [HailoRT] [info] [vdevice.cpp:749] [configure] Configuring HEF on VDevice took 122.340582 milliseconds
[2026-10-05 10:29:44.053] [7136] [HailoRT] [info] [infer_model.cpp:436] [configure] Configuring network group 'base-whisper-decoder-fixed-sequence' with params: batch size: 0, power mode: PERFORMANCE, latency: NONE
[2026-10-05 10:29:44.053] [7136] [HailoRT] [info] [multi_io_elements.cpp:756] [create] Created (AsyncHwEl)
[2026-10-05 10:29:44.054] [7136] [HailoRT] [info] [queue_elements.cpp:450] [create] Created (EntryPushQEl0base-whisper-decoder-fixed-sequence/input_layer2 | timeout: 10s)
[2026-10-05 10:29:44.054] [7136] [HailoRT] [info] [filter_elements.cpp:101] [create] Created (PreInferEl6base-whisper-decoder-fixed-sequence/input_layer2 | Quantization - src_type: FLOAT32, dst_type UINT8, limvals_min: -0.535231, limvals_max: 0.556641)
[2026-10-05 10:29:44.054] [7136] [HailoRT] [info] [queue_elements.cpp:450] [create] Created (PushQEl6base-whisper-decoder-fixed-sequence/input_layer2 | timeout: 10s)
[2026-10-05 10:29:44.054] [7136] [HailoRT] [info] [queue_elements.cpp:450] [create] Created (EntryPushQEl0base-whisper-decoder-fixed-sequence/input_layer1 | timeout: 10s)
[2026-10-05 10:29:44.054] [7136] [HailoRT] [info] [filter_elements.cpp:101] [create] Created (PreInferEl12base-whisper-decoder-fixed-sequence/input_layer1 | Quantization - src_type: FLOAT32, dst_type UINT8, limvals_min: -23.5596, limvals_max: 14.4638)
[2026-10-05 10:29:44.055] [7136] [HailoRT] [info] [queue_elements.cpp:450] [create] Created (PushQEl12base-whisper-decoder-fixed-sequence/input_layer1 | timeout: 10s)
[2026-10-05 10:29:44.055] [7136] [HailoRT] [info] [queue_elements.cpp:450] [create] Created (PushQEl0AsyncHwEl | timeout: 10s)
[2026-10-05 10:29:44.055] [7136] [HailoRT] [info] [filter_elements.cpp:375] [create] Created (PostInferEl0AsyncHwEl | Quantization - src_type: UINT8, dst_type FLOAT32, limvals_min: -23.8414, limvals_max: 72.6594)
[2026-10-05 10:29:44.055] [7136] [HailoRT] [info] [edge_elements.cpp:187] [create] Created (LastAsyncEl0PostInferEl0AsyncHwEl)
[2026-10-05 10:29:44.095] [7136] [HailoRT] [info] [queue_elements.cpp:450] [create] Created (PushQEl2AsyncHwEl | timeout: 10s)
[2026-10-05 10:29:44.095] [7136] [HailoRT] [info] [filter_elements.cpp:375] [create] Created (PostInferEl2AsyncHwEl | Quantization - src_type: UINT8, dst_type FLOAT32, limvals_min: -23.4195, limvals_max: 61.8944)
[2026-10-05 10:29:44.095] [7136] [HailoRT] [info] [edge_elements.cpp:187] [create] Created (LastAsyncEl0PostInferEl2AsyncHwEl)
[2026-10-05 10:29:44.095] [7136] [HailoRT] [info] [queue_elements.cpp:450] [create] Created (PushQEl1AsyncHwEl | timeout: 10s)
[2026-10-05 10:29:44.095] [7136] [HailoRT] [info] [filter_elements.cpp:375] [create] Created (PostInferEl1AsyncHwEl | Quantization - src_type: UINT8, dst_type FLOAT32, limvals_min: -23.5004, limvals_max: 59.7302)
[2026-10-05 10:29:44.095] [7136] [HailoRT] [info] [edge_elements.cpp:187] [create] Created (LastAsyncEl0PostInferEl1AsyncHwEl)
[2026-10-05 10:29:44.095] [7136] [HailoRT] [info] [queue_elements.cpp:450] [create] Created (PushQEl3AsyncHwEl | timeout: 10s)
[2026-10-05 10:29:44.095] [7136] [HailoRT] [info] [filter_elements.cpp:375] [create] Created (PostInferEl3AsyncHwEl | Quantization - src_type: UINT8, dst_type FLOAT32, limvals_min: -24.3587, limvals_max: 63.1267)
[2026-10-05 10:29:44.095] [7136] [HailoRT] [info] [edge_elements.cpp:187] [create] Created (LastAsyncEl0PostInferEl3AsyncHwEl)
[2026-10-05 10:29:44.095] [7136] [HailoRT] [info] [pipeline.cpp:891] [print_deep_description] EntryPushQEl0base-whisper-decoder-fixed-sequence/input_layer1 | inputs: user | outputs: PreInferEl12base-whisper-decoder-fixed-sequence/input_layer1(running in thread_id: 7156)
[2026-10-05 10:29:44.095] [7136] [HailoRT] [info] [pipeline.cpp:891] [print_deep_description] PreInferEl12base-whisper-decoder-fixed-sequence/input_layer1 | inputs: EntryPushQEl0base-whisper-decoder-fixed-sequence/input_layer1[0] | outputs: PushQEl12base-whisper-decoder-fixed-sequence/input_layer1
[2026-10-05 10:29:44.095] [7136] [HailoRT] [info] [pipeline.cpp:891] [print_deep_description] PushQEl12base-whisper-decoder-fixed-sequence/input_layer1 | inputs: PreInferEl12base-whisper-decoder-fixed-sequence/input_layer1[0] | outputs: AsyncHwEl(running in thread_id: 7157)
[2026-10-05 10:29:44.095] [7136] [HailoRT] [info] [pipeline.cpp:891] [print_deep_description] AsyncHwEl | inputs: PushQEl12base-whisper-decoder-fixed-sequence/input_layer1[0] PushQEl6base-whisper-decoder-fixed-sequence/input_layer2[1] | outputs: PushQEl0AsyncHwEl PushQEl1AsyncHwEl PushQEl2AsyncHwEl PushQEl3AsyncHwEl
[2026-10-05 10:29:44.095] [7136] [HailoRT] [info] [pipeline.cpp:891] [print_deep_description] PushQEl0AsyncHwEl | inputs: AsyncHwEl[0] | outputs: PostInferEl0AsyncHwEl(running in thread_id: 7158)
[2026-10-05 10:29:44.095] [7136] [HailoRT] [info] [pipeline.cpp:891] [print_deep_description] PostInferEl0AsyncHwEl | inputs: PushQEl0AsyncHwEl[0] | outputs: LastAsyncEl0PostInferEl0AsyncHwEl
[2026-10-05 10:29:44.095] [7136] [HailoRT] [info] [pipeline.cpp:891] [print_deep_description] LastAsyncEl0PostInferEl0AsyncHwEl | inputs: PostInferEl0AsyncHwEl[0] | outputs: user
[2026-10-05 10:29:44.095] [7136] [HailoRT] [info] [pipeline.cpp:891] [print_deep_description] PushQEl1AsyncHwEl | inputs: AsyncHwEl[0] | outputs: PostInferEl1AsyncHwEl(running in thread_id: 7160)
[2026-10-05 10:29:44.095] [7136] [HailoRT] [info] [pipeline.cpp:891] [print_deep_description] PostInferEl1AsyncHwEl | inputs: PushQEl1AsyncHwEl[0] | outputs: LastAsyncEl0PostInferEl1AsyncHwEl
[2026-10-05 10:29:44.095] [7136] [HailoRT] [info] [pipeline.cpp:891] [print_deep_description] LastAsyncEl0PostInferEl1AsyncHwEl | inputs: PostInferEl1AsyncHwEl[0] | outputs: user
[2026-10-05 10:29:44.095] [7136] [HailoRT] [info] [pipeline.cpp:891] [print_deep_description] PushQEl2AsyncHwEl | inputs: AsyncHwEl[0] | outputs: PostInferEl2AsyncHwEl(running in thread_id: 7159)
[2026-10-05 10:29:44.095] [7136] [HailoRT] [info] [pipeline.cpp:891] [print_deep_description] PostInferEl2AsyncHwEl | inputs: PushQEl2AsyncHwEl[0] | outputs: LastAsyncEl0PostInferEl2AsyncHwEl
[2026-10-05 10:29:44.095] [7136] [HailoRT] [info] [pipeline.cpp:891] [print_deep_description] LastAsyncEl0PostInferEl2AsyncHwEl | inputs: PostInferEl2AsyncHwEl[0] | outputs: user
[2026-10-05 10:29:44.095] [7136] [HailoRT] [info] [pipeline.cpp:891] [print_deep_description] PushQEl3AsyncHwEl | inputs: AsyncHwEl[0] | outputs: PostInferEl3AsyncHwEl(running in thread_id: 7161)
[2026-10-05 10:29:44.095] [7136] [HailoRT] [info] [pipeline.cpp:891] [print_deep_description] PostInferEl3AsyncHwEl | inputs: PushQEl3AsyncHwEl[0] | outputs: LastAsyncEl0PostInferEl3AsyncHwEl
[2026-10-05 10:29:44.095] [7136] [HailoRT] [info] [pipeline.cpp:891] [print_deep_description] LastAsyncEl0PostInferEl3AsyncHwEl | inputs: PostInferEl3AsyncHwEl[0] | outputs: user
[2026-10-05 10:29:44.095] [7136] [HailoRT] [info] [pipeline.cpp:891] [print_deep_description] EntryPushQEl0base-whisper-decoder-fixed-sequence/input_layer2 | inputs: user | outputs: PreInferEl6base-whisper-decoder-fixed-sequence/input_layer2(running in thread_id: 7154)
[2026-10-05 10:29:44.095] [7136] [HailoRT] [info] [pipeline.cpp:891] [print_deep_description] PreInferEl6base-whisper-decoder-fixed-sequence/input_layer2 | inputs: EntryPushQEl0base-whisper-decoder-fixed-sequence/input_layer2[0] | outputs: PushQEl6base-whisper-decoder-fixed-sequence/input_layer2
[2026-10-05 10:29:44.095] [7136] [HailoRT] [info] [pipeline.cpp:891] [print_deep_description] PushQEl6base-whisper-decoder-fixed-sequence/input_layer2 | inputs: PreInferEl6base-whisper-decoder-fixed-sequence/input_layer2[0] | outputs: AsyncHwEl(running in thread_id: 7155)
[2026-10-06 13:24:20.803] [8968] [HailoRT] [info] [hef.cpp:1929] [get_network_group_and_network_name] No name was given. Addressing all networks of default network_group: base-whisper-encoder-5s
[2026-10-06 13:24:20.803] [8968] [HailoRT] [info] [hef.cpp:1929] [get_network_group_and_network_name] No name was given. Addressing all networks of default network_group: base-whisper-decoder-fixed-sequence
[2026-10-06 13:24:20.824] [8968] [HailoRT] [info] [vdevice.cpp:523] [create] Creating vdevice with params: device_count: 1, scheduling_algorithm: ROUND_ROBIN, multi_process_service: false
[2026-10-06 13:24:20.850] [8968] [HailoRT] [info] [device.cpp:49] [Device] OS Version: Linux 6.12.34+rpt-rpi-2712 #1 SMP PREEMPT Debian 1:6.12.34-1+rpt1~bookworm (2025-06-26) aarch64
[2026-10-06 13:24:20.853] [8968] [HailoRT] [info] [control.cpp:108] [control__parse_identify_results] firmware_version is: 4.20.0
[2026-10-06 13:24:20.853] [8968] [HailoRT] [info] [vdevice.cpp:651] [create] VDevice Infos: 0001:01:00.0
[2026-10-06 13:24:20.948] [8968] [HailoRT] [info] [hef.cpp:1929] [get_network_group_and_network_name] No name was given. Addressing all networks of default network_group: base-whisper-encoder-5s
[2026-10-06 13:24:20.948] [8968] [HailoRT] [info] [hef.cpp:1929] [get_network_group_and_network_name] No name was given. Addressing all networks of default network_group: base-whisper-encoder-5s
[2026-10-06 13:24:21.056] [8968] [HailoRT] [info] [hef.cpp:1929] [get_network_group_and_network_name] No name was given. Addressing all networks of default network_group: base-whisper-decoder-fixed-sequence
[2026-10-06 13:24:21.056] [8968] [HailoRT] [info] [hef.cpp:1929] [get_network_group_and_network_name] No name was given. Addressing all networks of default network_group: base-whisper-decoder-fixed-sequence
[2026-10-06 13:24:21.068] [8968] [HailoRT] [info] [internal_buffer_manager.cpp:204] [print_execution_results] Planned internal buffer memory: CMA memory 0, user memory 1576448. memory to edge layer usage factor is 0.34360003
[2026-10-06 13:24:21.068] [8968] [HailoRT] [info] [internal_buffer_manager.cpp:212] [print_execution_results] Default Internal buffer planner executed successfully
[2026-10-06 13:24:21.171] [8968] [HailoRT] [info] [device_internal.cpp:57] [configure] Configuring HEF took 114.461392 milliseconds
[2026-10-06 13:24:21.171] [8968] [HailoRT] [info] [vdevice.cpp:749] [configure] Configuring HEF on VDevice took 115.367815 milliseconds
[2026-10-06 13:24:21.171] [8968] [HailoRT] [info] [infer_model.cpp:436] [configure] Configuring network group 'base-whisper-encoder-5s' with params: batch size: 0, power mode: PERFORMANCE, latency: NONE
[2026-10-06 13:24:21.176] [8968] [HailoRT] [info] [multi_io_elements.cpp:756] [create] Created (AsyncHwEl)
[2026-10-06 13:24:21.177] [8968] [HailoRT] [info] [queue_elements.cpp:450] [create] Created (EntryPushQEl0base-whisper-encoder-5s/input_layer1 | timeout: 10s)
[2026-10-06 13:24:21.177] [8968] [HailoRT] [info] [filter_elements.cpp:101] [create] Created (PreInferEl1base-whisper-encoder-5s/input_layer1 | Quantization - src_type: FLOAT32, dst_type UINT8, limvals_min: -1.51241, limvals_max: 1.52432)
[2026-10-06 13:24:21.179] [8968] [HailoRT] [info] [queue_elements.cpp:450] [create] Created (PushQEl1base-whisper-encoder-5s/input_layer1 | timeout: 10s)
[2026-10-06 13:24:21.179] [8968] [HailoRT] [info] [queue_elements.cpp:450] [create] Created (PushQEl0AsyncHwEl | timeout: 10s)
[2026-10-06 13:24:21.179] [8968] [HailoRT] [info] [filter_elements.cpp:375] [create] Created (PostInferEl0AsyncHwEl | Quantization - src_type: UINT8, dst_type FLOAT32, limvals_min: -23.9557, limvals_max: 14.4638)
[2026-10-06 13:24:21.179] [8968] [HailoRT] [info] [edge_elements.cpp:187] [create] Created (LastAsyncEl0PostInferEl0AsyncHwEl)
[2026-10-06 13:24:21.179] [8968] [HailoRT] [info] [pipeline.cpp:891] [print_deep_description] EntryPushQEl0base-whisper-encoder-5s/input_layer1 | inputs: user | outputs: PreInferEl1base-whisper-encoder-5s/input_layer1(running in thread_id: 8978)
[2026-10-06 13:24:21.181] [8968] [HailoRT] [info] [pipeline.cpp:891] [print_deep_description] PreInferEl1base-whisper-encoder-5s/input_layer1 | inputs: EntryPushQEl0base-whisper-encoder-5s/input_layer1[0] | outputs: PushQEl1base-whisper-encoder-5s/input_layer1
[2026-10-06 13:24:21.181] [8968] [HailoRT] [info] [pipeline.cpp:891] [print_deep_description] PushQEl1base-whisper-encoder-5s/input_layer1 | inputs: PreInferEl1base-whisper-encoder-5s/input_layer1[0] | outputs: AsyncHwEl(running in thread_id: 8979)
[2026-10-06 13:24:21.181] [8968] [HailoRT] [info] [pipeline.cpp:891] [print_deep_description] AsyncHwEl | inputs: PushQEl1base-whisper-encoder-5s/input_layer1[0] | outputs: PushQEl0AsyncHwEl
[2026-10-06 13:24:21.181] [8968] [HailoRT] [info] [pipeline.cpp:891] [print_deep_description] PushQEl0AsyncHwEl | inputs: AsyncHwEl[0] | outputs: PostInferEl0AsyncHwEl(running in thread_id: 8980)
[2026-10-06 13:24:21.181] [8968] [HailoRT] [info] [pipeline.cpp:891] [print_deep_description] PostInferEl0AsyncHwEl | inputs: PushQEl0AsyncHwEl[0] | outputs: LastAsyncEl0PostInferEl0AsyncHwEl
[2026-10-06 13:24:21.181] [8968] [HailoRT] [info] [pipeline.cpp:891] [print_deep_description] LastAsyncEl0PostInferEl0AsyncHwEl | inputs: PostInferEl0AsyncHwEl[0] | outputs: user
[2026-10-06 13:24:21.185] [8968] [HailoRT] [info] [buffer_requirements.cpp:195] [find_initial_desc_page_size] Using non-default initial_desc_page_size of 64, due to a small transfer size (48)
[2026-10-06 13:24:21.185] [8968] [HailoRT] [info] [internal_buffer_manager.cpp:204] [print_execution_results] Planned internal buffer memory: CMA memory 0, user memory 1974272. memory to edge layer usage factor is 0.46450835
[2026-10-06 13:24:21.185] [8968] [HailoRT] [info] [internal_buffer_manager.cpp:212] [print_execution_results] Default Internal buffer planner executed successfully
[2026-10-06 13:24:21.223] [8968] [HailoRT] [info] [buffer_requirements.cpp:195] [find_initial_desc_page_size] Using non-default initial_desc_page_size of 64, due to a small transfer size (48)
[2026-10-06 13:24:21.339] [8968] [HailoRT] [info] [device_internal.cpp:57] [configure] Configuring HEF took 155.918865 milliseconds
[2026-10-06 13:24:21.339] [8968] [HailoRT] [info] [vdevice.cpp:749] [configure] Configuring HEF on VDevice took 156.22855 milliseconds
[2026-10-06 13:24:21.339] [8968] [HailoRT] [info] [infer_model.cpp:436] [configure] Configuring network group 'base-whisper-decoder-fixed-sequence' with params: batch size: 0, power mode: PERFORMANCE, latency: NONE
[2026-10-06 13:24:21.339] [8968] [HailoRT] [info] [multi_io_elements.cpp:756] [create] Created (AsyncHwEl)
[2026-10-06 13:24:21.340] [8968] [HailoRT] [info] [queue_elements.cpp:450] [create] Created (EntryPushQEl0base-whisper-decoder-fixed-sequence/input_layer2 | timeout: 10s)
[2026-10-06 13:24:21.340] [8968] [HailoRT] [info] [filter_elements.cpp:101] [create] Created (PreInferEl6base-whisper-decoder-fixed-sequence/input_layer2 | Quantization - src_type: FLOAT32, dst_type UINT8, limvals_min: -0.535231, limvals_max: 0.556641)
[2026-10-06 13:24:21.340] [8968] [HailoRT] [info] [queue_elements.cpp:450] [create] Created (PushQEl6base-whisper-decoder-fixed-sequence/input_layer2 | timeout: 10s)
[2026-10-06 13:24:21.340] [8968] [HailoRT] [info] [queue_elements.cpp:450] [create] Created (EntryPushQEl0base-whisper-decoder-fixed-sequence/input_layer1 | timeout: 10s)
[2026-10-06 13:24:21.340] [8968] [HailoRT] [info] [filter_elements.cpp:101] [create] Created (PreInferEl12base-whisper-decoder-fixed-sequence/input_layer1 | Quantization - src_type: FLOAT32, dst_type UINT8, limvals_min: -23.5596, limvals_max: 14.4638)
[2026-10-06 13:24:21.340] [8968] [HailoRT] [info] [queue_elements.cpp:450] [create] Created (PushQEl12base-whisper-decoder-fixed-sequence/input_layer1 | timeout: 10s)
[2026-10-06 13:24:21.341] [8968] [HailoRT] [info] [queue_elements.cpp:450] [create] Created (PushQEl0AsyncHwEl | timeout: 10s)
[2026-10-06 13:24:21.341] [8968] [HailoRT] [info] [filter_elements.cpp:375] [create] Created (PostInferEl0AsyncHwEl | Quantization - src_type: UINT8, dst_type FLOAT32, limvals_min: -23.8414, limvals_max: 72.6594)
[2026-10-06 13:24:21.341] [8968] [HailoRT] [info] [edge_elements.cpp:187] [create] Created (LastAsyncEl0PostInferEl0AsyncHwEl)
[2026-10-06 13:24:21.365] [8968] [HailoRT] [info] [queue_elements.cpp:450] [create] Created (PushQEl2AsyncHwEl | timeout: 10s)
[2026-10-06 13:24:21.365] [8968] [HailoRT] [info] [filter_elements.cpp:375] [create] Created (PostInferEl2AsyncHwEl | Quantization - src_type: UINT8, dst_type FLOAT32, limvals_min: -23.4195, limvals_max: 61.8944)
[2026-10-06 13:24:21.365] [8968] [HailoRT] [info] [edge_elements.cpp:187] [create] Created (LastAsyncEl0PostInferEl2AsyncHwEl)
[2026-10-06 13:24:21.366] [8968] [HailoRT] [info] [queue_elements.cpp:450] [create] Created (PushQEl1AsyncHwEl | timeout: 10s)
[2026-10-06 13:24:21.366] [8968] [HailoRT] [info] [filter_elements.cpp:375] [create] Created (PostInferEl1AsyncHwEl | Quantization - src_type: UINT8, dst_type FLOAT32, limvals_min: -23.5004, limvals_max: 59.7302)
[2026-10-06 13:24:21.366] [8968] [HailoRT] [info] [edge_elements.cpp:187] [create] Created (LastAsyncEl0PostInferEl1AsyncHwEl)
[2026-10-06 13:24:21.367] [8968] [HailoRT] [info] [queue_elements.cpp:450] [create] Created (PushQEl3AsyncHwEl | timeout: 10s)
[2026-10-06 13:24:21.367] [8968] [HailoRT] [info] [filter_elements.cpp:375] [create] Created (PostInferEl3AsyncHwEl | Quantization - src_type: UINT8, dst_type FLOAT32, limvals_min: -24.3587, limvals_max: 63.1267)
[2026-10-06 13:24:21.367] [8968] [HailoRT] [info] [edge_elements.cpp:187] [create] Created (LastAsyncEl0PostInferEl3AsyncHwEl)
[2026-10-06 13:24:21.367] [8968] [HailoRT] [info] [pipeline.cpp:891] [print_deep_description] EntryPushQEl0base-whisper-decoder-fixed-sequence/input_layer1 | inputs: user | outputs: PreInferEl12base-whisper-decoder-fixed-sequence/input_layer1(running in thread_id: 8983)
[2026-10-06 13:24:21.367] [8968] [HailoRT] [info] [pipeline.cpp:891] [print_deep_description] PreInferEl12base-whisper-decoder-fixed-sequence/input_layer1 | inputs: EntryPushQEl0base-whisper-decoder-fixed-sequence/input_layer1[0] | outputs: PushQEl12base-whisper-decoder-fixed-sequence/input_layer1
[2026-10-06 13:24:21.367] [8968] [HailoRT] [info] [pipeline.cpp:891] [print_deep_description] PushQEl12base-whisper-decoder-fixed-sequence/input_layer1 | inputs: PreInferEl12base-whisper-decoder-fixed-sequence/input_layer1[0] | outputs: AsyncHwEl(running in thread_id: 8984)
[2026-10-06 13:24:21.367] [8968] [HailoRT] [info] [pipeline.cpp:891] [print_deep_description] AsyncHwEl | inputs: PushQEl12base-whisper-decoder-fixed-sequence/input_layer1[0] PushQEl6base-whisper-decoder-fixed-sequence/input_layer2[1] | outputs: PushQEl0AsyncHwEl PushQEl1AsyncHwEl PushQEl2AsyncHwEl PushQEl3AsyncHwEl
[2026-10-06 13:24:21.367] [8968] [HailoRT] [info] [pipeline.cpp:891] [print_deep_description] PushQEl0AsyncHwEl | inputs: AsyncHwEl[0] | outputs: PostInferEl0AsyncHwEl(running in thread_id: 8985)
[2026-10-06 13:24:21.367] [8968] [HailoRT] [info] [pipeline.cpp:891] [print_deep_description] PostInferEl0AsyncHwEl | inputs: PushQEl0AsyncHwEl[0] | outputs: LastAsyncEl0PostInferEl0AsyncHwEl
[2026-10-06 13:24:21.367] [8968] [HailoRT] [info] [pipeline.cpp:891] [print_deep_description] LastAsyncEl0PostInferEl0AsyncHwEl | inputs: PostInferEl0AsyncHwEl[0] | outputs: user
[2026-10-06 13:24:21.367] [8968] [HailoRT] [info] [pipeline.cpp:891] [print_deep_description] PushQEl1AsyncHwEl | inputs: AsyncHwEl[0] | outputs: PostInferEl1AsyncHwEl(running in thread_id: 8987)
[2026-10-06 13:24:21.367] [8968] [HailoRT] [info] [pipeline.cpp:891] [print_deep_description] PostInferEl1AsyncHwEl | inputs: PushQEl1AsyncHwEl[0] | outputs: LastAsyncEl0PostInferEl1AsyncHwEl
[2026-10-06 13:24:21.367] [8968] [HailoRT] [info] [pipeline.cpp:891] [print_deep_description] LastAsyncEl0PostInferEl1AsyncHwEl | inputs: PostInferEl1AsyncHwEl[0] | outputs: user
[2026-10-06 13:24:21.367] [8968] [HailoRT] [info] [pipeline.cpp:891] [print_deep_description] PushQEl2AsyncHwEl | inputs: AsyncHwEl[0] | outputs: PostInferEl2AsyncHwEl(running in thread_id: 8986)
[2026-10-06 13:24:21.367] [8968] [HailoRT] [info] [pipeline.cpp:891] [print_deep_description] PostInferEl2AsyncHwEl | inputs: PushQEl2AsyncHwEl[0] | outputs: LastAsyncEl0PostInferEl2AsyncHwEl
[2026-10-06 13:24:21.367] [8968] [HailoRT] [info] [pipeline.cpp:891] [print_deep_description] LastAsyncEl0PostInferEl2AsyncHwEl | inputs: PostInferEl2AsyncHwEl[0] | outputs: user
[2026-10-06 13:24:21.367] [8968] [HailoRT] [info] [pipeline.cpp:891] [print_deep_description] PushQEl3AsyncHwEl | inputs: AsyncHwEl[0] | outputs: PostInferEl3AsyncHwEl(running in thread_id: 8988)
[2026-10-06 13:24:21.367] [8968] [HailoRT] [info] [pipeline.cpp:891] [print_deep_description] PostInferEl3AsyncHwEl | inputs: PushQEl3AsyncHwEl[0] | outputs: LastAsyncEl0PostInferEl3AsyncHwEl
[2026-10-06 13:24:21.367] [8968] [HailoRT] [info] [pipeline.cpp:891] [print_deep_description] LastAsyncEl0PostInferEl3AsyncHwEl | inputs: PostInferEl3AsyncHwEl[0] | outputs: user
[2026-10-06 13:24:21.367] [8968] [HailoRT] [info] [pipeline.cpp:891] [print_deep_description] EntryPushQEl0base-whisper-decoder-fixed-sequence/input_layer2 | inputs: user | outputs: PreInferEl6base-whisper-decoder-fixed-sequence/input_layer2(running in thread_id: 8981)
[2026-10-06 13:24:21.367] [8968] [HailoRT] [info] [pipeline.cpp:891] [print_deep_description] PreInferEl6base-whisper-decoder-fixed-sequence/input_layer2 | inputs: EntryPushQEl0base-whisper-decoder-fixed-sequence/input_layer2[0] | outputs: PushQEl6base-whisper-decoder-fixed-sequence/input_layer2
[2026-10-06 13:24:21.367] [8968] [HailoRT] [info] [pipeline.cpp:891] [print_deep_description] PushQEl6base-whisper-decoder-fixed-sequence/input_layer2 | inputs: PreInferEl6base-whisper-decoder-fixed-sequence/input_layer2[0] | outputs: AsyncHwEl(running in thread_id: 8982)
[2026-10-06 13:24:23.210] [8968] [HailoRT] [info] [async_infer_runner.cpp:86] [shutdown] Pipeline was aborted. Shutting it down
[2026-10-06 13:24:23.213] [8968] [HailoRT] [info] [async_infer_runner.cpp:86] [shutdown] Pipeline was aborted. Shutting it down
[2026-10-06 13:24:23.213] [8968] [HailoRT] [info] [queue_elements.cpp:570] [execute_deactivate] enqueue() in element PushQEl0AsyncHwEl was aborted, got status = HAILO_SHUTDOWN_EVENT_SIGNALED(57)
[2026-10-06 13:24:23.213] [8968] [HailoRT] [info] [queue_elements.cpp:570] [execute_deactivate] enqueue() in element PushQEl1AsyncHwEl was aborted, got status = HAILO_SHUTDOWN_EVENT_SIGNALED(57)
[2026-10-06 13:24:23.213] [8968] [HailoRT] [info] [queue_elements.cpp:570] [execute_deactivate] enqueue() in element PushQEl2AsyncHwEl was aborted, got status = HAILO_SHUTDOWN_EVENT_SIGNALED(57)
[2026-10-06 13:24:23.213] [8968] [HailoRT] [info] [queue_elements.cpp:570] [execute_deactivate] enqueue() in element PushQEl3AsyncHwEl was aborted, got status = HAILO_SHUTDOWN_EVENT_SIGNALED(57)
[2026-10-06 13:24:23.213] [8968] [HailoRT] [info] [queue_elements.cpp:570] [execute_deactivate] enqueue() in element PushQEl12base-whisper-decoder-fixed-sequence/input_layer1 was aborted, got status = HAILO_SHUTDOWN_EVENT_SIGNALED(57)
[2026-10-06 13:24:23.214] [8968] [HailoRT] [info] [queue_elements.cpp:570] [execute_deactivate] enqueue() in element EntryPushQEl0base-whisper-decoder-fixed-sequence/input_layer1 was aborted, got status = HAILO_SHUTDOWN_EVENT_SIGNALED(57)
[2026-10-06 13:24:23.214] [8968] [HailoRT] [info] [queue_elements.cpp:570] [execute_deactivate] enqueue() in element PushQEl0AsyncHwEl was aborted, got status = HAILO_SHUTDOWN_EVENT_SIGNALED(57)
[2026-10-06 13:24:23.214] [8968] [HailoRT] [info] [queue_elements.cpp:570] [execute_deactivate] enqueue() in element PushQEl1AsyncHwEl was aborted, got status = HAILO_SHUTDOWN_EVENT_SIGNALED(57)
[2026-10-06 13:24:23.214] [8968] [HailoRT] [info] [queue_elements.cpp:570] [execute_deactivate] enqueue() in element PushQEl2AsyncHwEl was aborted, got status = HAILO_SHUTDOWN_EVENT_SIGNALED(57)
[2026-10-06 13:24:23.214] [8968] [HailoRT] [info] [queue_elements.cpp:570] [execute_deactivate] enqueue() in element PushQEl3AsyncHwEl was aborted, got status = HAILO_SHUTDOWN_EVENT_SIGNALED(57)
[2026-10-06 13:24:23.214] [8968] [HailoRT] [info] [queue_elements.cpp:570] [execute_deactivate] enqueue() in element PushQEl6base-whisper-decoder-fixed-sequence/input_layer2 was aborted, got status = HAILO_SHUTDOWN_EVENT_SIGNALED(57)
[2026-10-06 13:24:23.214] [8968] [HailoRT] [info] [queue_elements.cpp:570] [execute_deactivate] enqueue() in element EntryPushQEl0base-whisper-decoder-fixed-sequence/input_layer2 was aborted, got status = HAILO_SHUTDOWN_EVENT_SIGNALED(57)
[2026-10-06 13:24:23.214] [8968] [HailoRT] [info] [queue_elements.cpp:46] [~BaseQueueElement] Queue element EntryPushQEl0base-whisper-decoder-fixed-sequence/input_layer2 has 0 frames in his Queue on destruction
[2026-10-06 13:24:23.217] [8968] [HailoRT] [info] [queue_elements.cpp:46] [~BaseQueueElement] Queue element PushQEl6base-whisper-decoder-fixed-sequence/input_layer2 has 0 frames in his Queue on destruction
[2026-10-06 13:24:23.218] [8968] [HailoRT] [info] [queue_elements.cpp:46] [~BaseQueueElement] Queue element EntryPushQEl0base-whisper-decoder-fixed-sequence/input_layer1 has 0 frames in his Queue on destruction
[2026-10-06 13:24:23.218] [8968] [HailoRT] [info] [queue_elements.cpp:46] [~BaseQueueElement] Queue element PushQEl12base-whisper-decoder-fixed-sequence/input_layer1 has 0 frames in his Queue on destruction
[2026-10-06 13:24:23.218] [8968] [HailoRT] [info] [queue_elements.cpp:46] [~BaseQueueElement] Queue element PushQEl0AsyncHwEl has 0 frames in his Queue on destruction
[2026-10-06 13:24:23.218] [8968] [HailoRT] [info] [queue_elements.cpp:46] [~BaseQueueElement] Queue element PushQEl2AsyncHwEl has 0 frames in his Queue on destruction
[2026-10-06 13:24:23.218] [8968] [HailoRT] [info] [queue_elements.cpp:46] [~BaseQueueElement] Queue element PushQEl1AsyncHwEl has 0 frames in his Queue on destruction
[2026-10-06 13:24:23.218] [8968] [HailoRT] [info] [queue_elements.cpp:46] [~BaseQueueElement] Queue element PushQEl3AsyncHwEl has 0 frames in his Queue on destruction
[2026-10-06 13:24:23.219] [8968] [HailoRT] [info] [async_infer_runner.cpp:86] [shutdown] Pipeline was aborted. Shutting it down
[2026-10-06 13:24:23.220] [8968] [HailoRT] [info] [async_infer_runner.cpp:86] [shutdown] Pipeline was aborted. Shutting it down
[2026-10-06 13:24:23.220] [8968] [HailoRT] [info] [queue_elements.cpp:570] [execute_deactivate] enqueue() in element PushQEl0AsyncHwEl was aborted, got status = HAILO_SHUTDOWN_EVENT_SIGNALED(57)
[2026-10-06 13:24:23.220] [8968] [HailoRT] [info] [queue_elements.cpp:570] [execute_deactivate] enqueue() in element PushQEl1base-whisper-encoder-5s/input_layer1 was aborted, got status = HAILO_SHUTDOWN_EVENT_SIGNALED(57)
[2026-10-06 13:24:23.220] [8968] [HailoRT] [info] [queue_elements.cpp:570] [execute_deactivate] enqueue() in element EntryPushQEl0base-whisper-encoder-5s/input_layer1 was aborted, got status = HAILO_SHUTDOWN_EVENT_SIGNALED(57)
[2026-10-06 13:24:23.220] [8968] [HailoRT] [info] [queue_elements.cpp:46] [~BaseQueueElement] Queue element EntryPushQEl0base-whisper-encoder-5s/input_layer1 has 0 frames in his Queue on destruction
[2026-10-06 13:24:23.220] [8968] [HailoRT] [info] [queue_elements.cpp:46] [~BaseQueueElement] Queue element PushQEl1base-whisper-encoder-5s/input_layer1 has 0 frames in his Queue on destruction
[2026-10-06 13:24:23.220] [8968] [HailoRT] [info] [queue_elements.cpp:46] [~BaseQueueElement] Queue element PushQEl0AsyncHwEl has 0 frames in his Queue on destruction
[2026-10-06 13:25:23.846] [9304] [HailoRT] [info] [hef.cpp:1929] [get_network_group_and_network_name] No name was given. Addressing all networks of default network_group: base-whisper-encoder-5s
[2026-10-06 13:25:23.846] [9304] [HailoRT] [info] [hef.cpp:1929] [get_network_group_and_network_name] No name was given. Addressing all networks of default network_group: base-whisper-decoder-fixed-sequence
[2026-10-06 13:25:23.867] [9304] [HailoRT] [info] [vdevice.cpp:523] [create] Creating vdevice with params: device_count: 1, scheduling_algorithm: ROUND_ROBIN, multi_process_service: false
[2026-10-06 13:25:23.880] [9304] [HailoRT] [info] [device.cpp:49] [Device] OS Version: Linux 6.12.34+rpt-rpi-2712 #1 SMP PREEMPT Debian 1:6.12.34-1+rpt1~bookworm (2025-06-26) aarch64
[2026-10-06 13:25:23.883] [9304] [HailoRT] [info] [control.cpp:108] [control__parse_identify_results] firmware_version is: 4.20.0
[2026-10-06 13:25:23.883] [9304] [HailoRT] [info] [vdevice.cpp:651] [create] VDevice Infos: 0001:01:00.0
[2026-10-06 13:25:23.960] [9304] [HailoRT] [info] [hef.cpp:1929] [get_network_group_and_network_name] No name was given. Addressing all networks of default network_group: base-whisper-encoder-5s
[2026-10-06 13:25:23.960] [9304] [HailoRT] [info] [hef.cpp:1929] [get_network_group_and_network_name] No name was given. Addressing all networks of default network_group: base-whisper-encoder-5s
[2026-10-06 13:25:24.071] [9304] [HailoRT] [info] [hef.cpp:1929] [get_network_group_and_network_name] No name was given. Addressing all networks of default network_group: base-whisper-decoder-fixed-sequence
[2026-10-06 13:25:24.071] [9304] [HailoRT] [info] [hef.cpp:1929] [get_network_group_and_network_name] No name was given. Addressing all networks of default network_group: base-whisper-decoder-fixed-sequence
[2026-10-06 13:25:24.078] [9304] [HailoRT] [info] [internal_buffer_manager.cpp:204] [print_execution_results] Planned internal buffer memory: CMA memory 0, user memory 1576448. memory to edge layer usage factor is 0.34360003
[2026-10-06 13:25:24.078] [9304] [HailoRT] [info] [internal_buffer_manager.cpp:212] [print_execution_results] Default Internal buffer planner executed successfully
[2026-10-06 13:25:24.170] [9304] [HailoRT] [info] [device_internal.cpp:57] [configure] Configuring HEF took 97.947403 milliseconds
[2026-10-06 13:25:24.170] [9304] [HailoRT] [info] [vdevice.cpp:749] [configure] Configuring HEF on VDevice took 98.259883 milliseconds
[2026-10-06 13:25:24.170] [9304] [HailoRT] [info] [infer_model.cpp:436] [configure] Configuring network group 'base-whisper-encoder-5s' with params: batch size: 0, power mode: PERFORMANCE, latency: NONE
[2026-10-06 13:25:24.170] [9304] [HailoRT] [info] [multi_io_elements.cpp:756] [create] Created (AsyncHwEl)
[2026-10-06 13:25:24.170] [9304] [HailoRT] [info] [queue_elements.cpp:450] [create] Created (EntryPushQEl0base-whisper-encoder-5s/input_layer1 | timeout: 10s)
[2026-10-06 13:25:24.170] [9304] [HailoRT] [info] [filter_elements.cpp:101] [create] Created (PreInferEl1base-whisper-encoder-5s/input_layer1 | Quantization - src_type: FLOAT32, dst_type UINT8, limvals_min: -1.51241, limvals_max: 1.52432)
[2026-10-06 13:25:24.170] [9304] [HailoRT] [info] [queue_elements.cpp:450] [create] Created (PushQEl1base-whisper-encoder-5s/input_layer1 | timeout: 10s)
[2026-10-06 13:25:24.170] [9304] [HailoRT] [info] [queue_elements.cpp:450] [create] Created (PushQEl0AsyncHwEl | timeout: 10s)
[2026-10-06 13:25:24.170] [9304] [HailoRT] [info] [filter_elements.cpp:375] [create] Created (PostInferEl0AsyncHwEl | Quantization - src_type: UINT8, dst_type FLOAT32, limvals_min: -23.9557, limvals_max: 14.4638)
[2026-10-06 13:25:24.170] [9304] [HailoRT] [info] [edge_elements.cpp:187] [create] Created (LastAsyncEl0PostInferEl0AsyncHwEl)
[2026-10-06 13:25:24.170] [9304] [HailoRT] [info] [pipeline.cpp:891] [print_deep_description] EntryPushQEl0base-whisper-encoder-5s/input_layer1 | inputs: user | outputs: PreInferEl1base-whisper-encoder-5s/input_layer1(running in thread_id: 9315)
[2026-10-06 13:25:24.170] [9304] [HailoRT] [info] [pipeline.cpp:891] [print_deep_description] PreInferEl1base-whisper-encoder-5s/input_layer1 | inputs: EntryPushQEl0base-whisper-encoder-5s/input_layer1[0] | outputs: PushQEl1base-whisper-encoder-5s/input_layer1
[2026-10-06 13:25:24.171] [9304] [HailoRT] [info] [pipeline.cpp:891] [print_deep_description] PushQEl1base-whisper-encoder-5s/input_layer1 | inputs: PreInferEl1base-whisper-encoder-5s/input_layer1[0] | outputs: AsyncHwEl(running in thread_id: 9316)
[2026-10-06 13:25:24.171] [9304] [HailoRT] [info] [pipeline.cpp:891] [print_deep_description] AsyncHwEl | inputs: PushQEl1base-whisper-encoder-5s/input_layer1[0] | outputs: PushQEl0AsyncHwEl
[2026-10-06 13:25:24.171] [9304] [HailoRT] [info] [pipeline.cpp:891] [print_deep_description] PushQEl0AsyncHwEl | inputs: AsyncHwEl[0] | outputs: PostInferEl0AsyncHwEl(running in thread_id: 9317)
[2026-10-06 13:25:24.171] [9304] [HailoRT] [info] [pipeline.cpp:891] [print_deep_description] PostInferEl0AsyncHwEl | inputs: PushQEl0AsyncHwEl[0] | outputs: LastAsyncEl0PostInferEl0AsyncHwEl
[2026-10-06 13:25:24.171] [9304] [HailoRT] [info] [pipeline.cpp:891] [print_deep_description] LastAsyncEl0PostInferEl0AsyncHwEl | inputs: PostInferEl0AsyncHwEl[0] | outputs: user
[2026-10-06 13:25:24.178] [9304] [HailoRT] [info] [buffer_requirements.cpp:195] [find_initial_desc_page_size] Using non-default initial_desc_page_size of 64, due to a small transfer size (48)
[2026-10-06 13:25:24.179] [9304] [HailoRT] [info] [internal_buffer_manager.cpp:204] [print_execution_results] Planned internal buffer memory: CMA memory 0, user memory 1974272. memory to edge layer usage factor is 0.46450835
[2026-10-06 13:25:24.179] [9304] [HailoRT] [info] [internal_buffer_manager.cpp:212] [print_execution_results] Default Internal buffer planner executed successfully
[2026-10-06 13:25:24.229] [9304] [HailoRT] [info] [buffer_requirements.cpp:195] [find_initial_desc_page_size] Using non-default initial_desc_page_size of 64, due to a small transfer size (48)
[2026-10-06 13:25:24.327] [9304] [HailoRT] [info] [device_internal.cpp:57] [configure] Configuring HEF took 154.033333 milliseconds
[2026-10-06 13:25:24.327] [9304] [HailoRT] [info] [vdevice.cpp:749] [configure] Configuring HEF on VDevice took 154.344833 milliseconds
[2026-10-06 13:25:24.327] [9304] [HailoRT] [info] [infer_model.cpp:436] [configure] Configuring network group 'base-whisper-decoder-fixed-sequence' with params: batch size: 0, power mode: PERFORMANCE, latency: NONE
[2026-10-06 13:25:24.327] [9304] [HailoRT] [info] [multi_io_elements.cpp:756] [create] Created (AsyncHwEl)
[2026-10-06 13:25:24.330] [9304] [HailoRT] [info] [queue_elements.cpp:450] [create] Created (EntryPushQEl0base-whisper-decoder-fixed-sequence/input_layer2 | timeout: 10s)
[2026-10-06 13:25:24.330] [9304] [HailoRT] [info] [filter_elements.cpp:101] [create] Created (PreInferEl6base-whisper-decoder-fixed-sequence/input_layer2 | Quantization - src_type: FLOAT32, dst_type UINT8, limvals_min: -0.535231, limvals_max: 0.556641)
[2026-10-06 13:25:24.331] [9304] [HailoRT] [info] [queue_elements.cpp:450] [create] Created (PushQEl6base-whisper-decoder-fixed-sequence/input_layer2 | timeout: 10s)
[2026-10-06 13:25:24.332] [9304] [HailoRT] [info] [queue_elements.cpp:450] [create] Created (EntryPushQEl0base-whisper-decoder-fixed-sequence/input_layer1 | timeout: 10s)
[2026-10-06 13:25:24.332] [9304] [HailoRT] [info] [filter_elements.cpp:101] [create] Created (PreInferEl12base-whisper-decoder-fixed-sequence/input_layer1 | Quantization - src_type: FLOAT32, dst_type UINT8, limvals_min: -23.5596, limvals_max: 14.4638)
[2026-10-06 13:25:24.332] [9304] [HailoRT] [info] [queue_elements.cpp:450] [create] Created (PushQEl12base-whisper-decoder-fixed-sequence/input_layer1 | timeout: 10s)
[2026-10-06 13:25:24.332] [9304] [HailoRT] [info] [queue_elements.cpp:450] [create] Created (PushQEl0AsyncHwEl | timeout: 10s)
[2026-10-06 13:25:24.332] [9304] [HailoRT] [info] [filter_elements.cpp:375] [create] Created (PostInferEl0AsyncHwEl | Quantization - src_type: UINT8, dst_type FLOAT32, limvals_min: -23.8414, limvals_max: 72.6594)
[2026-10-06 13:25:24.332] [9304] [HailoRT] [info] [edge_elements.cpp:187] [create] Created (LastAsyncEl0PostInferEl0AsyncHwEl)
[2026-10-06 13:25:24.363] [9304] [HailoRT] [info] [queue_elements.cpp:450] [create] Created (PushQEl2AsyncHwEl | timeout: 10s)
[2026-10-06 13:25:24.363] [9304] [HailoRT] [info] [filter_elements.cpp:375] [create] Created (PostInferEl2AsyncHwEl | Quantization - src_type: UINT8, dst_type FLOAT32, limvals_min: -23.4195, limvals_max: 61.8944)
[2026-10-06 13:25:24.363] [9304] [HailoRT] [info] [edge_elements.cpp:187] [create] Created (LastAsyncEl0PostInferEl2AsyncHwEl)
[2026-10-06 13:25:24.365] [9304] [HailoRT] [info] [queue_elements.cpp:450] [create] Created (PushQEl1AsyncHwEl | timeout: 10s)
[2026-10-06 13:25:24.365] [9304] [HailoRT] [info] [filter_elements.cpp:375] [create] Created (PostInferEl1AsyncHwEl | Quantization - src_type: UINT8, dst_type FLOAT32, limvals_min: -23.5004, limvals_max: 59.7302)
[2026-10-06 13:25:24.365] [9304] [HailoRT] [info] [edge_elements.cpp:187] [create] Created (LastAsyncEl0PostInferEl1AsyncHwEl)
[2026-10-06 13:25:24.368] [9304] [HailoRT] [info] [queue_elements.cpp:450] [create] Created (PushQEl3AsyncHwEl | timeout: 10s)
[2026-10-06 13:25:24.368] [9304] [HailoRT] [info] [filter_elements.cpp:375] [create] Created (PostInferEl3AsyncHwEl | Quantization - src_type: UINT8, dst_type FLOAT32, limvals_min: -24.3587, limvals_max: 63.1267)
[2026-10-06 13:25:24.368] [9304] [HailoRT] [info] [edge_elements.cpp:187] [create] Created (LastAsyncEl0PostInferEl3AsyncHwEl)
[2026-10-06 13:25:24.368] [9304] [HailoRT] [info] [pipeline.cpp:891] [print_deep_description] EntryPushQEl0base-whisper-decoder-fixed-sequence/input_layer1 | inputs: user | outputs: PreInferEl12base-whisper-decoder-fixed-sequence/input_layer1(running in thread_id: 9320)
[2026-10-06 13:25:24.368] [9304] [HailoRT] [info] [pipeline.cpp:891] [print_deep_description] PreInferEl12base-whisper-decoder-fixed-sequence/input_layer1 | inputs: EntryPushQEl0base-whisper-decoder-fixed-sequence/input_layer1[0] | outputs: PushQEl12base-whisper-decoder-fixed-sequence/input_layer1
[2026-10-06 13:25:24.368] [9304] [HailoRT] [info] [pipeline.cpp:891] [print_deep_description] PushQEl12base-whisper-decoder-fixed-sequence/input_layer1 | inputs: PreInferEl12base-whisper-decoder-fixed-sequence/input_layer1[0] | outputs: AsyncHwEl(running in thread_id: 9321)
[2026-10-06 13:25:24.368] [9304] [HailoRT] [info] [pipeline.cpp:891] [print_deep_description] AsyncHwEl | inputs: PushQEl12base-whisper-decoder-fixed-sequence/input_layer1[0] PushQEl6base-whisper-decoder-fixed-sequence/input_layer2[1] | outputs: PushQEl0AsyncHwEl PushQEl1AsyncHwEl PushQEl2AsyncHwEl PushQEl3AsyncHwEl
[2026-10-06 13:25:24.368] [9304] [HailoRT] [info] [pipeline.cpp:891] [print_deep_description] PushQEl0AsyncHwEl | inputs: AsyncHwEl[0] | outputs: PostInferEl0AsyncHwEl(running in thread_id: 9322)
[2026-10-06 13:25:24.368] [9304] [HailoRT] [info] [pipeline.cpp:891] [print_deep_description] PostInferEl0AsyncHwEl | inputs: PushQEl0AsyncHwEl[0] | outputs: LastAsyncEl0PostInferEl0AsyncHwEl
[2026-10-06 13:25:24.368] [9304] [HailoRT] [info] [pipeline.cpp:891] [print_deep_description] LastAsyncEl0PostInferEl0AsyncHwEl | inputs: PostInferEl0AsyncHwEl[0] | outputs: user
[2026-10-06 13:25:24.368] [9304] [HailoRT] [info] [pipeline.cpp:891] [print_deep_description] PushQEl1AsyncHwEl | inputs: AsyncHwEl[0] | outputs: PostInferEl1AsyncHwEl(running in thread_id: 9328)
[2026-10-06 13:25:24.368] [9304] [HailoRT] [info] [pipeline.cpp:891] [print_deep_description] PostInferEl1AsyncHwEl | inputs: PushQEl1AsyncHwEl[0] | outputs: LastAsyncEl0PostInferEl1AsyncHwEl
[2026-10-06 13:25:24.368] [9304] [HailoRT] [info] [pipeline.cpp:891] [print_deep_description] LastAsyncEl0PostInferEl1AsyncHwEl | inputs: PostInferEl1AsyncHwEl[0] | outputs: user
[2026-10-06 13:25:24.368] [9304] [HailoRT] [info] [pipeline.cpp:891] [print_deep_description] PushQEl2AsyncHwEl | inputs: AsyncHwEl[0] | outputs: PostInferEl2AsyncHwEl(running in thread_id: 9323)
[2026-10-06 13:25:24.368] [9304] [HailoRT] [info] [pipeline.cpp:891] [print_deep_description] PostInferEl2AsyncHwEl | inputs: PushQEl2AsyncHwEl[0] | outputs: LastAsyncEl0PostInferEl2AsyncHwEl
[2026-10-06 13:25:24.368] [9304] [HailoRT] [info] [pipeline.cpp:891] [print_deep_description] LastAsyncEl0PostInferEl2AsyncHwEl | inputs: PostInferEl2AsyncHwEl[0] | outputs: user
[2026-10-06 13:25:24.368] [9304] [HailoRT] [info] [pipeline.cpp:891] [print_deep_description] PushQEl3AsyncHwEl | inputs: AsyncHwEl[0] | outputs: PostInferEl3AsyncHwEl(running in thread_id: 9329)
[2026-10-06 13:25:24.368] [9304] [HailoRT] [info] [pipeline.cpp:891] [print_deep_description] PostInferEl3AsyncHwEl | inputs: PushQEl3AsyncHwEl[0] | outputs: LastAsyncEl0PostInferEl3AsyncHwEl
[2026-10-06 13:25:24.368] [9304] [HailoRT] [info] [pipeline.cpp:891] [print_deep_description] LastAsyncEl0PostInferEl3AsyncHwEl | inputs: PostInferEl3AsyncHwEl[0] | outputs: user
[2026-10-06 13:25:24.368] [9304] [HailoRT] [info] [pipeline.cpp:891] [print_deep_description] EntryPushQEl0base-whisper-decoder-fixed-sequence/input_layer2 | inputs: user | outputs: PreInferEl6base-whisper-decoder-fixed-sequence/input_layer2(running in thread_id: 9318)
[2026-10-06 13:25:24.368] [9304] [HailoRT] [info] [pipeline.cpp:891] [print_deep_description] PreInferEl6base-whisper-decoder-fixed-sequence/input_layer2 | inputs: EntryPushQEl0base-whisper-decoder-fixed-sequence/input_layer2[0] | outputs: PushQEl6base-whisper-decoder-fixed-sequence/input_layer2
[2026-10-06 13:25:24.368] [9304] [HailoRT] [info] [pipeline.cpp:891] [print_deep_description] PushQEl6base-whisper-decoder-fixed-sequence/input_layer2 | inputs: PreInferEl6base-whisper-decoder-fixed-sequence/input_layer2[0] | outputs: AsyncHwEl(running in thread_id: 9319)
[2026-10-06 13:27:12.639] [9304] [HailoRT] [info] [async_infer_runner.cpp:86] [shutdown] Pipeline was aborted. Shutting it down
[2026-10-06 13:27:12.642] [9304] [HailoRT] [info] [async_infer_runner.cpp:86] [shutdown] Pipeline was aborted. Shutting it down
[2026-10-06 13:27:12.642] [9304] [HailoRT] [info] [queue_elements.cpp:570] [execute_deactivate] enqueue() in element PushQEl0AsyncHwEl was aborted, got status = HAILO_SHUTDOWN_EVENT_SIGNALED(57)
[2026-10-06 13:27:12.642] [9304] [HailoRT] [info] [queue_elements.cpp:570] [execute_deactivate] enqueue() in element PushQEl1AsyncHwEl was aborted, got status = HAILO_SHUTDOWN_EVENT_SIGNALED(57)
[2026-10-06 13:27:12.642] [9304] [HailoRT] [info] [queue_elements.cpp:570] [execute_deactivate] enqueue() in element PushQEl2AsyncHwEl was aborted, got status = HAILO_SHUTDOWN_EVENT_SIGNALED(57)
[2026-10-06 13:27:12.642] [9304] [HailoRT] [info] [queue_elements.cpp:570] [execute_deactivate] enqueue() in element PushQEl3AsyncHwEl was aborted, got status = HAILO_SHUTDOWN_EVENT_SIGNALED(57)
[2026-10-06 13:27:12.642] [9304] [HailoRT] [info] [queue_elements.cpp:570] [execute_deactivate] enqueue() in element PushQEl12base-whisper-decoder-fixed-sequence/input_layer1 was aborted, got status = HAILO_SHUTDOWN_EVENT_SIGNALED(57)
[2026-10-06 13:27:12.642] [9304] [HailoRT] [info] [queue_elements.cpp:570] [execute_deactivate] enqueue() in element EntryPushQEl0base-whisper-decoder-fixed-sequence/input_layer1 was aborted, got status = HAILO_SHUTDOWN_EVENT_SIGNALED(57)
[2026-10-06 13:27:12.642] [9304] [HailoRT] [info] [queue_elements.cpp:570] [execute_deactivate] enqueue() in element PushQEl0AsyncHwEl was aborted, got status = HAILO_SHUTDOWN_EVENT_SIGNALED(57)
[2026-10-06 13:27:12.642] [9304] [HailoRT] [info] [queue_elements.cpp:570] [execute_deactivate] enqueue() in element PushQEl1AsyncHwEl was aborted, got status = HAILO_SHUTDOWN_EVENT_SIGNALED(57)
[2026-10-06 13:27:12.642] [9304] [HailoRT] [info] [queue_elements.cpp:570] [execute_deactivate] enqueue() in element PushQEl2AsyncHwEl was aborted, got status = HAILO_SHUTDOWN_EVENT_SIGNALED(57)
[2026-10-06 13:27:12.642] [9304] [HailoRT] [info] [queue_elements.cpp:570] [execute_deactivate] enqueue() in element PushQEl3AsyncHwEl was aborted, got status = HAILO_SHUTDOWN_EVENT_SIGNALED(57)
[2026-10-06 13:27:12.642] [9304] [HailoRT] [info] [queue_elements.cpp:570] [execute_deactivate] enqueue() in element PushQEl6base-whisper-decoder-fixed-sequence/input_layer2 was aborted, got status = HAILO_SHUTDOWN_EVENT_SIGNALED(57)
[2026-10-06 13:27:12.642] [9304] [HailoRT] [info] [queue_elements.cpp:570] [execute_deactivate] enqueue() in element EntryPushQEl0base-whisper-decoder-fixed-sequence/input_layer2 was aborted, got status = HAILO_SHUTDOWN_EVENT_SIGNALED(57)
[2026-10-06 13:27:12.642] [9304] [HailoRT] [info] [queue_elements.cpp:46] [~BaseQueueElement] Queue element EntryPushQEl0base-whisper-decoder-fixed-sequence/input_layer2 has 0 frames in his Queue on destruction
[2026-10-06 13:27:12.642] [9304] [HailoRT] [info] [queue_elements.cpp:46] [~BaseQueueElement] Queue element PushQEl6base-whisper-decoder-fixed-sequence/input_layer2 has 0 frames in his Queue on destruction
[2026-10-06 13:27:12.644] [9304] [HailoRT] [info] [queue_elements.cpp:46] [~BaseQueueElement] Queue element EntryPushQEl0base-whisper-decoder-fixed-sequence/input_layer1 has 0 frames in his Queue on destruction
[2026-10-06 13:27:12.644] [9304] [HailoRT] [info] [queue_elements.cpp:46] [~BaseQueueElement] Queue element PushQEl12base-whisper-decoder-fixed-sequence/input_layer1 has 0 frames in his Queue on destruction
[2026-10-06 13:27:12.645] [9304] [HailoRT] [info] [queue_elements.cpp:46] [~BaseQueueElement] Queue element PushQEl0AsyncHwEl has 0 frames in his Queue on destruction
[2026-10-06 13:27:12.645] [9304] [HailoRT] [info] [queue_elements.cpp:46] [~BaseQueueElement] Queue element PushQEl2AsyncHwEl has 0 frames in his Queue on destruction
[2026-10-06 13:27:12.645] [9304] [HailoRT] [info] [queue_elements.cpp:46] [~BaseQueueElement] Queue element PushQEl1AsyncHwEl has 0 frames in his Queue on destruction
[2026-10-06 13:27:12.656] [9304] [HailoRT] [info] [queue_elements.cpp:46] [~BaseQueueElement] Queue element PushQEl3AsyncHwEl has 0 frames in his Queue on destruction
[2026-10-06 13:27:12.657] [9304] [HailoRT] [info] [async_infer_runner.cpp:86] [shutdown] Pipeline was aborted. Shutting it down
[2026-10-06 13:27:12.664] [9304] [HailoRT] [info] [async_infer_runner.cpp:86] [shutdown] Pipeline was aborted. Shutting it down
[2026-10-06 13:27:12.664] [9304] [HailoRT] [info] [queue_elements.cpp:570] [execute_deactivate] enqueue() in element PushQEl0AsyncHwEl was aborted, got status = HAILO_SHUTDOWN_EVENT_SIGNALED(57)
[2026-10-06 13:27:12.664] [9304] [HailoRT] [info] [queue_elements.cpp:570] [execute_deactivate] enqueue() in element PushQEl1base-whisper-encoder-5s/input_layer1 was aborted, got status = HAILO_SHUTDOWN_EVENT_SIGNALED(57)
[2026-10-06 13:27:12.664] [9304] [HailoRT] [info] [queue_elements.cpp:570] [execute_deactivate] enqueue() in element EntryPushQEl0base-whisper-encoder-5s/input_layer1 was aborted, got status = HAILO_SHUTDOWN_EVENT_SIGNALED(57)
[2026-10-06 13:27:12.664] [9304] [HailoRT] [info] [queue_elements.cpp:46] [~BaseQueueElement] Queue element EntryPushQEl0base-whisper-encoder-5s/input_layer1 has 0 frames in his Queue on destruction
[2026-10-06 13:27:12.664] [9304] [HailoRT] [info] [queue_elements.cpp:46] [~BaseQueueElement] Queue element PushQEl1base-whisper-encoder-5s/input_layer1 has 0 frames in his Queue on destruction
[2026-10-06 13:27:12.676] [9304] [HailoRT] [info] [queue_elements.cpp:46] [~BaseQueueElement] Queue element PushQEl0AsyncHwEl has 0 frames in his Queue on destruction
[2026-10-06 13:27:21.638] [10017] [HailoRT] [info] [hef.cpp:1929] [get_network_group_and_network_name] No name was given. Addressing all networks of default network_group: base-whisper-encoder-5s
[2026-10-06 13:27:21.638] [10017] [HailoRT] [info] [hef.cpp:1929] [get_network_group_and_network_name] No name was given. Addressing all networks of default network_group: base-whisper-decoder-fixed-sequence
[2026-10-06 13:27:21.655] [10017] [HailoRT] [info] [vdevice.cpp:523] [create] Creating vdevice with params: device_count: 1, scheduling_algorithm: ROUND_ROBIN, multi_process_service: false
[2026-10-06 13:27:21.667] [10017] [HailoRT] [info] [device.cpp:49] [Device] OS Version: Linux 6.12.34+rpt-rpi-2712 #1 SMP PREEMPT Debian 1:6.12.34-1+rpt1~bookworm (2025-06-26) aarch64
[2026-10-06 13:27:21.670] [10017] [HailoRT] [info] [control.cpp:108] [control__parse_identify_results] firmware_version is: 4.20.0
[2026-10-06 13:27:21.670] [10017] [HailoRT] [info] [vdevice.cpp:651] [create] VDevice Infos: 0001:01:00.0
[2026-10-06 13:27:21.747] [10017] [HailoRT] [info] [hef.cpp:1929] [get_network_group_and_network_name] No name was given. Addressing all networks of default network_group: base-whisper-encoder-5s
[2026-10-06 13:27:21.747] [10017] [HailoRT] [info] [hef.cpp:1929] [get_network_group_and_network_name] No name was given. Addressing all networks of default network_group: base-whisper-encoder-5s
[2026-10-06 13:27:21.863] [10017] [HailoRT] [info] [hef.cpp:1929] [get_network_group_and_network_name] No name was given. Addressing all networks of default network_group: base-whisper-decoder-fixed-sequence
[2026-10-06 13:27:21.863] [10017] [HailoRT] [info] [hef.cpp:1929] [get_network_group_and_network_name] No name was given. Addressing all networks of default network_group: base-whisper-decoder-fixed-sequence
[2026-10-06 13:27:21.869] [10017] [HailoRT] [info] [internal_buffer_manager.cpp:204] [print_execution_results] Planned internal buffer memory: CMA memory 0, user memory 1576448. memory to edge layer usage factor is 0.34360003
[2026-10-06 13:27:21.869] [10017] [HailoRT] [info] [internal_buffer_manager.cpp:212] [print_execution_results] Default Internal buffer planner executed successfully
[2026-10-06 13:27:21.945] [10017] [HailoRT] [info] [device_internal.cpp:57] [configure] Configuring HEF took 81.151099 milliseconds
[2026-10-06 13:27:21.945] [10017] [HailoRT] [info] [vdevice.cpp:749] [configure] Configuring HEF on VDevice took 81.504783 milliseconds
[2026-10-06 13:27:21.945] [10017] [HailoRT] [info] [infer_model.cpp:436] [configure] Configuring network group 'base-whisper-encoder-5s' with params: batch size: 0, power mode: PERFORMANCE, latency: NONE
[2026-10-06 13:27:21.945] [10017] [HailoRT] [info] [multi_io_elements.cpp:756] [create] Created (AsyncHwEl)
[2026-10-06 13:27:21.945] [10017] [HailoRT] [info] [queue_elements.cpp:450] [create] Created (EntryPushQEl0base-whisper-encoder-5s/input_layer1 | timeout: 10s)
[2026-10-06 13:27:21.945] [10017] [HailoRT] [info] [filter_elements.cpp:101] [create] Created (PreInferEl1base-whisper-encoder-5s/input_layer1 | Quantization - src_type: FLOAT32, dst_type UINT8, limvals_min: -1.51241, limvals_max: 1.52432)
[2026-10-06 13:27:21.945] [10017] [HailoRT] [info] [queue_elements.cpp:450] [create] Created (PushQEl1base-whisper-encoder-5s/input_layer1 | timeout: 10s)
[2026-10-06 13:27:21.945] [10017] [HailoRT] [info] [queue_elements.cpp:450] [create] Created (PushQEl0AsyncHwEl | timeout: 10s)
[2026-10-06 13:27:21.945] [10017] [HailoRT] [info] [filter_elements.cpp:375] [create] Created (PostInferEl0AsyncHwEl | Quantization - src_type: UINT8, dst_type FLOAT32, limvals_min: -23.9557, limvals_max: 14.4638)
[2026-10-06 13:27:21.945] [10017] [HailoRT] [info] [edge_elements.cpp:187] [create] Created (LastAsyncEl0PostInferEl0AsyncHwEl)
[2026-10-06 13:27:21.945] [10017] [HailoRT] [info] [pipeline.cpp:891] [print_deep_description] EntryPushQEl0base-whisper-encoder-5s/input_layer1 | inputs: user | outputs: PreInferEl1base-whisper-encoder-5s/input_layer1(running in thread_id: 10027)
[2026-10-06 13:27:21.945] [10017] [HailoRT] [info] [pipeline.cpp:891] [print_deep_description] PreInferEl1base-whisper-encoder-5s/input_layer1 | inputs: EntryPushQEl0base-whisper-encoder-5s/input_layer1[0] | outputs: PushQEl1base-whisper-encoder-5s/input_layer1
[2026-10-06 13:27:21.945] [10017] [HailoRT] [info] [pipeline.cpp:891] [print_deep_description] PushQEl1base-whisper-encoder-5s/input_layer1 | inputs: PreInferEl1base-whisper-encoder-5s/input_layer1[0] | outputs: AsyncHwEl(running in thread_id: 10028)
[2026-10-06 13:27:21.945] [10017] [HailoRT] [info] [pipeline.cpp:891] [print_deep_description] AsyncHwEl | inputs: PushQEl1base-whisper-encoder-5s/input_layer1[0] | outputs: PushQEl0AsyncHwEl
[2026-10-06 13:27:21.945] [10017] [HailoRT] [info] [pipeline.cpp:891] [print_deep_description] PushQEl0AsyncHwEl | inputs: AsyncHwEl[0] | outputs: PostInferEl0AsyncHwEl(running in thread_id: 10029)
[2026-10-06 13:27:21.945] [10017] [HailoRT] [info] [pipeline.cpp:891] [print_deep_description] PostInferEl0AsyncHwEl | inputs: PushQEl0AsyncHwEl[0] | outputs: LastAsyncEl0PostInferEl0AsyncHwEl
[2026-10-06 13:27:21.945] [10017] [HailoRT] [info] [pipeline.cpp:891] [print_deep_description] LastAsyncEl0PostInferEl0AsyncHwEl | inputs: PostInferEl0AsyncHwEl[0] | outputs: user
[2026-10-06 13:27:21.949] [10017] [HailoRT] [info] [buffer_requirements.cpp:195] [find_initial_desc_page_size] Using non-default initial_desc_page_size of 64, due to a small transfer size (48)
[2026-10-06 13:27:21.950] [10017] [HailoRT] [info] [internal_buffer_manager.cpp:204] [print_execution_results] Planned internal buffer memory: CMA memory 0, user memory 1974272. memory to edge layer usage factor is 0.46450835
[2026-10-06 13:27:21.950] [10017] [HailoRT] [info] [internal_buffer_manager.cpp:212] [print_execution_results] Default Internal buffer planner executed successfully
[2026-10-06 13:27:22.002] [10017] [HailoRT] [info] [buffer_requirements.cpp:195] [find_initial_desc_page_size] Using non-default initial_desc_page_size of 64, due to a small transfer size (48)
[2026-10-06 13:27:22.093] [10017] [HailoRT] [info] [device_internal.cpp:57] [configure] Configuring HEF took 145.534005 milliseconds
[2026-10-06 13:27:22.093] [10017] [HailoRT] [info] [vdevice.cpp:749] [configure] Configuring HEF on VDevice took 145.869671 milliseconds
[2026-10-06 13:27:22.093] [10017] [HailoRT] [info] [infer_model.cpp:436] [configure] Configuring network group 'base-whisper-decoder-fixed-sequence' with params: batch size: 0, power mode: PERFORMANCE, latency: NONE
[2026-10-06 13:27:22.093] [10017] [HailoRT] [info] [multi_io_elements.cpp:756] [create] Created (AsyncHwEl)
[2026-10-06 13:27:22.093] [10017] [HailoRT] [info] [queue_elements.cpp:450] [create] Created (EntryPushQEl0base-whisper-decoder-fixed-sequence/input_layer2 | timeout: 10s)
[2026-10-06 13:27:22.093] [10017] [HailoRT] [info] [filter_elements.cpp:101] [create] Created (PreInferEl6base-whisper-decoder-fixed-sequence/input_layer2 | Quantization - src_type: FLOAT32, dst_type UINT8, limvals_min: -0.535231, limvals_max: 0.556641)
[2026-10-06 13:27:22.093] [10017] [HailoRT] [info] [queue_elements.cpp:450] [create] Created (PushQEl6base-whisper-decoder-fixed-sequence/input_layer2 | timeout: 10s)
[2026-10-06 13:27:22.093] [10017] [HailoRT] [info] [queue_elements.cpp:450] [create] Created (EntryPushQEl0base-whisper-decoder-fixed-sequence/input_layer1 | timeout: 10s)
[2026-10-06 13:27:22.094] [10017] [HailoRT] [info] [filter_elements.cpp:101] [create] Created (PreInferEl12base-whisper-decoder-fixed-sequence/input_layer1 | Quantization - src_type: FLOAT32, dst_type UINT8, limvals_min: -23.5596, limvals_max: 14.4638)
[2026-10-06 13:27:22.094] [10017] [HailoRT] [info] [queue_elements.cpp:450] [create] Created (PushQEl12base-whisper-decoder-fixed-sequence/input_layer1 | timeout: 10s)
[2026-10-06 13:27:22.094] [10017] [HailoRT] [info] [queue_elements.cpp:450] [create] Created (PushQEl0AsyncHwEl | timeout: 10s)
[2026-10-06 13:27:22.094] [10017] [HailoRT] [info] [filter_elements.cpp:375] [create] Created (PostInferEl0AsyncHwEl | Quantization - src_type: UINT8, dst_type FLOAT32, limvals_min: -23.8414, limvals_max: 72.6594)
[2026-10-06 13:27:22.094] [10017] [HailoRT] [info] [edge_elements.cpp:187] [create] Created (LastAsyncEl0PostInferEl0AsyncHwEl)
[2026-10-06 13:27:22.121] [10017] [HailoRT] [info] [queue_elements.cpp:450] [create] Created (PushQEl2AsyncHwEl | timeout: 10s)
[2026-10-06 13:27:22.121] [10017] [HailoRT] [info] [filter_elements.cpp:375] [create] Created (PostInferEl2AsyncHwEl | Quantization - src_type: UINT8, dst_type FLOAT32, limvals_min: -23.4195, limvals_max: 61.8944)
[2026-10-06 13:27:22.121] [10017] [HailoRT] [info] [edge_elements.cpp:187] [create] Created (LastAsyncEl0PostInferEl2AsyncHwEl)
[2026-10-06 13:27:22.121] [10017] [HailoRT] [info] [queue_elements.cpp:450] [create] Created (PushQEl1AsyncHwEl | timeout: 10s)
[2026-10-06 13:27:22.121] [10017] [HailoRT] [info] [filter_elements.cpp:375] [create] Created (PostInferEl1AsyncHwEl | Quantization - src_type: UINT8, dst_type FLOAT32, limvals_min: -23.5004, limvals_max: 59.7302)
[2026-10-06 13:27:22.121] [10017] [HailoRT] [info] [edge_elements.cpp:187] [create] Created (LastAsyncEl0PostInferEl1AsyncHwEl)
[2026-10-06 13:27:22.122] [10017] [HailoRT] [info] [queue_elements.cpp:450] [create] Created (PushQEl3AsyncHwEl | timeout: 10s)
[2026-10-06 13:27:22.122] [10017] [HailoRT] [info] [filter_elements.cpp:375] [create] Created (PostInferEl3AsyncHwEl | Quantization - src_type: UINT8, dst_type FLOAT32, limvals_min: -24.3587, limvals_max: 63.1267)
[2026-10-06 13:27:22.122] [10017] [HailoRT] [info] [edge_elements.cpp:187] [create] Created (LastAsyncEl0PostInferEl3AsyncHwEl)
[2026-10-06 13:27:22.122] [10017] [HailoRT] [info] [pipeline.cpp:891] [print_deep_description] EntryPushQEl0base-whisper-decoder-fixed-sequence/input_layer1 | inputs: user | outputs: PreInferEl12base-whisper-decoder-fixed-sequence/input_layer1(running in thread_id: 10032)
[2026-10-06 13:27:22.122] [10017] [HailoRT] [info] [pipeline.cpp:891] [print_deep_description] PreInferEl12base-whisper-decoder-fixed-sequence/input_layer1 | inputs: EntryPushQEl0base-whisper-decoder-fixed-sequence/input_layer1[0] | outputs: PushQEl12base-whisper-decoder-fixed-sequence/input_layer1
[2026-10-06 13:27:22.122] [10017] [HailoRT] [info] [pipeline.cpp:891] [print_deep_description] PushQEl12base-whisper-decoder-fixed-sequence/input_layer1 | inputs: PreInferEl12base-whisper-decoder-fixed-sequence/input_layer1[0] | outputs: AsyncHwEl(running in thread_id: 10033)
[2026-10-06 13:27:22.122] [10017] [HailoRT] [info] [pipeline.cpp:891] [print_deep_description] AsyncHwEl | inputs: PushQEl12base-whisper-decoder-fixed-sequence/input_layer1[0] PushQEl6base-whisper-decoder-fixed-sequence/input_layer2[1] | outputs: PushQEl0AsyncHwEl PushQEl1AsyncHwEl PushQEl2AsyncHwEl PushQEl3AsyncHwEl
[2026-10-06 13:27:22.122] [10017] [HailoRT] [info] [pipeline.cpp:891] [print_deep_description] PushQEl0AsyncHwEl | inputs: AsyncHwEl[0] | outputs: PostInferEl0AsyncHwEl(running in thread_id: 10034)
[2026-10-06 13:27:22.122] [10017] [HailoRT] [info] [pipeline.cpp:891] [print_deep_description] PostInferEl0AsyncHwEl | inputs: PushQEl0AsyncHwEl[0] | outputs: LastAsyncEl0PostInferEl0AsyncHwEl
[2026-10-06 13:27:22.122] [10017] [HailoRT] [info] [pipeline.cpp:891] [print_deep_description] LastAsyncEl0PostInferEl0AsyncHwEl | inputs: PostInferEl0AsyncHwEl[0] | outputs: user
[2026-10-06 13:27:22.122] [10017] [HailoRT] [info] [pipeline.cpp:891] [print_deep_description] PushQEl1AsyncHwEl | inputs: AsyncHwEl[0] | outputs: PostInferEl1AsyncHwEl(running in thread_id: 10036)
[2026-10-06 13:27:22.122] [10017] [HailoRT] [info] [pipeline.cpp:891] [print_deep_description] PostInferEl1AsyncHwEl | inputs: PushQEl1AsyncHwEl[0] | outputs: LastAsyncEl0PostInferEl1AsyncHwEl
[2026-10-06 13:27:22.122] [10017] [HailoRT] [info] [pipeline.cpp:891] [print_deep_description] LastAsyncEl0PostInferEl1AsyncHwEl | inputs: PostInferEl1AsyncHwEl[0] | outputs: user
[2026-10-06 13:27:22.122] [10017] [HailoRT] [info] [pipeline.cpp:891] [print_deep_description] PushQEl2AsyncHwEl | inputs: AsyncHwEl[0] | outputs: PostInferEl2AsyncHwEl(running in thread_id: 10035)
[2026-10-06 13:27:22.122] [10017] [HailoRT] [info] [pipeline.cpp:891] [print_deep_description] PostInferEl2AsyncHwEl | inputs: PushQEl2AsyncHwEl[0] | outputs: LastAsyncEl0PostInferEl2AsyncHwEl
[2026-10-06 13:27:22.122] [10017] [HailoRT] [info] [pipeline.cpp:891] [print_deep_description] LastAsyncEl0PostInferEl2AsyncHwEl | inputs: PostInferEl2AsyncHwEl[0] | outputs: user
[2026-10-06 13:27:22.122] [10017] [HailoRT] [info] [pipeline.cpp:891] [print_deep_description] PushQEl3AsyncHwEl | inputs: AsyncHwEl[0] | outputs: PostInferEl3AsyncHwEl(running in thread_id: 10037)
[2026-10-06 13:27:22.122] [10017] [HailoRT] [info] [pipeline.cpp:891] [print_deep_description] PostInferEl3AsyncHwEl | inputs: PushQEl3AsyncHwEl[0] | outputs: LastAsyncEl0PostInferEl3AsyncHwEl
[2026-10-06 13:27:22.122] [10017] [HailoRT] [info] [pipeline.cpp:891] [print_deep_description] LastAsyncEl0PostInferEl3AsyncHwEl | inputs: PostInferEl3AsyncHwEl[0] | outputs: user
[2026-10-06 13:27:22.122] [10017] [HailoRT] [info] [pipeline.cpp:891] [print_deep_description] EntryPushQEl0base-whisper-decoder-fixed-sequence/input_layer2 | inputs: user | outputs: PreInferEl6base-whisper-decoder-fixed-sequence/input_layer2(running in thread_id: 10030)
[2026-10-06 13:27:22.122] [10017] [HailoRT] [info] [pipeline.cpp:891] [print_deep_description] PreInferEl6base-whisper-decoder-fixed-sequence/input_layer2 | inputs: EntryPushQEl0base-whisper-decoder-fixed-sequence/input_layer2[0] | outputs: PushQEl6base-whisper-decoder-fixed-sequence/input_layer2
[2026-10-06 13:27:22.122] [10017] [HailoRT] [info] [pipeline.cpp:891] [print_deep_description] PushQEl6base-whisper-decoder-fixed-sequence/input_layer2 | inputs: PreInferEl6base-whisper-decoder-fixed-sequence/input_layer2[0] | outputs: AsyncHwEl(running in thread_id: 10031)
[2026-10-06 13:27:30.636] [10017] [HailoRT] [info] [async_infer_runner.cpp:86] [shutdown] Pipeline was aborted. Shutting it down
[2026-10-06 13:27:30.638] [10017] [HailoRT] [info] [async_infer_runner.cpp:86] [shutdown] Pipeline was aborted. Shutting it down
[2026-10-06 13:27:30.638] [10017] [HailoRT] [info] [queue_elements.cpp:570] [execute_deactivate] enqueue() in element PushQEl0AsyncHwEl was aborted, got status = HAILO_SHUTDOWN_EVENT_SIGNALED(57)
[2026-10-06 13:27:30.638] [10017] [HailoRT] [info] [queue_elements.cpp:570] [execute_deactivate] enqueue() in element PushQEl1AsyncHwEl was aborted, got status = HAILO_SHUTDOWN_EVENT_SIGNALED(57)
[2026-10-06 13:27:30.638] [10017] [HailoRT] [info] [queue_elements.cpp:570] [execute_deactivate] enqueue() in element PushQEl2AsyncHwEl was aborted, got status = HAILO_SHUTDOWN_EVENT_SIGNALED(57)
[2026-10-06 13:27:30.638] [10017] [HailoRT] [info] [queue_elements.cpp:570] [execute_deactivate] enqueue() in element PushQEl3AsyncHwEl was aborted, got status = HAILO_SHUTDOWN_EVENT_SIGNALED(57)
[2026-10-06 13:27:30.638] [10017] [HailoRT] [info] [queue_elements.cpp:570] [execute_deactivate] enqueue() in element PushQEl12base-whisper-decoder-fixed-sequence/input_layer1 was aborted, got status = HAILO_SHUTDOWN_EVENT_SIGNALED(57)
[2026-10-06 13:27:30.638] [10017] [HailoRT] [info] [queue_elements.cpp:570] [execute_deactivate] enqueue() in element EntryPushQEl0base-whisper-decoder-fixed-sequence/input_layer1 was aborted, got status = HAILO_SHUTDOWN_EVENT_SIGNALED(57)
[2026-10-06 13:27:30.638] [10017] [HailoRT] [info] [queue_elements.cpp:570] [execute_deactivate] enqueue() in element PushQEl0AsyncHwEl was aborted, got status = HAILO_SHUTDOWN_EVENT_SIGNALED(57)
[2026-10-06 13:27:30.638] [10017] [HailoRT] [info] [queue_elements.cpp:570] [execute_deactivate] enqueue() in element PushQEl1AsyncHwEl was aborted, got status = HAILO_SHUTDOWN_EVENT_SIGNALED(57)
[2026-10-06 13:27:30.638] [10017] [HailoRT] [info] [queue_elements.cpp:570] [execute_deactivate] enqueue() in element PushQEl2AsyncHwEl was aborted, got status = HAILO_SHUTDOWN_EVENT_SIGNALED(57)
[2026-10-06 13:27:30.638] [10017] [HailoRT] [info] [queue_elements.cpp:570] [execute_deactivate] enqueue() in element PushQEl3AsyncHwEl was aborted, got status = HAILO_SHUTDOWN_EVENT_SIGNALED(57)
[2026-10-06 13:27:30.638] [10017] [HailoRT] [info] [queue_elements.cpp:570] [execute_deactivate] enqueue() in element PushQEl6base-whisper-decoder-fixed-sequence/input_layer2 was aborted, got status = HAILO_SHUTDOWN_EVENT_SIGNALED(57)
[2026-10-06 13:27:30.638] [10017] [HailoRT] [info] [queue_elements.cpp:570] [execute_deactivate] enqueue() in element EntryPushQEl0base-whisper-decoder-fixed-sequence/input_layer2 was aborted, got status = HAILO_SHUTDOWN_EVENT_SIGNALED(57)
[2026-10-06 13:27:30.638] [10017] [HailoRT] [info] [queue_elements.cpp:46] [~BaseQueueElement] Queue element EntryPushQEl0base-whisper-decoder-fixed-sequence/input_layer2 has 0 frames in his Queue on destruction
[2026-10-06 13:27:30.638] [10017] [HailoRT] [info] [queue_elements.cpp:46] [~BaseQueueElement] Queue element PushQEl6base-whisper-decoder-fixed-sequence/input_layer2 has 0 frames in his Queue on destruction
[2026-10-06 13:27:30.638] [10017] [HailoRT] [info] [queue_elements.cpp:46] [~BaseQueueElement] Queue element EntryPushQEl0base-whisper-decoder-fixed-sequence/input_layer1 has 0 frames in his Queue on destruction
[2026-10-06 13:27:30.638] [10017] [HailoRT] [info] [queue_elements.cpp:46] [~BaseQueueElement] Queue element PushQEl12base-whisper-decoder-fixed-sequence/input_layer1 has 0 frames in his Queue on destruction
[2026-10-06 13:27:30.638] [10017] [HailoRT] [info] [queue_elements.cpp:46] [~BaseQueueElement] Queue element PushQEl0AsyncHwEl has 0 frames in his Queue on destruction
[2026-10-06 13:27:30.639] [10017] [HailoRT] [info] [queue_elements.cpp:46] [~BaseQueueElement] Queue element PushQEl2AsyncHwEl has 0 frames in his Queue on destruction
[2026-10-06 13:27:30.639] [10017] [HailoRT] [info] [queue_elements.cpp:46] [~BaseQueueElement] Queue element PushQEl1AsyncHwEl has 0 frames in his Queue on destruction
[2026-10-06 13:27:30.640] [10017] [HailoRT] [info] [queue_elements.cpp:46] [~BaseQueueElement] Queue element PushQEl3AsyncHwEl has 0 frames in his Queue on destruction
[2026-10-06 13:27:30.641] [10017] [HailoRT] [info] [async_infer_runner.cpp:86] [shutdown] Pipeline was aborted. Shutting it down
[2026-10-06 13:27:30.645] [10017] [HailoRT] [info] [async_infer_runner.cpp:86] [shutdown] Pipeline was aborted. Shutting it down
[2026-10-06 13:27:30.645] [10017] [HailoRT] [info] [queue_elements.cpp:570] [execute_deactivate] enqueue() in element PushQEl0AsyncHwEl was aborted, got status = HAILO_SHUTDOWN_EVENT_SIGNALED(57)
[2026-10-06 13:27:30.645] [10017] [HailoRT] [info] [queue_elements.cpp:570] [execute_deactivate] enqueue() in element PushQEl1base-whisper-encoder-5s/input_layer1 was aborted, got status = HAILO_SHUTDOWN_EVENT_SIGNALED(57)
[2026-10-06 13:27:30.645] [10017] [HailoRT] [info] [queue_elements.cpp:570] [execute_deactivate] enqueue() in element EntryPushQEl0base-whisper-encoder-5s/input_layer1 was aborted, got status = HAILO_SHUTDOWN_EVENT_SIGNALED(57)
[2026-10-06 13:27:30.645] [10017] [HailoRT] [info] [queue_elements.cpp:46] [~BaseQueueElement] Queue element EntryPushQEl0base-whisper-encoder-5s/input_layer1 has 0 frames in his Queue on destruction
[2026-10-06 13:27:30.645] [10017] [HailoRT] [info] [queue_elements.cpp:46] [~BaseQueueElement] Queue element PushQEl1base-whisper-encoder-5s/input_layer1 has 0 frames in his Queue on destruction
[2026-10-06 13:27:30.645] [10017] [HailoRT] [info] [queue_elements.cpp:46] [~BaseQueueElement] Queue element PushQEl0AsyncHwEl has 0 frames in his Queue on destruction
[2026-10-06 13:28:05.666] [10143] [HailoRT] [info] [hef.cpp:1929] [get_network_group_and_network_name] No name was given. Addressing all networks of default network_group: base-whisper-encoder-5s
[2026-10-06 13:28:05.666] [10143] [HailoRT] [info] [hef.cpp:1929] [get_network_group_and_network_name] No name was given. Addressing all networks of default network_group: base-whisper-decoder-fixed-sequence
[2026-10-06 13:28:05.687] [10143] [HailoRT] [info] [vdevice.cpp:523] [create] Creating vdevice with params: device_count: 1, scheduling_algorithm: ROUND_ROBIN, multi_process_service: false
[2026-10-06 13:28:05.700] [10143] [HailoRT] [info] [device.cpp:49] [Device] OS Version: Linux 6.12.34+rpt-rpi-2712 #1 SMP PREEMPT Debian 1:6.12.34-1+rpt1~bookworm (2025-06-26) aarch64
[2026-10-06 13:28:05.702] [10143] [HailoRT] [info] [control.cpp:108] [control__parse_identify_results] firmware_version is: 4.20.0
[2026-10-06 13:28:05.702] [10143] [HailoRT] [info] [vdevice.cpp:651] [create] VDevice Infos: 0001:01:00.0
[2026-10-06 13:28:05.774] [10143] [HailoRT] [info] [hef.cpp:1929] [get_network_group_and_network_name] No name was given. Addressing all networks of default network_group: base-whisper-encoder-5s
[2026-10-06 13:28:05.774] [10143] [HailoRT] [info] [hef.cpp:1929] [get_network_group_and_network_name] No name was given. Addressing all networks of default network_group: base-whisper-encoder-5s
[2026-10-06 13:28:05.948] [10143] [HailoRT] [info] [hef.cpp:1929] [get_network_group_and_network_name] No name was given. Addressing all networks of default network_group: base-whisper-decoder-fixed-sequence
[2026-10-06 13:28:05.948] [10143] [HailoRT] [info] [hef.cpp:1929] [get_network_group_and_network_name] No name was given. Addressing all networks of default network_group: base-whisper-decoder-fixed-sequence
[2026-10-06 13:28:05.961] [10143] [HailoRT] [info] [internal_buffer_manager.cpp:204] [print_execution_results] Planned internal buffer memory: CMA memory 0, user memory 1576448. memory to edge layer usage factor is 0.34360003
[2026-10-06 13:28:05.961] [10143] [HailoRT] [info] [internal_buffer_manager.cpp:212] [print_execution_results] Default Internal buffer planner executed successfully
[2026-10-06 13:28:06.061] [10143] [HailoRT] [info] [device_internal.cpp:57] [configure] Configuring HEF took 111.13529 milliseconds
[2026-10-06 13:28:06.061] [10143] [HailoRT] [info] [vdevice.cpp:749] [configure] Configuring HEF on VDevice took 112.650322 milliseconds
[2026-10-06 13:28:06.061] [10143] [HailoRT] [info] [infer_model.cpp:436] [configure] Configuring network group 'base-whisper-encoder-5s' with params: batch size: 0, power mode: PERFORMANCE, latency: NONE
[2026-10-06 13:28:06.061] [10143] [HailoRT] [info] [multi_io_elements.cpp:756] [create] Created (AsyncHwEl)
[2026-10-06 13:28:06.064] [10143] [HailoRT] [info] [queue_elements.cpp:450] [create] Created (EntryPushQEl0base-whisper-encoder-5s/input_layer1 | timeout: 10s)
[2026-10-06 13:28:06.064] [10143] [HailoRT] [info] [filter_elements.cpp:101] [create] Created (PreInferEl1base-whisper-encoder-5s/input_layer1 | Quantization - src_type: FLOAT32, dst_type UINT8, limvals_min: -1.51241, limvals_max: 1.52432)
[2026-10-06 13:28:06.065] [10143] [HailoRT] [info] [queue_elements.cpp:450] [create] Created (PushQEl1base-whisper-encoder-5s/input_layer1 | timeout: 10s)
[2026-10-06 13:28:06.065] [10143] [HailoRT] [info] [queue_elements.cpp:450] [create] Created (PushQEl0AsyncHwEl | timeout: 10s)
[2026-10-06 13:28:06.065] [10143] [HailoRT] [info] [filter_elements.cpp:375] [create] Created (PostInferEl0AsyncHwEl | Quantization - src_type: UINT8, dst_type FLOAT32, limvals_min: -23.9557, limvals_max: 14.4638)
[2026-10-06 13:28:06.065] [10143] [HailoRT] [info] [edge_elements.cpp:187] [create] Created (LastAsyncEl0PostInferEl0AsyncHwEl)
[2026-10-06 13:28:06.065] [10143] [HailoRT] [info] [pipeline.cpp:891] [print_deep_description] EntryPushQEl0base-whisper-encoder-5s/input_layer1 | inputs: user | outputs: PreInferEl1base-whisper-encoder-5s/input_layer1(running in thread_id: 10157)
[2026-10-06 13:28:06.065] [10143] [HailoRT] [info] [pipeline.cpp:891] [print_deep_description] PreInferEl1base-whisper-encoder-5s/input_layer1 | inputs: EntryPushQEl0base-whisper-encoder-5s/input_layer1[0] | outputs: PushQEl1base-whisper-encoder-5s/input_layer1
[2026-10-06 13:28:06.066] [10143] [HailoRT] [info] [pipeline.cpp:891] [print_deep_description] PushQEl1base-whisper-encoder-5s/input_layer1 | inputs: PreInferEl1base-whisper-encoder-5s/input_layer1[0] | outputs: AsyncHwEl(running in thread_id: 10158)
[2026-10-06 13:28:06.066] [10143] [HailoRT] [info] [pipeline.cpp:891] [print_deep_description] AsyncHwEl | inputs: PushQEl1base-whisper-encoder-5s/input_layer1[0] | outputs: PushQEl0AsyncHwEl
[2026-10-06 13:28:06.066] [10143] [HailoRT] [info] [pipeline.cpp:891] [print_deep_description] PushQEl0AsyncHwEl | inputs: AsyncHwEl[0] | outputs: PostInferEl0AsyncHwEl(running in thread_id: 10159)
[2026-10-06 13:28:06.066] [10143] [HailoRT] [info] [pipeline.cpp:891] [print_deep_description] PostInferEl0AsyncHwEl | inputs: PushQEl0AsyncHwEl[0] | outputs: LastAsyncEl0PostInferEl0AsyncHwEl
[2026-10-06 13:28:06.066] [10143] [HailoRT] [info] [pipeline.cpp:891] [print_deep_description] LastAsyncEl0PostInferEl0AsyncHwEl | inputs: PostInferEl0AsyncHwEl[0] | outputs: user
[2026-10-06 13:28:06.073] [10143] [HailoRT] [info] [buffer_requirements.cpp:195] [find_initial_desc_page_size] Using non-default initial_desc_page_size of 64, due to a small transfer size (48)
[2026-10-06 13:28:06.074] [10143] [HailoRT] [info] [internal_buffer_manager.cpp:204] [print_execution_results] Planned internal buffer memory: CMA memory 0, user memory 1974272. memory to edge layer usage factor is 0.46450835
[2026-10-06 13:28:06.074] [10143] [HailoRT] [info] [internal_buffer_manager.cpp:212] [print_execution_results] Default Internal buffer planner executed successfully
[2026-10-06 13:28:06.128] [10143] [HailoRT] [info] [buffer_requirements.cpp:195] [find_initial_desc_page_size] Using non-default initial_desc_page_size of 64, due to a small transfer size (48)
[2026-10-06 13:28:06.242] [10143] [HailoRT] [info] [device_internal.cpp:57] [configure] Configuring HEF took 172.528112 milliseconds
[2026-10-06 13:28:06.242] [10143] [HailoRT] [info] [vdevice.cpp:749] [configure] Configuring HEF on VDevice took 172.851889 milliseconds
[2026-10-06 13:28:06.242] [10143] [HailoRT] [info] [infer_model.cpp:436] [configure] Configuring network group 'base-whisper-decoder-fixed-sequence' with params: batch size: 0, power mode: PERFORMANCE, latency: NONE
[2026-10-06 13:28:06.242] [10143] [HailoRT] [info] [multi_io_elements.cpp:756] [create] Created (AsyncHwEl)
[2026-10-06 13:28:06.243] [10143] [HailoRT] [info] [queue_elements.cpp:450] [create] Created (EntryPushQEl0base-whisper-decoder-fixed-sequence/input_layer2 | timeout: 10s)
[2026-10-06 13:28:06.243] [10143] [HailoRT] [info] [filter_elements.cpp:101] [create] Created (PreInferEl6base-whisper-decoder-fixed-sequence/input_layer2 | Quantization - src_type: FLOAT32, dst_type UINT8, limvals_min: -0.535231, limvals_max: 0.556641)
[2026-10-06 13:28:06.244] [10143] [HailoRT] [info] [queue_elements.cpp:450] [create] Created (PushQEl6base-whisper-decoder-fixed-sequence/input_layer2 | timeout: 10s)
[2026-10-06 13:28:06.244] [10143] [HailoRT] [info] [queue_elements.cpp:450] [create] Created (EntryPushQEl0base-whisper-decoder-fixed-sequence/input_layer1 | timeout: 10s)
[2026-10-06 13:28:06.251] [10143] [HailoRT] [info] [filter_elements.cpp:101] [create] Created (PreInferEl12base-whisper-decoder-fixed-sequence/input_layer1 | Quantization - src_type: FLOAT32, dst_type UINT8, limvals_min: -23.5596, limvals_max: 14.4638)
[2026-10-06 13:28:06.252] [10143] [HailoRT] [info] [queue_elements.cpp:450] [create] Created (PushQEl12base-whisper-decoder-fixed-sequence/input_layer1 | timeout: 10s)
[2026-10-06 13:28:06.252] [10143] [HailoRT] [info] [queue_elements.cpp:450] [create] Created (PushQEl0AsyncHwEl | timeout: 10s)
[2026-10-06 13:28:06.253] [10143] [HailoRT] [info] [filter_elements.cpp:375] [create] Created (PostInferEl0AsyncHwEl | Quantization - src_type: UINT8, dst_type FLOAT32, limvals_min: -23.8414, limvals_max: 72.6594)
[2026-10-06 13:28:06.253] [10143] [HailoRT] [info] [edge_elements.cpp:187] [create] Created (LastAsyncEl0PostInferEl0AsyncHwEl)
[2026-10-06 13:28:06.301] [10143] [HailoRT] [info] [queue_elements.cpp:450] [create] Created (PushQEl2AsyncHwEl | timeout: 10s)
[2026-10-06 13:28:06.301] [10143] [HailoRT] [info] [filter_elements.cpp:375] [create] Created (PostInferEl2AsyncHwEl | Quantization - src_type: UINT8, dst_type FLOAT32, limvals_min: -23.4195, limvals_max: 61.8944)
[2026-10-06 13:28:06.301] [10143] [HailoRT] [info] [edge_elements.cpp:187] [create] Created (LastAsyncEl0PostInferEl2AsyncHwEl)
[2026-10-06 13:28:06.303] [10143] [HailoRT] [info] [queue_elements.cpp:450] [create] Created (PushQEl1AsyncHwEl | timeout: 10s)
[2026-10-06 13:28:06.303] [10143] [HailoRT] [info] [filter_elements.cpp:375] [create] Created (PostInferEl1AsyncHwEl | Quantization - src_type: UINT8, dst_type FLOAT32, limvals_min: -23.5004, limvals_max: 59.7302)
[2026-10-06 13:28:06.303] [10143] [HailoRT] [info] [edge_elements.cpp:187] [create] Created (LastAsyncEl0PostInferEl1AsyncHwEl)
[2026-10-06 13:28:06.303] [10143] [HailoRT] [info] [queue_elements.cpp:450] [create] Created (PushQEl3AsyncHwEl | timeout: 10s)
[2026-10-06 13:28:06.303] [10143] [HailoRT] [info] [filter_elements.cpp:375] [create] Created (PostInferEl3AsyncHwEl | Quantization - src_type: UINT8, dst_type FLOAT32, limvals_min: -24.3587, limvals_max: 63.1267)
[2026-10-06 13:28:06.303] [10143] [HailoRT] [info] [edge_elements.cpp:187] [create] Created (LastAsyncEl0PostInferEl3AsyncHwEl)
[2026-10-06 13:28:06.303] [10143] [HailoRT] [info] [pipeline.cpp:891] [print_deep_description] EntryPushQEl0base-whisper-decoder-fixed-sequence/input_layer1 | inputs: user | outputs: PreInferEl12base-whisper-decoder-fixed-sequence/input_layer1(running in thread_id: 10162)
[2026-10-06 13:28:06.303] [10143] [HailoRT] [info] [pipeline.cpp:891] [print_deep_description] PreInferEl12base-whisper-decoder-fixed-sequence/input_layer1 | inputs: EntryPushQEl0base-whisper-decoder-fixed-sequence/input_layer1[0] | outputs: PushQEl12base-whisper-decoder-fixed-sequence/input_layer1
[2026-10-06 13:28:06.303] [10143] [HailoRT] [info] [pipeline.cpp:891] [print_deep_description] PushQEl12base-whisper-decoder-fixed-sequence/input_layer1 | inputs: PreInferEl12base-whisper-decoder-fixed-sequence/input_layer1[0] | outputs: AsyncHwEl(running in thread_id: 10171)
[2026-10-06 13:28:06.303] [10143] [HailoRT] [info] [pipeline.cpp:891] [print_deep_description] AsyncHwEl | inputs: PushQEl12base-whisper-decoder-fixed-sequence/input_layer1[0] PushQEl6base-whisper-decoder-fixed-sequence/input_layer2[1] | outputs: PushQEl0AsyncHwEl PushQEl1AsyncHwEl PushQEl2AsyncHwEl PushQEl3AsyncHwEl
[2026-10-06 13:28:06.303] [10143] [HailoRT] [info] [pipeline.cpp:891] [print_deep_description] PushQEl0AsyncHwEl | inputs: AsyncHwEl[0] | outputs: PostInferEl0AsyncHwEl(running in thread_id: 10175)
[2026-10-06 13:28:06.303] [10143] [HailoRT] [info] [pipeline.cpp:891] [print_deep_description] PostInferEl0AsyncHwEl | inputs: PushQEl0AsyncHwEl[0] | outputs: LastAsyncEl0PostInferEl0AsyncHwEl
[2026-10-06 13:28:06.303] [10143] [HailoRT] [info] [pipeline.cpp:891] [print_deep_description] LastAsyncEl0PostInferEl0AsyncHwEl | inputs: PostInferEl0AsyncHwEl[0] | outputs: user
[2026-10-06 13:28:06.303] [10143] [HailoRT] [info] [pipeline.cpp:891] [print_deep_description] PushQEl1AsyncHwEl | inputs: AsyncHwEl[0] | outputs: PostInferEl1AsyncHwEl(running in thread_id: 10177)
[2026-10-06 13:28:06.303] [10143] [HailoRT] [info] [pipeline.cpp:891] [print_deep_description] PostInferEl1AsyncHwEl | inputs: PushQEl1AsyncHwEl[0] | outputs: LastAsyncEl0PostInferEl1AsyncHwEl
[2026-10-06 13:28:06.303] [10143] [HailoRT] [info] [pipeline.cpp:891] [print_deep_description] LastAsyncEl0PostInferEl1AsyncHwEl | inputs: PostInferEl1AsyncHwEl[0] | outputs: user
[2026-10-06 13:28:06.303] [10143] [HailoRT] [info] [pipeline.cpp:891] [print_deep_description] PushQEl2AsyncHwEl | inputs: AsyncHwEl[0] | outputs: PostInferEl2AsyncHwEl(running in thread_id: 10176)
[2026-10-06 13:28:06.303] [10143] [HailoRT] [info] [pipeline.cpp:891] [print_deep_description] PostInferEl2AsyncHwEl | inputs: PushQEl2AsyncHwEl[0] | outputs: LastAsyncEl0PostInferEl2AsyncHwEl
[2026-10-06 13:28:06.303] [10143] [HailoRT] [info] [pipeline.cpp:891] [print_deep_description] LastAsyncEl0PostInferEl2AsyncHwEl | inputs: PostInferEl2AsyncHwEl[0] | outputs: user
[2026-10-06 13:28:06.303] [10143] [HailoRT] [info] [pipeline.cpp:891] [print_deep_description] PushQEl3AsyncHwEl | inputs: AsyncHwEl[0] | outputs: PostInferEl3AsyncHwEl(running in thread_id: 10178)
[2026-10-06 13:28:06.303] [10143] [HailoRT] [info] [pipeline.cpp:891] [print_deep_description] PostInferEl3AsyncHwEl | inputs: PushQEl3AsyncHwEl[0] | outputs: LastAsyncEl0PostInferEl3AsyncHwEl
[2026-10-06 13:28:06.303] [10143] [HailoRT] [info] [pipeline.cpp:891] [print_deep_description] LastAsyncEl0PostInferEl3AsyncHwEl | inputs: PostInferEl3AsyncHwEl[0] | outputs: user
[2026-10-06 13:28:06.303] [10143] [HailoRT] [info] [pipeline.cpp:891] [print_deep_description] EntryPushQEl0base-whisper-decoder-fixed-sequence/input_layer2 | inputs: user | outputs: PreInferEl6base-whisper-decoder-fixed-sequence/input_layer2(running in thread_id: 10160)
[2026-10-06 13:28:06.303] [10143] [HailoRT] [info] [pipeline.cpp:891] [print_deep_description] PreInferEl6base-whisper-decoder-fixed-sequence/input_layer2 | inputs: EntryPushQEl0base-whisper-decoder-fixed-sequence/input_layer2[0] | outputs: PushQEl6base-whisper-decoder-fixed-sequence/input_layer2
[2026-10-06 13:28:06.303] [10143] [HailoRT] [info] [pipeline.cpp:891] [print_deep_description] PushQEl6base-whisper-decoder-fixed-sequence/input_layer2 | inputs: PreInferEl6base-whisper-decoder-fixed-sequence/input_layer2[0] | outputs: AsyncHwEl(running in thread_id: 10161)
[2026-10-06 13:28:57.708] [10143] [HailoRT] [info] [async_infer_runner.cpp:86] [shutdown] Pipeline was aborted. Shutting it down
[2026-10-06 13:28:57.713] [10143] [HailoRT] [info] [async_infer_runner.cpp:86] [shutdown] Pipeline was aborted. Shutting it down
[2026-10-06 13:28:57.713] [10143] [HailoRT] [info] [queue_elements.cpp:570] [execute_deactivate] enqueue() in element PushQEl0AsyncHwEl was aborted, got status = HAILO_SHUTDOWN_EVENT_SIGNALED(57)
[2026-10-06 13:28:57.713] [10143] [HailoRT] [info] [queue_elements.cpp:570] [execute_deactivate] enqueue() in element PushQEl1AsyncHwEl was aborted, got status = HAILO_SHUTDOWN_EVENT_SIGNALED(57)
[2026-10-06 13:28:57.713] [10143] [HailoRT] [info] [queue_elements.cpp:570] [execute_deactivate] enqueue() in element PushQEl2AsyncHwEl was aborted, got status = HAILO_SHUTDOWN_EVENT_SIGNALED(57)
[2026-10-06 13:28:57.713] [10143] [HailoRT] [info] [queue_elements.cpp:570] [execute_deactivate] enqueue() in element PushQEl3AsyncHwEl was aborted, got status = HAILO_SHUTDOWN_EVENT_SIGNALED(57)
[2026-10-06 13:28:57.713] [10143] [HailoRT] [info] [queue_elements.cpp:570] [execute_deactivate] enqueue() in element PushQEl12base-whisper-decoder-fixed-sequence/input_layer1 was aborted, got status = HAILO_SHUTDOWN_EVENT_SIGNALED(57)
[2026-10-06 13:28:57.713] [10143] [HailoRT] [info] [queue_elements.cpp:570] [execute_deactivate] enqueue() in element EntryPushQEl0base-whisper-decoder-fixed-sequence/input_layer1 was aborted, got status = HAILO_SHUTDOWN_EVENT_SIGNALED(57)
[2026-10-06 13:28:57.713] [10143] [HailoRT] [info] [queue_elements.cpp:570] [execute_deactivate] enqueue() in element PushQEl0AsyncHwEl was aborted, got status = HAILO_SHUTDOWN_EVENT_SIGNALED(57)
[2026-10-06 13:28:57.713] [10143] [HailoRT] [info] [queue_elements.cpp:570] [execute_deactivate] enqueue() in element PushQEl1AsyncHwEl was aborted, got status = HAILO_SHUTDOWN_EVENT_SIGNALED(57)
[2026-10-06 13:28:57.713] [10143] [HailoRT] [info] [queue_elements.cpp:570] [execute_deactivate] enqueue() in element PushQEl2AsyncHwEl was aborted, got status = HAILO_SHUTDOWN_EVENT_SIGNALED(57)
[2026-10-06 13:28:57.713] [10143] [HailoRT] [info] [queue_elements.cpp:570] [execute_deactivate] enqueue() in element PushQEl3AsyncHwEl was aborted, got status = HAILO_SHUTDOWN_EVENT_SIGNALED(57)
[2026-10-06 13:28:57.713] [10143] [HailoRT] [info] [queue_elements.cpp:570] [execute_deactivate] enqueue() in element PushQEl6base-whisper-decoder-fixed-sequence/input_layer2 was aborted, got status = HAILO_SHUTDOWN_EVENT_SIGNALED(57)
[2026-10-06 13:28:57.713] [10143] [HailoRT] [info] [queue_elements.cpp:570] [execute_deactivate] enqueue() in element EntryPushQEl0base-whisper-decoder-fixed-sequence/input_layer2 was aborted, got status = HAILO_SHUTDOWN_EVENT_SIGNALED(57)
[2026-10-06 13:28:57.713] [10143] [HailoRT] [info] [queue_elements.cpp:46] [~BaseQueueElement] Queue element EntryPushQEl0base-whisper-decoder-fixed-sequence/input_layer2 has 0 frames in his Queue on destruction
[2026-10-06 13:28:57.713] [10143] [HailoRT] [info] [queue_elements.cpp:46] [~BaseQueueElement] Queue element PushQEl6base-whisper-decoder-fixed-sequence/input_layer2 has 0 frames in his Queue on destruction
[2026-10-06 13:28:57.714] [10143] [HailoRT] [info] [queue_elements.cpp:46] [~BaseQueueElement] Queue element EntryPushQEl0base-whisper-decoder-fixed-sequence/input_layer1 has 0 frames in his Queue on destruction
[2026-10-06 13:28:57.714] [10143] [HailoRT] [info] [queue_elements.cpp:46] [~BaseQueueElement] Queue element PushQEl12base-whisper-decoder-fixed-sequence/input_layer1 has 0 frames in his Queue on destruction
[2026-10-06 13:28:57.714] [10143] [HailoRT] [info] [queue_elements.cpp:46] [~BaseQueueElement] Queue element PushQEl0AsyncHwEl has 0 frames in his Queue on destruction
[2026-10-06 13:28:57.714] [10143] [HailoRT] [info] [queue_elements.cpp:46] [~BaseQueueElement] Queue element PushQEl2AsyncHwEl has 0 frames in his Queue on destruction
[2026-10-06 13:28:57.714] [10143] [HailoRT] [info] [queue_elements.cpp:46] [~BaseQueueElement] Queue element PushQEl1AsyncHwEl has 0 frames in his Queue on destruction
[2026-10-06 13:28:57.716] [10143] [HailoRT] [info] [queue_elements.cpp:46] [~BaseQueueElement] Queue element PushQEl3AsyncHwEl has 0 frames in his Queue on destruction
[2026-10-06 13:28:57.716] [10143] [HailoRT] [info] [async_infer_runner.cpp:86] [shutdown] Pipeline was aborted. Shutting it down
[2026-10-06 13:28:57.717] [10143] [HailoRT] [info] [async_infer_runner.cpp:86] [shutdown] Pipeline was aborted. Shutting it down
[2026-10-06 13:28:57.717] [10143] [HailoRT] [info] [queue_elements.cpp:570] [execute_deactivate] enqueue() in element PushQEl0AsyncHwEl was aborted, got status = HAILO_SHUTDOWN_EVENT_SIGNALED(57)
[2026-10-06 13:28:57.717] [10143] [HailoRT] [info] [queue_elements.cpp:570] [execute_deactivate] enqueue() in element PushQEl1base-whisper-encoder-5s/input_layer1 was aborted, got status = HAILO_SHUTDOWN_EVENT_SIGNALED(57)
[2026-10-06 13:28:57.717] [10143] [HailoRT] [info] [queue_elements.cpp:570] [execute_deactivate] enqueue() in element EntryPushQEl0base-whisper-encoder-5s/input_layer1 was aborted, got status = HAILO_SHUTDOWN_EVENT_SIGNALED(57)
[2026-10-06 13:28:57.717] [10143] [HailoRT] [info] [queue_elements.cpp:46] [~BaseQueueElement] Queue element EntryPushQEl0base-whisper-encoder-5s/input_layer1 has 0 frames in his Queue on destruction
[2026-10-06 13:28:57.717] [10143] [HailoRT] [info] [queue_elements.cpp:46] [~BaseQueueElement] Queue element PushQEl1base-whisper-encoder-5s/input_layer1 has 0 frames in his Queue on destruction
[2026-10-06 13:28:57.717] [10143] [HailoRT] [info] [queue_elements.cpp:46] [~BaseQueueElement] Queue element PushQEl0AsyncHwEl has 0 frames in his Queue on destruction
[2026-10-06 13:29:07.348] [10863] [HailoRT] [info] [hef.cpp:1929] [get_network_group_and_network_name] No name was given. Addressing all networks of default network_group: base-whisper-encoder-5s
[2026-10-06 13:29:07.348] [10863] [HailoRT] [info] [hef.cpp:1929] [get_network_group_and_network_name] No name was given. Addressing all networks of default network_group: base-whisper-decoder-fixed-sequence
[2026-10-06 13:29:07.371] [10863] [HailoRT] [info] [vdevice.cpp:523] [create] Creating vdevice with params: device_count: 1, scheduling_algorithm: ROUND_ROBIN, multi_process_service: false
[2026-10-06 13:29:07.384] [10863] [HailoRT] [info] [device.cpp:49] [Device] OS Version: Linux 6.12.34+rpt-rpi-2712 #1 SMP PREEMPT Debian 1:6.12.34-1+rpt1~bookworm (2025-06-26) aarch64
[2026-10-06 13:29:07.388] [10863] [HailoRT] [info] [control.cpp:108] [control__parse_identify_results] firmware_version is: 4.20.0
[2026-10-06 13:29:07.388] [10863] [HailoRT] [info] [vdevice.cpp:651] [create] VDevice Infos: 0001:01:00.0
[2026-10-06 13:29:07.469] [10863] [HailoRT] [info] [hef.cpp:1929] [get_network_group_and_network_name] No name was given. Addressing all networks of default network_group: base-whisper-encoder-5s
[2026-10-06 13:29:07.469] [10863] [HailoRT] [info] [hef.cpp:1929] [get_network_group_and_network_name] No name was given. Addressing all networks of default network_group: base-whisper-encoder-5s
[2026-10-06 13:29:07.583] [10863] [HailoRT] [info] [hef.cpp:1929] [get_network_group_and_network_name] No name was given. Addressing all networks of default network_group: base-whisper-decoder-fixed-sequence
[2026-10-06 13:29:07.583] [10863] [HailoRT] [info] [hef.cpp:1929] [get_network_group_and_network_name] No name was given. Addressing all networks of default network_group: base-whisper-decoder-fixed-sequence
[2026-10-06 13:29:07.590] [10863] [HailoRT] [info] [internal_buffer_manager.cpp:204] [print_execution_results] Planned internal buffer memory: CMA memory 0, user memory 1576448. memory to edge layer usage factor is 0.34360003
[2026-10-06 13:29:07.590] [10863] [HailoRT] [info] [internal_buffer_manager.cpp:212] [print_execution_results] Default Internal buffer planner executed successfully
[2026-10-06 13:29:07.686] [10863] [HailoRT] [info] [device_internal.cpp:57] [configure] Configuring HEF took 102.543852 milliseconds
[2026-10-06 13:29:07.686] [10863] [HailoRT] [info] [vdevice.cpp:749] [configure] Configuring HEF on VDevice took 102.840388 milliseconds
[2026-10-06 13:29:07.686] [10863] [HailoRT] [info] [infer_model.cpp:436] [configure] Configuring network group 'base-whisper-encoder-5s' with params: batch size: 0, power mode: PERFORMANCE, latency: NONE
[2026-10-06 13:29:07.686] [10863] [HailoRT] [info] [multi_io_elements.cpp:756] [create] Created (AsyncHwEl)
[2026-10-06 13:29:07.686] [10863] [HailoRT] [info] [queue_elements.cpp:450] [create] Created (EntryPushQEl0base-whisper-encoder-5s/input_layer1 | timeout: 10s)
[2026-10-06 13:29:07.686] [10863] [HailoRT] [info] [filter_elements.cpp:101] [create] Created (PreInferEl1base-whisper-encoder-5s/input_layer1 | Quantization - src_type: FLOAT32, dst_type UINT8, limvals_min: -1.51241, limvals_max: 1.52432)
[2026-10-06 13:29:07.686] [10863] [HailoRT] [info] [queue_elements.cpp:450] [create] Created (PushQEl1base-whisper-encoder-5s/input_layer1 | timeout: 10s)
[2026-10-06 13:29:07.686] [10863] [HailoRT] [info] [queue_elements.cpp:450] [create] Created (PushQEl0AsyncHwEl | timeout: 10s)
[2026-10-06 13:29:07.687] [10863] [HailoRT] [info] [filter_elements.cpp:375] [create] Created (PostInferEl0AsyncHwEl | Quantization - src_type: UINT8, dst_type FLOAT32, limvals_min: -23.9557, limvals_max: 14.4638)
[2026-10-06 13:29:07.687] [10863] [HailoRT] [info] [edge_elements.cpp:187] [create] Created (LastAsyncEl0PostInferEl0AsyncHwEl)
[2026-10-06 13:29:07.687] [10863] [HailoRT] [info] [pipeline.cpp:891] [print_deep_description] EntryPushQEl0base-whisper-encoder-5s/input_layer1 | inputs: user | outputs: PreInferEl1base-whisper-encoder-5s/input_layer1(running in thread_id: 10875)
[2026-10-06 13:29:07.687] [10863] [HailoRT] [info] [pipeline.cpp:891] [print_deep_description] PreInferEl1base-whisper-encoder-5s/input_layer1 | inputs: EntryPushQEl0base-whisper-encoder-5s/input_layer1[0] | outputs: PushQEl1base-whisper-encoder-5s/input_layer1
[2026-10-06 13:29:07.687] [10863] [HailoRT] [info] [pipeline.cpp:891] [print_deep_description] PushQEl1base-whisper-encoder-5s/input_layer1 | inputs: PreInferEl1base-whisper-encoder-5s/input_layer1[0] | outputs: AsyncHwEl(running in thread_id: 10876)
[2026-10-06 13:29:07.687] [10863] [HailoRT] [info] [pipeline.cpp:891] [print_deep_description] AsyncHwEl | inputs: PushQEl1base-whisper-encoder-5s/input_layer1[0] | outputs: PushQEl0AsyncHwEl
[2026-10-06 13:29:07.687] [10863] [HailoRT] [info] [pipeline.cpp:891] [print_deep_description] PushQEl0AsyncHwEl | inputs: AsyncHwEl[0] | outputs: PostInferEl0AsyncHwEl(running in thread_id: 10877)
[2026-10-06 13:29:07.687] [10863] [HailoRT] [info] [pipeline.cpp:891] [print_deep_description] PostInferEl0AsyncHwEl | inputs: PushQEl0AsyncHwEl[0] | outputs: LastAsyncEl0PostInferEl0AsyncHwEl
[2026-10-06 13:29:07.687] [10863] [HailoRT] [info] [pipeline.cpp:891] [print_deep_description] LastAsyncEl0PostInferEl0AsyncHwEl | inputs: PostInferEl0AsyncHwEl[0] | outputs: user
[2026-10-06 13:29:07.691] [10863] [HailoRT] [info] [buffer_requirements.cpp:195] [find_initial_desc_page_size] Using non-default initial_desc_page_size of 64, due to a small transfer size (48)
[2026-10-06 13:29:07.692] [10863] [HailoRT] [info] [internal_buffer_manager.cpp:204] [print_execution_results] Planned internal buffer memory: CMA memory 0, user memory 1974272. memory to edge layer usage factor is 0.46450835
[2026-10-06 13:29:07.692] [10863] [HailoRT] [info] [internal_buffer_manager.cpp:212] [print_execution_results] Default Internal buffer planner executed successfully
[2026-10-06 13:29:07.740] [10863] [HailoRT] [info] [buffer_requirements.cpp:195] [find_initial_desc_page_size] Using non-default initial_desc_page_size of 64, due to a small transfer size (48)
[2026-10-06 13:29:07.880] [10863] [HailoRT] [info] [device_internal.cpp:57] [configure] Configuring HEF took 191.478594 milliseconds
[2026-10-06 13:29:07.881] [10863] [HailoRT] [info] [vdevice.cpp:749] [configure] Configuring HEF on VDevice took 191.815982 milliseconds
[2026-10-06 13:29:07.881] [10863] [HailoRT] [info] [infer_model.cpp:436] [configure] Configuring network group 'base-whisper-decoder-fixed-sequence' with params: batch size: 0, power mode: PERFORMANCE, latency: NONE
[2026-10-06 13:29:07.881] [10863] [HailoRT] [info] [multi_io_elements.cpp:756] [create] Created (AsyncHwEl)
[2026-10-06 13:29:07.881] [10863] [HailoRT] [info] [queue_elements.cpp:450] [create] Created (EntryPushQEl0base-whisper-decoder-fixed-sequence/input_layer2 | timeout: 10s)
[2026-10-06 13:29:07.881] [10863] [HailoRT] [info] [filter_elements.cpp:101] [create] Created (PreInferEl6base-whisper-decoder-fixed-sequence/input_layer2 | Quantization - src_type: FLOAT32, dst_type UINT8, limvals_min: -0.535231, limvals_max: 0.556641)
[2026-10-06 13:29:07.881] [10863] [HailoRT] [info] [queue_elements.cpp:450] [create] Created (PushQEl6base-whisper-decoder-fixed-sequence/input_layer2 | timeout: 10s)
[2026-10-06 13:29:07.881] [10863] [HailoRT] [info] [queue_elements.cpp:450] [create] Created (EntryPushQEl0base-whisper-decoder-fixed-sequence/input_layer1 | timeout: 10s)
[2026-10-06 13:29:07.881] [10863] [HailoRT] [info] [filter_elements.cpp:101] [create] Created (PreInferEl12base-whisper-decoder-fixed-sequence/input_layer1 | Quantization - src_type: FLOAT32, dst_type UINT8, limvals_min: -23.5596, limvals_max: 14.4638)
[2026-10-06 13:29:07.884] [10863] [HailoRT] [info] [queue_elements.cpp:450] [create] Created (PushQEl12base-whisper-decoder-fixed-sequence/input_layer1 | timeout: 10s)
[2026-10-06 13:29:07.884] [10863] [HailoRT] [info] [queue_elements.cpp:450] [create] Created (PushQEl0AsyncHwEl | timeout: 10s)
[2026-10-06 13:29:07.884] [10863] [HailoRT] [info] [filter_elements.cpp:375] [create] Created (PostInferEl0AsyncHwEl | Quantization - src_type: UINT8, dst_type FLOAT32, limvals_min: -23.8414, limvals_max: 72.6594)
[2026-10-06 13:29:07.884] [10863] [HailoRT] [info] [edge_elements.cpp:187] [create] Created (LastAsyncEl0PostInferEl0AsyncHwEl)
[2026-10-06 13:29:07.913] [10863] [HailoRT] [info] [queue_elements.cpp:450] [create] Created (PushQEl2AsyncHwEl | timeout: 10s)
[2026-10-06 13:29:07.913] [10863] [HailoRT] [info] [filter_elements.cpp:375] [create] Created (PostInferEl2AsyncHwEl | Quantization - src_type: UINT8, dst_type FLOAT32, limvals_min: -23.4195, limvals_max: 61.8944)
[2026-10-06 13:29:07.913] [10863] [HailoRT] [info] [edge_elements.cpp:187] [create] Created (LastAsyncEl0PostInferEl2AsyncHwEl)
[2026-10-06 13:29:07.913] [10863] [HailoRT] [info] [queue_elements.cpp:450] [create] Created (PushQEl1AsyncHwEl | timeout: 10s)
[2026-10-06 13:29:07.913] [10863] [HailoRT] [info] [filter_elements.cpp:375] [create] Created (PostInferEl1AsyncHwEl | Quantization - src_type: UINT8, dst_type FLOAT32, limvals_min: -23.5004, limvals_max: 59.7302)
[2026-10-06 13:29:07.913] [10863] [HailoRT] [info] [edge_elements.cpp:187] [create] Created (LastAsyncEl0PostInferEl1AsyncHwEl)
[2026-10-06 13:29:07.913] [10863] [HailoRT] [info] [queue_elements.cpp:450] [create] Created (PushQEl3AsyncHwEl | timeout: 10s)
[2026-10-06 13:29:07.913] [10863] [HailoRT] [info] [filter_elements.cpp:375] [create] Created (PostInferEl3AsyncHwEl | Quantization - src_type: UINT8, dst_type FLOAT32, limvals_min: -24.3587, limvals_max: 63.1267)
[2026-10-06 13:29:07.913] [10863] [HailoRT] [info] [edge_elements.cpp:187] [create] Created (LastAsyncEl0PostInferEl3AsyncHwEl)
[2026-10-06 13:29:07.913] [10863] [HailoRT] [info] [pipeline.cpp:891] [print_deep_description] EntryPushQEl0base-whisper-decoder-fixed-sequence/input_layer1 | inputs: user | outputs: PreInferEl12base-whisper-decoder-fixed-sequence/input_layer1(running in thread_id: 10881)
[2026-10-06 13:29:07.913] [10863] [HailoRT] [info] [pipeline.cpp:891] [print_deep_description] PreInferEl12base-whisper-decoder-fixed-sequence/input_layer1 | inputs: EntryPushQEl0base-whisper-decoder-fixed-sequence/input_layer1[0] | outputs: PushQEl12base-whisper-decoder-fixed-sequence/input_layer1
[2026-10-06 13:29:07.913] [10863] [HailoRT] [info] [pipeline.cpp:891] [print_deep_description] PushQEl12base-whisper-decoder-fixed-sequence/input_layer1 | inputs: PreInferEl12base-whisper-decoder-fixed-sequence/input_layer1[0] | outputs: AsyncHwEl(running in thread_id: 10882)
[2026-10-06 13:29:07.913] [10863] [HailoRT] [info] [pipeline.cpp:891] [print_deep_description] AsyncHwEl | inputs: PushQEl12base-whisper-decoder-fixed-sequence/input_layer1[0] PushQEl6base-whisper-decoder-fixed-sequence/input_layer2[1] | outputs: PushQEl0AsyncHwEl PushQEl1AsyncHwEl PushQEl2AsyncHwEl PushQEl3AsyncHwEl
[2026-10-06 13:29:07.913] [10863] [HailoRT] [info] [pipeline.cpp:891] [print_deep_description] PushQEl0AsyncHwEl | inputs: AsyncHwEl[0] | outputs: PostInferEl0AsyncHwEl(running in thread_id: 10883)
[2026-10-06 13:29:07.913] [10863] [HailoRT] [info] [pipeline.cpp:891] [print_deep_description] PostInferEl0AsyncHwEl | inputs: PushQEl0AsyncHwEl[0] | outputs: LastAsyncEl0PostInferEl0AsyncHwEl
[2026-10-06 13:29:07.913] [10863] [HailoRT] [info] [pipeline.cpp:891] [print_deep_description] LastAsyncEl0PostInferEl0AsyncHwEl | inputs: PostInferEl0AsyncHwEl[0] | outputs: user
[2026-10-06 13:29:07.913] [10863] [HailoRT] [info] [pipeline.cpp:891] [print_deep_description] PushQEl1AsyncHwEl | inputs: AsyncHwEl[0] | outputs: PostInferEl1AsyncHwEl(running in thread_id: 10885)
[2026-10-06 13:29:07.913] [10863] [HailoRT] [info] [pipeline.cpp:891] [print_deep_description] PostInferEl1AsyncHwEl | inputs: PushQEl1AsyncHwEl[0] | outputs: LastAsyncEl0PostInferEl1AsyncHwEl
[2026-10-06 13:29:07.913] [10863] [HailoRT] [info] [pipeline.cpp:891] [print_deep_description] LastAsyncEl0PostInferEl1AsyncHwEl | inputs: PostInferEl1AsyncHwEl[0] | outputs: user
[2026-10-06 13:29:07.913] [10863] [HailoRT] [info] [pipeline.cpp:891] [print_deep_description] PushQEl2AsyncHwEl | inputs: AsyncHwEl[0] | outputs: PostInferEl2AsyncHwEl(running in thread_id: 10884)
[2026-10-06 13:29:07.914] [10863] [HailoRT] [info] [pipeline.cpp:891] [print_deep_description] PostInferEl2AsyncHwEl | inputs: PushQEl2AsyncHwEl[0] | outputs: LastAsyncEl0PostInferEl2AsyncHwEl
[2026-10-06 13:29:07.914] [10863] [HailoRT] [info] [pipeline.cpp:891] [print_deep_description] LastAsyncEl0PostInferEl2AsyncHwEl | inputs: PostInferEl2AsyncHwEl[0] | outputs: user
[2026-10-06 13:29:07.914] [10863] [HailoRT] [info] [pipeline.cpp:891] [print_deep_description] PushQEl3AsyncHwEl | inputs: AsyncHwEl[0] | outputs: PostInferEl3AsyncHwEl(running in thread_id: 10886)
[2026-10-06 13:29:07.914] [10863] [HailoRT] [info] [pipeline.cpp:891] [print_deep_description] PostInferEl3AsyncHwEl | inputs: PushQEl3AsyncHwEl[0] | outputs: LastAsyncEl0PostInferEl3AsyncHwEl
[2026-10-06 13:29:07.914] [10863] [HailoRT] [info] [pipeline.cpp:891] [print_deep_description] LastAsyncEl0PostInferEl3AsyncHwEl | inputs: PostInferEl3AsyncHwEl[0] | outputs: user
[2026-10-06 13:29:07.914] [10863] [HailoRT] [info] [pipeline.cpp:891] [print_deep_description] EntryPushQEl0base-whisper-decoder-fixed-sequence/input_layer2 | inputs: user | outputs: PreInferEl6base-whisper-decoder-fixed-sequence/input_layer2(running in thread_id: 10879)
[2026-10-06 13:29:07.914] [10863] [HailoRT] [info] [pipeline.cpp:891] [print_deep_description] PreInferEl6base-whisper-decoder-fixed-sequence/input_layer2 | inputs: EntryPushQEl0base-whisper-decoder-fixed-sequence/input_layer2[0] | outputs: PushQEl6base-whisper-decoder-fixed-sequence/input_layer2
[2026-10-06 13:29:07.914] [10863] [HailoRT] [info] [pipeline.cpp:891] [print_deep_description] PushQEl6base-whisper-decoder-fixed-sequence/input_layer2 | inputs: PreInferEl6base-whisper-decoder-fixed-sequence/input_layer2[0] | outputs: AsyncHwEl(running in thread_id: 10880)
[2026-10-06 13:29:11.188] [10863] [HailoRT] [info] [async_infer_runner.cpp:86] [shutdown] Pipeline was aborted. Shutting it down
[2026-10-06 13:29:11.190] [10863] [HailoRT] [info] [async_infer_runner.cpp:86] [shutdown] Pipeline was aborted. Shutting it down
[2026-10-06 13:29:11.190] [10863] [HailoRT] [info] [queue_elements.cpp:570] [execute_deactivate] enqueue() in element PushQEl0AsyncHwEl was aborted, got status = HAILO_SHUTDOWN_EVENT_SIGNALED(57)
[2026-10-06 13:29:11.190] [10863] [HailoRT] [info] [queue_elements.cpp:570] [execute_deactivate] enqueue() in element PushQEl1AsyncHwEl was aborted, got status = HAILO_SHUTDOWN_EVENT_SIGNALED(57)
[2026-10-06 13:29:11.190] [10863] [HailoRT] [info] [queue_elements.cpp:570] [execute_deactivate] enqueue() in element PushQEl2AsyncHwEl was aborted, got status = HAILO_SHUTDOWN_EVENT_SIGNALED(57)
[2026-10-06 13:29:11.190] [10863] [HailoRT] [info] [queue_elements.cpp:570] [execute_deactivate] enqueue() in element PushQEl3AsyncHwEl was aborted, got status = HAILO_SHUTDOWN_EVENT_SIGNALED(57)
[2026-10-06 13:29:11.190] [10863] [HailoRT] [info] [queue_elements.cpp:570] [execute_deactivate] enqueue() in element PushQEl12base-whisper-decoder-fixed-sequence/input_layer1 was aborted, got status = HAILO_SHUTDOWN_EVENT_SIGNALED(57)
[2026-10-06 13:29:11.190] [10863] [HailoRT] [info] [queue_elements.cpp:570] [execute_deactivate] enqueue() in element EntryPushQEl0base-whisper-decoder-fixed-sequence/input_layer1 was aborted, got status = HAILO_SHUTDOWN_EVENT_SIGNALED(57)
[2026-10-06 13:29:11.190] [10863] [HailoRT] [info] [queue_elements.cpp:570] [execute_deactivate] enqueue() in element PushQEl0AsyncHwEl was aborted, got status = HAILO_SHUTDOWN_EVENT_SIGNALED(57)
[2026-10-06 13:29:11.190] [10863] [HailoRT] [info] [queue_elements.cpp:570] [execute_deactivate] enqueue() in element PushQEl1AsyncHwEl was aborted, got status = HAILO_SHUTDOWN_EVENT_SIGNALED(57)
[2026-10-06 13:29:11.190] [10863] [HailoRT] [info] [queue_elements.cpp:570] [execute_deactivate] enqueue() in element PushQEl2AsyncHwEl was aborted, got status = HAILO_SHUTDOWN_EVENT_SIGNALED(57)
[2026-10-06 13:29:11.190] [10863] [HailoRT] [info] [queue_elements.cpp:570] [execute_deactivate] enqueue() in element PushQEl3AsyncHwEl was aborted, got status = HAILO_SHUTDOWN_EVENT_SIGNALED(57)
[2026-10-06 13:29:11.190] [10863] [HailoRT] [info] [queue_elements.cpp:570] [execute_deactivate] enqueue() in element PushQEl6base-whisper-decoder-fixed-sequence/input_layer2 was aborted, got status = HAILO_SHUTDOWN_EVENT_SIGNALED(57)
[2026-10-06 13:29:11.191] [10863] [HailoRT] [info] [queue_elements.cpp:570] [execute_deactivate] enqueue() in element EntryPushQEl0base-whisper-decoder-fixed-sequence/input_layer2 was aborted, got status = HAILO_SHUTDOWN_EVENT_SIGNALED(57)
[2026-10-06 13:29:11.191] [10863] [HailoRT] [info] [queue_elements.cpp:46] [~BaseQueueElement] Queue element EntryPushQEl0base-whisper-decoder-fixed-sequence/input_layer2 has 0 frames in his Queue on destruction
[2026-10-06 13:29:11.191] [10863] [HailoRT] [info] [queue_elements.cpp:46] [~BaseQueueElement] Queue element PushQEl6base-whisper-decoder-fixed-sequence/input_layer2 has 0 frames in his Queue on destruction
[2026-10-06 13:29:11.191] [10863] [HailoRT] [info] [queue_elements.cpp:46] [~BaseQueueElement] Queue element EntryPushQEl0base-whisper-decoder-fixed-sequence/input_layer1 has 0 frames in his Queue on destruction
[2026-10-06 13:29:11.191] [10863] [HailoRT] [info] [queue_elements.cpp:46] [~BaseQueueElement] Queue element PushQEl12base-whisper-decoder-fixed-sequence/input_layer1 has 0 frames in his Queue on destruction
[2026-10-06 13:29:11.191] [10863] [HailoRT] [info] [queue_elements.cpp:46] [~BaseQueueElement] Queue element PushQEl0AsyncHwEl has 0 frames in his Queue on destruction
[2026-10-06 13:29:11.191] [10863] [HailoRT] [info] [queue_elements.cpp:46] [~BaseQueueElement] Queue element PushQEl2AsyncHwEl has 0 frames in his Queue on destruction
[2026-10-06 13:29:11.192] [10863] [HailoRT] [info] [queue_elements.cpp:46] [~BaseQueueElement] Queue element PushQEl1AsyncHwEl has 0 frames in his Queue on destruction
[2026-10-06 13:29:11.192] [10863] [HailoRT] [info] [queue_elements.cpp:46] [~BaseQueueElement] Queue element PushQEl3AsyncHwEl has 0 frames in his Queue on destruction
[2026-10-06 13:29:11.192] [10863] [HailoRT] [info] [async_infer_runner.cpp:86] [shutdown] Pipeline was aborted. Shutting it down
[2026-10-06 13:29:11.196] [10863] [HailoRT] [info] [async_infer_runner.cpp:86] [shutdown] Pipeline was aborted. Shutting it down
[2026-10-06 13:29:11.196] [10863] [HailoRT] [info] [queue_elements.cpp:570] [execute_deactivate] enqueue() in element PushQEl0AsyncHwEl was aborted, got status = HAILO_SHUTDOWN_EVENT_SIGNALED(57)
[2026-10-06 13:29:11.196] [10863] [HailoRT] [info] [queue_elements.cpp:570] [execute_deactivate] enqueue() in element PushQEl1base-whisper-encoder-5s/input_layer1 was aborted, got status = HAILO_SHUTDOWN_EVENT_SIGNALED(57)
[2026-10-06 13:29:11.196] [10863] [HailoRT] [info] [queue_elements.cpp:570] [execute_deactivate] enqueue() in element EntryPushQEl0base-whisper-encoder-5s/input_layer1 was aborted, got status = HAILO_SHUTDOWN_EVENT_SIGNALED(57)
[2026-10-06 13:29:11.196] [10863] [HailoRT] [info] [queue_elements.cpp:46] [~BaseQueueElement] Queue element EntryPushQEl0base-whisper-encoder-5s/input_layer1 has 0 frames in his Queue on destruction
[2026-10-06 13:29:11.196] [10863] [HailoRT] [info] [queue_elements.cpp:46] [~BaseQueueElement] Queue element PushQEl1base-whisper-encoder-5s/input_layer1 has 0 frames in his Queue on destruction
[2026-10-06 13:29:11.196] [10863] [HailoRT] [info] [queue_elements.cpp:46] [~BaseQueueElement] Queue element PushQEl0AsyncHwEl has 0 frames in his Queue on destruction
[2026-10-06 13:29:55.600] [10971] [HailoRT] [info] [hef.cpp:1929] [get_network_group_and_network_name] No name was given. Addressing all networks of default network_group: base-whisper-encoder-5s
[2026-10-06 13:29:55.600] [10971] [HailoRT] [info] [hef.cpp:1929] [get_network_group_and_network_name] No name was given. Addressing all networks of default network_group: base-whisper-decoder-fixed-sequence
[2026-10-06 13:29:55.625] [10971] [HailoRT] [info] [vdevice.cpp:523] [create] Creating vdevice with params: device_count: 1, scheduling_algorithm: ROUND_ROBIN, multi_process_service: false
[2026-10-06 13:29:55.636] [10971] [HailoRT] [info] [device.cpp:49] [Device] OS Version: Linux 6.12.34+rpt-rpi-2712 #1 SMP PREEMPT Debian 1:6.12.34-1+rpt1~bookworm (2025-06-26) aarch64
[2026-10-06 13:29:55.641] [10971] [HailoRT] [info] [control.cpp:108] [control__parse_identify_results] firmware_version is: 4.20.0
[2026-10-06 13:29:55.641] [10971] [HailoRT] [info] [vdevice.cpp:651] [create] VDevice Infos: 0001:01:00.0
[2026-10-06 13:29:55.712] [10971] [HailoRT] [info] [hef.cpp:1929] [get_network_group_and_network_name] No name was given. Addressing all networks of default network_group: base-whisper-encoder-5s
[2026-10-06 13:29:55.712] [10971] [HailoRT] [info] [hef.cpp:1929] [get_network_group_and_network_name] No name was given. Addressing all networks of default network_group: base-whisper-encoder-5s
[2026-10-06 13:29:55.818] [10971] [HailoRT] [info] [hef.cpp:1929] [get_network_group_and_network_name] No name was given. Addressing all networks of default network_group: base-whisper-decoder-fixed-sequence
[2026-10-06 13:29:55.819] [10971] [HailoRT] [info] [hef.cpp:1929] [get_network_group_and_network_name] No name was given. Addressing all networks of default network_group: base-whisper-decoder-fixed-sequence
[2026-10-06 13:29:55.827] [10971] [HailoRT] [info] [internal_buffer_manager.cpp:204] [print_execution_results] Planned internal buffer memory: CMA memory 0, user memory 1576448. memory to edge layer usage factor is 0.34360003
[2026-10-06 13:29:55.827] [10971] [HailoRT] [info] [internal_buffer_manager.cpp:212] [print_execution_results] Default Internal buffer planner executed successfully
[2026-10-06 13:29:55.916] [10971] [HailoRT] [info] [device_internal.cpp:57] [configure] Configuring HEF took 96.901979 milliseconds
[2026-10-06 13:29:55.916] [10971] [HailoRT] [info] [vdevice.cpp:749] [configure] Configuring HEF on VDevice took 97.175108 milliseconds
[2026-10-06 13:29:55.916] [10971] [HailoRT] [info] [infer_model.cpp:436] [configure] Configuring network group 'base-whisper-encoder-5s' with params: batch size: 0, power mode: PERFORMANCE, latency: NONE
[2026-10-06 13:29:55.916] [10971] [HailoRT] [info] [multi_io_elements.cpp:756] [create] Created (AsyncHwEl)
[2026-10-06 13:29:55.916] [10971] [HailoRT] [info] [queue_elements.cpp:450] [create] Created (EntryPushQEl0base-whisper-encoder-5s/input_layer1 | timeout: 10s)
[2026-10-06 13:29:55.916] [10971] [HailoRT] [info] [filter_elements.cpp:101] [create] Created (PreInferEl1base-whisper-encoder-5s/input_layer1 | Quantization - src_type: FLOAT32, dst_type UINT8, limvals_min: -1.51241, limvals_max: 1.52432)
[2026-10-06 13:29:55.916] [10971] [HailoRT] [info] [queue_elements.cpp:450] [create] Created (PushQEl1base-whisper-encoder-5s/input_layer1 | timeout: 10s)
[2026-10-06 13:29:55.917] [10971] [HailoRT] [info] [queue_elements.cpp:450] [create] Created (PushQEl0AsyncHwEl | timeout: 10s)
[2026-10-06 13:29:55.917] [10971] [HailoRT] [info] [filter_elements.cpp:375] [create] Created (PostInferEl0AsyncHwEl | Quantization - src_type: UINT8, dst_type FLOAT32, limvals_min: -23.9557, limvals_max: 14.4638)
[2026-10-06 13:29:55.917] [10971] [HailoRT] [info] [edge_elements.cpp:187] [create] Created (LastAsyncEl0PostInferEl0AsyncHwEl)
[2026-10-06 13:29:55.917] [10971] [HailoRT] [info] [pipeline.cpp:891] [print_deep_description] EntryPushQEl0base-whisper-encoder-5s/input_layer1 | inputs: user | outputs: PreInferEl1base-whisper-encoder-5s/input_layer1(running in thread_id: 10981)
[2026-10-06 13:29:55.917] [10971] [HailoRT] [info] [pipeline.cpp:891] [print_deep_description] PreInferEl1base-whisper-encoder-5s/input_layer1 | inputs: EntryPushQEl0base-whisper-encoder-5s/input_layer1[0] | outputs: PushQEl1base-whisper-encoder-5s/input_layer1
[2026-10-06 13:29:55.917] [10971] [HailoRT] [info] [pipeline.cpp:891] [print_deep_description] PushQEl1base-whisper-encoder-5s/input_layer1 | inputs: PreInferEl1base-whisper-encoder-5s/input_layer1[0] | outputs: AsyncHwEl(running in thread_id: 10982)
[2026-10-06 13:29:55.917] [10971] [HailoRT] [info] [pipeline.cpp:891] [print_deep_description] AsyncHwEl | inputs: PushQEl1base-whisper-encoder-5s/input_layer1[0] | outputs: PushQEl0AsyncHwEl
[2026-10-06 13:29:55.917] [10971] [HailoRT] [info] [pipeline.cpp:891] [print_deep_description] PushQEl0AsyncHwEl | inputs: AsyncHwEl[0] | outputs: PostInferEl0AsyncHwEl(running in thread_id: 10983)
[2026-10-06 13:29:55.917] [10971] [HailoRT] [info] [pipeline.cpp:891] [print_deep_description] PostInferEl0AsyncHwEl | inputs: PushQEl0AsyncHwEl[0] | outputs: LastAsyncEl0PostInferEl0AsyncHwEl
[2026-10-06 13:29:55.917] [10971] [HailoRT] [info] [pipeline.cpp:891] [print_deep_description] LastAsyncEl0PostInferEl0AsyncHwEl | inputs: PostInferEl0AsyncHwEl[0] | outputs: user
[2026-10-06 13:29:55.923] [10971] [HailoRT] [info] [buffer_requirements.cpp:195] [find_initial_desc_page_size] Using non-default initial_desc_page_size of 64, due to a small transfer size (48)
[2026-10-06 13:29:55.924] [10971] [HailoRT] [info] [internal_buffer_manager.cpp:204] [print_execution_results] Planned internal buffer memory: CMA memory 0, user memory 1974272. memory to edge layer usage factor is 0.46450835
[2026-10-06 13:29:55.924] [10971] [HailoRT] [info] [internal_buffer_manager.cpp:212] [print_execution_results] Default Internal buffer planner executed successfully
[2026-10-06 13:29:55.967] [10971] [HailoRT] [info] [buffer_requirements.cpp:195] [find_initial_desc_page_size] Using non-default initial_desc_page_size of 64, due to a small transfer size (48)
[2026-10-06 13:29:56.070] [10971] [HailoRT] [info] [device_internal.cpp:57] [configure] Configuring HEF took 148.934625 milliseconds
[2026-10-06 13:29:56.070] [10971] [HailoRT] [info] [vdevice.cpp:749] [configure] Configuring HEF on VDevice took 149.328272 milliseconds
[2026-10-06 13:29:56.070] [10971] [HailoRT] [info] [infer_model.cpp:436] [configure] Configuring network group 'base-whisper-decoder-fixed-sequence' with params: batch size: 0, power mode: PERFORMANCE, latency: NONE
[2026-10-06 13:29:56.070] [10971] [HailoRT] [info] [multi_io_elements.cpp:756] [create] Created (AsyncHwEl)
[2026-10-06 13:29:56.070] [10971] [HailoRT] [info] [queue_elements.cpp:450] [create] Created (EntryPushQEl0base-whisper-decoder-fixed-sequence/input_layer2 | timeout: 10s)
[2026-10-06 13:29:56.070] [10971] [HailoRT] [info] [filter_elements.cpp:101] [create] Created (PreInferEl6base-whisper-decoder-fixed-sequence/input_layer2 | Quantization - src_type: FLOAT32, dst_type UINT8, limvals_min: -0.535231, limvals_max: 0.556641)
[2026-10-06 13:29:56.070] [10971] [HailoRT] [info] [queue_elements.cpp:450] [create] Created (PushQEl6base-whisper-decoder-fixed-sequence/input_layer2 | timeout: 10s)
[2026-10-06 13:29:56.070] [10971] [HailoRT] [info] [queue_elements.cpp:450] [create] Created (EntryPushQEl0base-whisper-decoder-fixed-sequence/input_layer1 | timeout: 10s)
[2026-10-06 13:29:56.070] [10971] [HailoRT] [info] [filter_elements.cpp:101] [create] Created (PreInferEl12base-whisper-decoder-fixed-sequence/input_layer1 | Quantization - src_type: FLOAT32, dst_type UINT8, limvals_min: -23.5596, limvals_max: 14.4638)
[2026-10-06 13:29:56.070] [10971] [HailoRT] [info] [queue_elements.cpp:450] [create] Created (PushQEl12base-whisper-decoder-fixed-sequence/input_layer1 | timeout: 10s)
[2026-10-06 13:29:56.071] [10971] [HailoRT] [info] [queue_elements.cpp:450] [create] Created (PushQEl0AsyncHwEl | timeout: 10s)
[2026-10-06 13:29:56.071] [10971] [HailoRT] [info] [filter_elements.cpp:375] [create] Created (PostInferEl0AsyncHwEl | Quantization - src_type: UINT8, dst_type FLOAT32, limvals_min: -23.8414, limvals_max: 72.6594)
[2026-10-06 13:29:56.071] [10971] [HailoRT] [info] [edge_elements.cpp:187] [create] Created (LastAsyncEl0PostInferEl0AsyncHwEl)
[2026-10-06 13:29:56.093] [10971] [HailoRT] [info] [queue_elements.cpp:450] [create] Created (PushQEl2AsyncHwEl | timeout: 10s)
[2026-10-06 13:29:56.093] [10971] [HailoRT] [info] [filter_elements.cpp:375] [create] Created (PostInferEl2AsyncHwEl | Quantization - src_type: UINT8, dst_type FLOAT32, limvals_min: -23.4195, limvals_max: 61.8944)
[2026-10-06 13:29:56.093] [10971] [HailoRT] [info] [edge_elements.cpp:187] [create] Created (LastAsyncEl0PostInferEl2AsyncHwEl)
[2026-10-06 13:29:56.093] [10971] [HailoRT] [info] [queue_elements.cpp:450] [create] Created (PushQEl1AsyncHwEl | timeout: 10s)
[2026-10-06 13:29:56.093] [10971] [HailoRT] [info] [filter_elements.cpp:375] [create] Created (PostInferEl1AsyncHwEl | Quantization - src_type: UINT8, dst_type FLOAT32, limvals_min: -23.5004, limvals_max: 59.7302)
[2026-10-06 13:29:56.093] [10971] [HailoRT] [info] [edge_elements.cpp:187] [create] Created (LastAsyncEl0PostInferEl1AsyncHwEl)
[2026-10-06 13:29:56.093] [10971] [HailoRT] [info] [queue_elements.cpp:450] [create] Created (PushQEl3AsyncHwEl | timeout: 10s)
[2026-10-06 13:29:56.093] [10971] [HailoRT] [info] [filter_elements.cpp:375] [create] Created (PostInferEl3AsyncHwEl | Quantization - src_type: UINT8, dst_type FLOAT32, limvals_min: -24.3587, limvals_max: 63.1267)
[2026-10-06 13:29:56.093] [10971] [HailoRT] [info] [edge_elements.cpp:187] [create] Created (LastAsyncEl0PostInferEl3AsyncHwEl)
[2026-10-06 13:29:56.093] [10971] [HailoRT] [info] [pipeline.cpp:891] [print_deep_description] EntryPushQEl0base-whisper-decoder-fixed-sequence/input_layer1 | inputs: user | outputs: PreInferEl12base-whisper-decoder-fixed-sequence/input_layer1(running in thread_id: 10986)
[2026-10-06 13:29:56.093] [10971] [HailoRT] [info] [pipeline.cpp:891] [print_deep_description] PreInferEl12base-whisper-decoder-fixed-sequence/input_layer1 | inputs: EntryPushQEl0base-whisper-decoder-fixed-sequence/input_layer1[0] | outputs: PushQEl12base-whisper-decoder-fixed-sequence/input_layer1
[2026-10-06 13:29:56.093] [10971] [HailoRT] [info] [pipeline.cpp:891] [print_deep_description] PushQEl12base-whisper-decoder-fixed-sequence/input_layer1 | inputs: PreInferEl12base-whisper-decoder-fixed-sequence/input_layer1[0] | outputs: AsyncHwEl(running in thread_id: 10987)
[2026-10-06 13:29:56.093] [10971] [HailoRT] [info] [pipeline.cpp:891] [print_deep_description] AsyncHwEl | inputs: PushQEl12base-whisper-decoder-fixed-sequence/input_layer1[0] PushQEl6base-whisper-decoder-fixed-sequence/input_layer2[1] | outputs: PushQEl0AsyncHwEl PushQEl1AsyncHwEl PushQEl2AsyncHwEl PushQEl3AsyncHwEl
[2026-10-06 13:29:56.093] [10971] [HailoRT] [info] [pipeline.cpp:891] [print_deep_description] PushQEl0AsyncHwEl | inputs: AsyncHwEl[0] | outputs: PostInferEl0AsyncHwEl(running in thread_id: 10988)
[2026-10-06 13:29:56.093] [10971] [HailoRT] [info] [pipeline.cpp:891] [print_deep_description] PostInferEl0AsyncHwEl | inputs: PushQEl0AsyncHwEl[0] | outputs: LastAsyncEl0PostInferEl0AsyncHwEl
[2026-10-06 13:29:56.094] [10971] [HailoRT] [info] [pipeline.cpp:891] [print_deep_description] LastAsyncEl0PostInferEl0AsyncHwEl | inputs: PostInferEl0AsyncHwEl[0] | outputs: user
[2026-10-06 13:29:56.094] [10971] [HailoRT] [info] [pipeline.cpp:891] [print_deep_description] PushQEl1AsyncHwEl | inputs: AsyncHwEl[0] | outputs: PostInferEl1AsyncHwEl(running in thread_id: 10990)
[2026-10-06 13:29:56.094] [10971] [HailoRT] [info] [pipeline.cpp:891] [print_deep_description] PostInferEl1AsyncHwEl | inputs: PushQEl1AsyncHwEl[0] | outputs: LastAsyncEl0PostInferEl1AsyncHwEl
[2026-10-06 13:29:56.094] [10971] [HailoRT] [info] [pipeline.cpp:891] [print_deep_description] LastAsyncEl0PostInferEl1AsyncHwEl | inputs: PostInferEl1AsyncHwEl[0] | outputs: user
[2026-10-06 13:29:56.094] [10971] [HailoRT] [info] [pipeline.cpp:891] [print_deep_description] PushQEl2AsyncHwEl | inputs: AsyncHwEl[0] | outputs: PostInferEl2AsyncHwEl(running in thread_id: 10989)
[2026-10-06 13:29:56.094] [10971] [HailoRT] [info] [pipeline.cpp:891] [print_deep_description] PostInferEl2AsyncHwEl | inputs: PushQEl2AsyncHwEl[0] | outputs: LastAsyncEl0PostInferEl2AsyncHwEl
[2026-10-06 13:29:56.094] [10971] [HailoRT] [info] [pipeline.cpp:891] [print_deep_description] LastAsyncEl0PostInferEl2AsyncHwEl | inputs: PostInferEl2AsyncHwEl[0] | outputs: user
[2026-10-06 13:29:56.094] [10971] [HailoRT] [info] [pipeline.cpp:891] [print_deep_description] PushQEl3AsyncHwEl | inputs: AsyncHwEl[0] | outputs: PostInferEl3AsyncHwEl(running in thread_id: 10991)
[2026-10-06 13:29:56.094] [10971] [HailoRT] [info] [pipeline.cpp:891] [print_deep_description] PostInferEl3AsyncHwEl | inputs: PushQEl3AsyncHwEl[0] | outputs: LastAsyncEl0PostInferEl3AsyncHwEl
[2026-10-06 13:29:56.094] [10971] [HailoRT] [info] [pipeline.cpp:891] [print_deep_description] LastAsyncEl0PostInferEl3AsyncHwEl | inputs: PostInferEl3AsyncHwEl[0] | outputs: user
[2026-10-06 13:29:56.094] [10971] [HailoRT] [info] [pipeline.cpp:891] [print_deep_description] EntryPushQEl0base-whisper-decoder-fixed-sequence/input_layer2 | inputs: user | outputs: PreInferEl6base-whisper-decoder-fixed-sequence/input_layer2(running in thread_id: 10984)
[2026-10-06 13:29:56.094] [10971] [HailoRT] [info] [pipeline.cpp:891] [print_deep_description] PreInferEl6base-whisper-decoder-fixed-sequence/input_layer2 | inputs: EntryPushQEl0base-whisper-decoder-fixed-sequence/input_layer2[0] | outputs: PushQEl6base-whisper-decoder-fixed-sequence/input_layer2
[2026-10-06 13:29:56.094] [10971] [HailoRT] [info] [pipeline.cpp:891] [print_deep_description] PushQEl6base-whisper-decoder-fixed-sequence/input_layer2 | inputs: PreInferEl6base-whisper-decoder-fixed-sequence/input_layer2[0] | outputs: AsyncHwEl(running in thread_id: 10985)
[2026-10-06 13:31:06.753] [10971] [HailoRT] [info] [async_infer_runner.cpp:86] [shutdown] Pipeline was aborted. Shutting it down
[2026-10-06 13:31:06.754] [10971] [HailoRT] [info] [async_infer_runner.cpp:86] [shutdown] Pipeline was aborted. Shutting it down
[2026-10-06 13:31:06.754] [10971] [HailoRT] [info] [queue_elements.cpp:570] [execute_deactivate] enqueue() in element PushQEl0AsyncHwEl was aborted, got status = HAILO_SHUTDOWN_EVENT_SIGNALED(57)
[2026-10-06 13:31:06.754] [10971] [HailoRT] [info] [queue_elements.cpp:570] [execute_deactivate] enqueue() in element PushQEl1AsyncHwEl was aborted, got status = HAILO_SHUTDOWN_EVENT_SIGNALED(57)
[2026-10-06 13:31:06.754] [10971] [HailoRT] [info] [queue_elements.cpp:570] [execute_deactivate] enqueue() in element PushQEl2AsyncHwEl was aborted, got status = HAILO_SHUTDOWN_EVENT_SIGNALED(57)
[2026-10-06 13:31:06.754] [10971] [HailoRT] [info] [queue_elements.cpp:570] [execute_deactivate] enqueue() in element PushQEl3AsyncHwEl was aborted, got status = HAILO_SHUTDOWN_EVENT_SIGNALED(57)
[2026-10-06 13:31:06.754] [10971] [HailoRT] [info] [queue_elements.cpp:570] [execute_deactivate] enqueue() in element PushQEl12base-whisper-decoder-fixed-sequence/input_layer1 was aborted, got status = HAILO_SHUTDOWN_EVENT_SIGNALED(57)
[2026-10-06 13:31:06.754] [10971] [HailoRT] [info] [queue_elements.cpp:570] [execute_deactivate] enqueue() in element EntryPushQEl0base-whisper-decoder-fixed-sequence/input_layer1 was aborted, got status = HAILO_SHUTDOWN_EVENT_SIGNALED(57)
[2026-10-06 13:31:06.754] [10971] [HailoRT] [info] [queue_elements.cpp:570] [execute_deactivate] enqueue() in element PushQEl0AsyncHwEl was aborted, got status = HAILO_SHUTDOWN_EVENT_SIGNALED(57)
[2026-10-06 13:31:06.754] [10971] [HailoRT] [info] [queue_elements.cpp:570] [execute_deactivate] enqueue() in element PushQEl1AsyncHwEl was aborted, got status = HAILO_SHUTDOWN_EVENT_SIGNALED(57)
[2026-10-06 13:31:06.754] [10971] [HailoRT] [info] [queue_elements.cpp:570] [execute_deactivate] enqueue() in element PushQEl2AsyncHwEl was aborted, got status = HAILO_SHUTDOWN_EVENT_SIGNALED(57)
[2026-10-06 13:31:06.754] [10971] [HailoRT] [info] [queue_elements.cpp:570] [execute_deactivate] enqueue() in element PushQEl3AsyncHwEl was aborted, got status = HAILO_SHUTDOWN_EVENT_SIGNALED(57)
[2026-10-06 13:31:06.754] [10971] [HailoRT] [info] [queue_elements.cpp:570] [execute_deactivate] enqueue() in element PushQEl6base-whisper-decoder-fixed-sequence/input_layer2 was aborted, got status = HAILO_SHUTDOWN_EVENT_SIGNALED(57)
[2026-10-06 13:31:06.754] [10971] [HailoRT] [info] [queue_elements.cpp:570] [execute_deactivate] enqueue() in element EntryPushQEl0base-whisper-decoder-fixed-sequence/input_layer2 was aborted, got status = HAILO_SHUTDOWN_EVENT_SIGNALED(57)
[2026-10-06 13:31:06.754] [10971] [HailoRT] [info] [queue_elements.cpp:46] [~BaseQueueElement] Queue element EntryPushQEl0base-whisper-decoder-fixed-sequence/input_layer2 has 0 frames in his Queue on destruction
[2026-10-06 13:31:06.754] [10971] [HailoRT] [info] [queue_elements.cpp:46] [~BaseQueueElement] Queue element PushQEl6base-whisper-decoder-fixed-sequence/input_layer2 has 0 frames in his Queue on destruction
[2026-10-06 13:31:06.754] [10971] [HailoRT] [info] [queue_elements.cpp:46] [~BaseQueueElement] Queue element EntryPushQEl0base-whisper-decoder-fixed-sequence/input_layer1 has 0 frames in his Queue on destruction
[2026-10-06 13:31:06.754] [10971] [HailoRT] [info] [queue_elements.cpp:46] [~BaseQueueElement] Queue element PushQEl12base-whisper-decoder-fixed-sequence/input_layer1 has 0 frames in his Queue on destruction
[2026-10-06 13:31:06.754] [10971] [HailoRT] [info] [queue_elements.cpp:46] [~BaseQueueElement] Queue element PushQEl0AsyncHwEl has 0 frames in his Queue on destruction
[2026-10-06 13:31:06.759] [10971] [HailoRT] [info] [queue_elements.cpp:46] [~BaseQueueElement] Queue element PushQEl2AsyncHwEl has 0 frames in his Queue on destruction
[2026-10-06 13:31:06.759] [10971] [HailoRT] [info] [queue_elements.cpp:46] [~BaseQueueElement] Queue element PushQEl1AsyncHwEl has 0 frames in his Queue on destruction
[2026-10-06 13:31:06.760] [10971] [HailoRT] [info] [queue_elements.cpp:46] [~BaseQueueElement] Queue element PushQEl3AsyncHwEl has 0 frames in his Queue on destruction
[2026-10-06 13:31:06.760] [10971] [HailoRT] [info] [async_infer_runner.cpp:86] [shutdown] Pipeline was aborted. Shutting it down
[2026-10-06 13:31:06.766] [10971] [HailoRT] [info] [async_infer_runner.cpp:86] [shutdown] Pipeline was aborted. Shutting it down
[2026-10-06 13:31:06.766] [10971] [HailoRT] [info] [queue_elements.cpp:570] [execute_deactivate] enqueue() in element PushQEl0AsyncHwEl was aborted, got status = HAILO_SHUTDOWN_EVENT_SIGNALED(57)
[2026-10-06 13:31:06.766] [10971] [HailoRT] [info] [queue_elements.cpp:570] [execute_deactivate] enqueue() in element PushQEl1base-whisper-encoder-5s/input_layer1 was aborted, got status = HAILO_SHUTDOWN_EVENT_SIGNALED(57)
[2026-10-06 13:31:06.766] [10971] [HailoRT] [info] [queue_elements.cpp:570] [execute_deactivate] enqueue() in element EntryPushQEl0base-whisper-encoder-5s/input_layer1 was aborted, got status = HAILO_SHUTDOWN_EVENT_SIGNALED(57)
[2026-10-06 13:31:06.766] [10971] [HailoRT] [info] [queue_elements.cpp:46] [~BaseQueueElement] Queue element EntryPushQEl0base-whisper-encoder-5s/input_layer1 has 0 frames in his Queue on destruction
[2026-10-06 13:31:06.766] [10971] [HailoRT] [info] [queue_elements.cpp:46] [~BaseQueueElement] Queue element PushQEl1base-whisper-encoder-5s/input_layer1 has 0 frames in his Queue on destruction
[2026-10-06 13:31:06.766] [10971] [HailoRT] [info] [queue_elements.cpp:46] [~BaseQueueElement] Queue element PushQEl0AsyncHwEl has 0 frames in his Queue on destruction
[2026-10-06 13:31:44.649] [11799] [HailoRT] [info] [hef.cpp:1929] [get_network_group_and_network_name] No name was given. Addressing all networks of default network_group: base-whisper-encoder-5s
[2026-10-06 13:31:44.649] [11799] [HailoRT] [info] [hef.cpp:1929] [get_network_group_and_network_name] No name was given. Addressing all networks of default network_group: base-whisper-decoder-fixed-sequence
[2026-10-06 13:31:44.673] [11799] [HailoRT] [info] [vdevice.cpp:523] [create] Creating vdevice with params: device_count: 1, scheduling_algorithm: ROUND_ROBIN, multi_process_service: false
[2026-10-06 13:31:44.684] [11799] [HailoRT] [info] [device.cpp:49] [Device] OS Version: Linux 6.12.34+rpt-rpi-2712 #1 SMP PREEMPT Debian 1:6.12.34-1+rpt1~bookworm (2025-06-26) aarch64
[2026-10-06 13:31:44.690] [11799] [HailoRT] [info] [control.cpp:108] [control__parse_identify_results] firmware_version is: 4.20.0
[2026-10-06 13:31:44.690] [11799] [HailoRT] [info] [vdevice.cpp:651] [create] VDevice Infos: 0001:01:00.0
[2026-10-06 13:31:44.799] [11799] [HailoRT] [info] [hef.cpp:1929] [get_network_group_and_network_name] No name was given. Addressing all networks of default network_group: base-whisper-encoder-5s
[2026-10-06 13:31:44.799] [11799] [HailoRT] [info] [hef.cpp:1929] [get_network_group_and_network_name] No name was given. Addressing all networks of default network_group: base-whisper-encoder-5s
[2026-10-06 13:31:44.930] [11799] [HailoRT] [info] [hef.cpp:1929] [get_network_group_and_network_name] No name was given. Addressing all networks of default network_group: base-whisper-decoder-fixed-sequence
[2026-10-06 13:31:44.930] [11799] [HailoRT] [info] [hef.cpp:1929] [get_network_group_and_network_name] No name was given. Addressing all networks of default network_group: base-whisper-decoder-fixed-sequence
[2026-10-06 13:31:44.937] [11799] [HailoRT] [info] [internal_buffer_manager.cpp:204] [print_execution_results] Planned internal buffer memory: CMA memory 0, user memory 1576448. memory to edge layer usage factor is 0.34360003
[2026-10-06 13:31:44.937] [11799] [HailoRT] [info] [internal_buffer_manager.cpp:212] [print_execution_results] Default Internal buffer planner executed successfully
[2026-10-06 13:31:45.001] [11799] [HailoRT] [info] [device_internal.cpp:57] [configure] Configuring HEF took 70.208501 milliseconds
[2026-10-06 13:31:45.001] [11799] [HailoRT] [info] [vdevice.cpp:749] [configure] Configuring HEF on VDevice took 70.478852 milliseconds
[2026-10-06 13:31:45.001] [11799] [HailoRT] [info] [infer_model.cpp:436] [configure] Configuring network group 'base-whisper-encoder-5s' with params: batch size: 0, power mode: PERFORMANCE, latency: NONE
[2026-10-06 13:31:45.001] [11799] [HailoRT] [info] [multi_io_elements.cpp:756] [create] Created (AsyncHwEl)
[2026-10-06 13:31:45.001] [11799] [HailoRT] [info] [queue_elements.cpp:450] [create] Created (EntryPushQEl0base-whisper-encoder-5s/input_layer1 | timeout: 10s)
[2026-10-06 13:31:45.001] [11799] [HailoRT] [info] [filter_elements.cpp:101] [create] Created (PreInferEl1base-whisper-encoder-5s/input_layer1 | Quantization - src_type: FLOAT32, dst_type UINT8, limvals_min: -1.51241, limvals_max: 1.52432)
[2026-10-06 13:31:45.001] [11799] [HailoRT] [info] [queue_elements.cpp:450] [create] Created (PushQEl1base-whisper-encoder-5s/input_layer1 | timeout: 10s)
[2026-10-06 13:31:45.001] [11799] [HailoRT] [info] [queue_elements.cpp:450] [create] Created (PushQEl0AsyncHwEl | timeout: 10s)
[2026-10-06 13:31:45.001] [11799] [HailoRT] [info] [filter_elements.cpp:375] [create] Created (PostInferEl0AsyncHwEl | Quantization - src_type: UINT8, dst_type FLOAT32, limvals_min: -23.9557, limvals_max: 14.4638)
[2026-10-06 13:31:45.001] [11799] [HailoRT] [info] [edge_elements.cpp:187] [create] Created (LastAsyncEl0PostInferEl0AsyncHwEl)
[2026-10-06 13:31:45.001] [11799] [HailoRT] [info] [pipeline.cpp:891] [print_deep_description] EntryPushQEl0base-whisper-encoder-5s/input_layer1 | inputs: user | outputs: PreInferEl1base-whisper-encoder-5s/input_layer1(running in thread_id: 11809)
[2026-10-06 13:31:45.002] [11799] [HailoRT] [info] [pipeline.cpp:891] [print_deep_description] PreInferEl1base-whisper-encoder-5s/input_layer1 | inputs: EntryPushQEl0base-whisper-encoder-5s/input_layer1[0] | outputs: PushQEl1base-whisper-encoder-5s/input_layer1
[2026-10-06 13:31:45.002] [11799] [HailoRT] [info] [pipeline.cpp:891] [print_deep_description] PushQEl1base-whisper-encoder-5s/input_layer1 | inputs: PreInferEl1base-whisper-encoder-5s/input_layer1[0] | outputs: AsyncHwEl(running in thread_id: 11810)
[2026-10-06 13:31:45.002] [11799] [HailoRT] [info] [pipeline.cpp:891] [print_deep_description] AsyncHwEl | inputs: PushQEl1base-whisper-encoder-5s/input_layer1[0] | outputs: PushQEl0AsyncHwEl
[2026-10-06 13:31:45.002] [11799] [HailoRT] [info] [pipeline.cpp:891] [print_deep_description] PushQEl0AsyncHwEl | inputs: AsyncHwEl[0] | outputs: PostInferEl0AsyncHwEl(running in thread_id: 11811)
[2026-10-06 13:31:45.002] [11799] [HailoRT] [info] [pipeline.cpp:891] [print_deep_description] PostInferEl0AsyncHwEl | inputs: PushQEl0AsyncHwEl[0] | outputs: LastAsyncEl0PostInferEl0AsyncHwEl
[2026-10-06 13:31:45.002] [11799] [HailoRT] [info] [pipeline.cpp:891] [print_deep_description] LastAsyncEl0PostInferEl0AsyncHwEl | inputs: PostInferEl0AsyncHwEl[0] | outputs: user
[2026-10-06 13:31:45.006] [11799] [HailoRT] [info] [buffer_requirements.cpp:195] [find_initial_desc_page_size] Using non-default initial_desc_page_size of 64, due to a small transfer size (48)
[2026-10-06 13:31:45.007] [11799] [HailoRT] [info] [internal_buffer_manager.cpp:204] [print_execution_results] Planned internal buffer memory: CMA memory 0, user memory 1974272. memory to edge layer usage factor is 0.46450835
[2026-10-06 13:31:45.007] [11799] [HailoRT] [info] [internal_buffer_manager.cpp:212] [print_execution_results] Default Internal buffer planner executed successfully
[2026-10-06 13:31:45.079] [11799] [HailoRT] [info] [buffer_requirements.cpp:195] [find_initial_desc_page_size] Using non-default initial_desc_page_size of 64, due to a small transfer size (48)
[2026-10-06 13:31:45.173] [11799] [HailoRT] [info] [device_internal.cpp:57] [configure] Configuring HEF took 169.188066 milliseconds
[2026-10-06 13:31:45.173] [11799] [HailoRT] [info] [vdevice.cpp:749] [configure] Configuring HEF on VDevice took 169.491435 milliseconds
[2026-10-06 13:31:45.173] [11799] [HailoRT] [info] [infer_model.cpp:436] [configure] Configuring network group 'base-whisper-decoder-fixed-sequence' with params: batch size: 0, power mode: PERFORMANCE, latency: NONE
[2026-10-06 13:31:45.173] [11799] [HailoRT] [info] [multi_io_elements.cpp:756] [create] Created (AsyncHwEl)
[2026-10-06 13:31:45.173] [11799] [HailoRT] [info] [queue_elements.cpp:450] [create] Created (EntryPushQEl0base-whisper-decoder-fixed-sequence/input_layer2 | timeout: 10s)
[2026-10-06 13:31:45.173] [11799] [HailoRT] [info] [filter_elements.cpp:101] [create] Created (PreInferEl6base-whisper-decoder-fixed-sequence/input_layer2 | Quantization - src_type: FLOAT32, dst_type UINT8, limvals_min: -0.535231, limvals_max: 0.556641)
[2026-10-06 13:31:45.173] [11799] [HailoRT] [info] [queue_elements.cpp:450] [create] Created (PushQEl6base-whisper-decoder-fixed-sequence/input_layer2 | timeout: 10s)
[2026-10-06 13:31:45.173] [11799] [HailoRT] [info] [queue_elements.cpp:450] [create] Created (EntryPushQEl0base-whisper-decoder-fixed-sequence/input_layer1 | timeout: 10s)
[2026-10-06 13:31:45.173] [11799] [HailoRT] [info] [filter_elements.cpp:101] [create] Created (PreInferEl12base-whisper-decoder-fixed-sequence/input_layer1 | Quantization - src_type: FLOAT32, dst_type UINT8, limvals_min: -23.5596, limvals_max: 14.4638)
[2026-10-06 13:31:45.173] [11799] [HailoRT] [info] [queue_elements.cpp:450] [create] Created (PushQEl12base-whisper-decoder-fixed-sequence/input_layer1 | timeout: 10s)
[2026-10-06 13:31:45.173] [11799] [HailoRT] [info] [queue_elements.cpp:450] [create] Created (PushQEl0AsyncHwEl | timeout: 10s)
[2026-10-06 13:31:45.173] [11799] [HailoRT] [info] [filter_elements.cpp:375] [create] Created (PostInferEl0AsyncHwEl | Quantization - src_type: UINT8, dst_type FLOAT32, limvals_min: -23.8414, limvals_max: 72.6594)
[2026-10-06 13:31:45.173] [11799] [HailoRT] [info] [edge_elements.cpp:187] [create] Created (LastAsyncEl0PostInferEl0AsyncHwEl)
[2026-10-06 13:31:45.204] [11799] [HailoRT] [info] [queue_elements.cpp:450] [create] Created (PushQEl2AsyncHwEl | timeout: 10s)
[2026-10-06 13:31:45.204] [11799] [HailoRT] [info] [filter_elements.cpp:375] [create] Created (PostInferEl2AsyncHwEl | Quantization - src_type: UINT8, dst_type FLOAT32, limvals_min: -23.4195, limvals_max: 61.8944)
[2026-10-06 13:31:45.204] [11799] [HailoRT] [info] [edge_elements.cpp:187] [create] Created (LastAsyncEl0PostInferEl2AsyncHwEl)
[2026-10-06 13:31:45.205] [11799] [HailoRT] [info] [queue_elements.cpp:450] [create] Created (PushQEl1AsyncHwEl | timeout: 10s)
[2026-10-06 13:31:45.205] [11799] [HailoRT] [info] [filter_elements.cpp:375] [create] Created (PostInferEl1AsyncHwEl | Quantization - src_type: UINT8, dst_type FLOAT32, limvals_min: -23.5004, limvals_max: 59.7302)
[2026-10-06 13:31:45.205] [11799] [HailoRT] [info] [edge_elements.cpp:187] [create] Created (LastAsyncEl0PostInferEl1AsyncHwEl)
[2026-10-06 13:31:45.205] [11799] [HailoRT] [info] [queue_elements.cpp:450] [create] Created (PushQEl3AsyncHwEl | timeout: 10s)
[2026-10-06 13:31:45.205] [11799] [HailoRT] [info] [filter_elements.cpp:375] [create] Created (PostInferEl3AsyncHwEl | Quantization - src_type: UINT8, dst_type FLOAT32, limvals_min: -24.3587, limvals_max: 63.1267)
[2026-10-06 13:31:45.205] [11799] [HailoRT] [info] [edge_elements.cpp:187] [create] Created (LastAsyncEl0PostInferEl3AsyncHwEl)
[2026-10-06 13:31:45.205] [11799] [HailoRT] [info] [pipeline.cpp:891] [print_deep_description] EntryPushQEl0base-whisper-decoder-fixed-sequence/input_layer1 | inputs: user | outputs: PreInferEl12base-whisper-decoder-fixed-sequence/input_layer1(running in thread_id: 11815)
[2026-10-06 13:31:45.205] [11799] [HailoRT] [info] [pipeline.cpp:891] [print_deep_description] PreInferEl12base-whisper-decoder-fixed-sequence/input_layer1 | inputs: EntryPushQEl0base-whisper-decoder-fixed-sequence/input_layer1[0] | outputs: PushQEl12base-whisper-decoder-fixed-sequence/input_layer1
[2026-10-06 13:31:45.205] [11799] [HailoRT] [info] [pipeline.cpp:891] [print_deep_description] PushQEl12base-whisper-decoder-fixed-sequence/input_layer1 | inputs: PreInferEl12base-whisper-decoder-fixed-sequence/input_layer1[0] | outputs: AsyncHwEl(running in thread_id: 11816)
[2026-10-06 13:31:45.205] [11799] [HailoRT] [info] [pipeline.cpp:891] [print_deep_description] AsyncHwEl | inputs: PushQEl12base-whisper-decoder-fixed-sequence/input_layer1[0] PushQEl6base-whisper-decoder-fixed-sequence/input_layer2[1] | outputs: PushQEl0AsyncHwEl PushQEl1AsyncHwEl PushQEl2AsyncHwEl PushQEl3AsyncHwEl
[2026-10-06 13:31:45.205] [11799] [HailoRT] [info] [pipeline.cpp:891] [print_deep_description] PushQEl0AsyncHwEl | inputs: AsyncHwEl[0] | outputs: PostInferEl0AsyncHwEl(running in thread_id: 11817)
[2026-10-06 13:31:45.205] [11799] [HailoRT] [info] [pipeline.cpp:891] [print_deep_description] PostInferEl0AsyncHwEl | inputs: PushQEl0AsyncHwEl[0] | outputs: LastAsyncEl0PostInferEl0AsyncHwEl
[2026-10-06 13:31:45.205] [11799] [HailoRT] [info] [pipeline.cpp:891] [print_deep_description] LastAsyncEl0PostInferEl0AsyncHwEl | inputs: PostInferEl0AsyncHwEl[0] | outputs: user
[2026-10-06 13:31:45.205] [11799] [HailoRT] [info] [pipeline.cpp:891] [print_deep_description] PushQEl1AsyncHwEl | inputs: AsyncHwEl[0] | outputs: PostInferEl1AsyncHwEl(running in thread_id: 11827)
[2026-10-06 13:31:45.205] [11799] [HailoRT] [info] [pipeline.cpp:891] [print_deep_description] PostInferEl1AsyncHwEl | inputs: PushQEl1AsyncHwEl[0] | outputs: LastAsyncEl0PostInferEl1AsyncHwEl
[2026-10-06 13:31:45.205] [11799] [HailoRT] [info] [pipeline.cpp:891] [print_deep_description] LastAsyncEl0PostInferEl1AsyncHwEl | inputs: PostInferEl1AsyncHwEl[0] | outputs: user
[2026-10-06 13:31:45.205] [11799] [HailoRT] [info] [pipeline.cpp:891] [print_deep_description] PushQEl2AsyncHwEl | inputs: AsyncHwEl[0] | outputs: PostInferEl2AsyncHwEl(running in thread_id: 11826)
[2026-10-06 13:31:45.205] [11799] [HailoRT] [info] [pipeline.cpp:891] [print_deep_description] PostInferEl2AsyncHwEl | inputs: PushQEl2AsyncHwEl[0] | outputs: LastAsyncEl0PostInferEl2AsyncHwEl
[2026-10-06 13:31:45.205] [11799] [HailoRT] [info] [pipeline.cpp:891] [print_deep_description] LastAsyncEl0PostInferEl2AsyncHwEl | inputs: PostInferEl2AsyncHwEl[0] | outputs: user
[2026-10-06 13:31:45.205] [11799] [HailoRT] [info] [pipeline.cpp:891] [print_deep_description] PushQEl3AsyncHwEl | inputs: AsyncHwEl[0] | outputs: PostInferEl3AsyncHwEl(running in thread_id: 11828)
[2026-10-06 13:31:45.205] [11799] [HailoRT] [info] [pipeline.cpp:891] [print_deep_description] PostInferEl3AsyncHwEl | inputs: PushQEl3AsyncHwEl[0] | outputs: LastAsyncEl0PostInferEl3AsyncHwEl
[2026-10-06 13:31:45.205] [11799] [HailoRT] [info] [pipeline.cpp:891] [print_deep_description] LastAsyncEl0PostInferEl3AsyncHwEl | inputs: PostInferEl3AsyncHwEl[0] | outputs: user
[2026-10-06 13:31:45.205] [11799] [HailoRT] [info] [pipeline.cpp:891] [print_deep_description] EntryPushQEl0base-whisper-decoder-fixed-sequence/input_layer2 | inputs: user | outputs: PreInferEl6base-whisper-decoder-fixed-sequence/input_layer2(running in thread_id: 11813)
[2026-10-06 13:31:45.205] [11799] [HailoRT] [info] [pipeline.cpp:891] [print_deep_description] PreInferEl6base-whisper-decoder-fixed-sequence/input_layer2 | inputs: EntryPushQEl0base-whisper-decoder-fixed-sequence/input_layer2[0] | outputs: PushQEl6base-whisper-decoder-fixed-sequence/input_layer2
[2026-10-06 13:31:45.205] [11799] [HailoRT] [info] [pipeline.cpp:891] [print_deep_description] PushQEl6base-whisper-decoder-fixed-sequence/input_layer2 | inputs: PreInferEl6base-whisper-decoder-fixed-sequence/input_layer2[0] | outputs: AsyncHwEl(running in thread_id: 11814)
[2026-10-06 13:41:54.327] [11799] [HailoRT] [info] [async_infer_runner.cpp:86] [shutdown] Pipeline was aborted. Shutting it down
[2026-10-06 13:41:54.329] [11799] [HailoRT] [info] [async_infer_runner.cpp:86] [shutdown] Pipeline was aborted. Shutting it down
[2026-10-06 13:41:54.329] [11799] [HailoRT] [info] [queue_elements.cpp:570] [execute_deactivate] enqueue() in element PushQEl0AsyncHwEl was aborted, got status = HAILO_SHUTDOWN_EVENT_SIGNALED(57)
[2026-10-06 13:41:54.329] [11799] [HailoRT] [info] [queue_elements.cpp:570] [execute_deactivate] enqueue() in element PushQEl1AsyncHwEl was aborted, got status = HAILO_SHUTDOWN_EVENT_SIGNALED(57)
[2026-10-06 13:41:54.329] [11799] [HailoRT] [info] [queue_elements.cpp:570] [execute_deactivate] enqueue() in element PushQEl2AsyncHwEl was aborted, got status = HAILO_SHUTDOWN_EVENT_SIGNALED(57)
[2026-10-06 13:41:54.329] [11799] [HailoRT] [info] [queue_elements.cpp:570] [execute_deactivate] enqueue() in element PushQEl3AsyncHwEl was aborted, got status = HAILO_SHUTDOWN_EVENT_SIGNALED(57)
[2026-10-06 13:41:54.329] [11799] [HailoRT] [info] [queue_elements.cpp:570] [execute_deactivate] enqueue() in element PushQEl12base-whisper-decoder-fixed-sequence/input_layer1 was aborted, got status = HAILO_SHUTDOWN_EVENT_SIGNALED(57)
[2026-10-06 13:41:54.329] [11799] [HailoRT] [info] [queue_elements.cpp:570] [execute_deactivate] enqueue() in element EntryPushQEl0base-whisper-decoder-fixed-sequence/input_layer1 was aborted, got status = HAILO_SHUTDOWN_EVENT_SIGNALED(57)
[2026-10-06 13:41:54.329] [11799] [HailoRT] [info] [queue_elements.cpp:570] [execute_deactivate] enqueue() in element PushQEl0AsyncHwEl was aborted, got status = HAILO_SHUTDOWN_EVENT_SIGNALED(57)
[2026-10-06 13:41:54.329] [11799] [HailoRT] [info] [queue_elements.cpp:570] [execute_deactivate] enqueue() in element PushQEl1AsyncHwEl was aborted, got status = HAILO_SHUTDOWN_EVENT_SIGNALED(57)
[2026-10-06 13:41:54.329] [11799] [HailoRT] [info] [queue_elements.cpp:570] [execute_deactivate] enqueue() in element PushQEl2AsyncHwEl was aborted, got status = HAILO_SHUTDOWN_EVENT_SIGNALED(57)
[2026-10-06 13:41:54.329] [11799] [HailoRT] [info] [queue_elements.cpp:570] [execute_deactivate] enqueue() in element PushQEl3AsyncHwEl was aborted, got status = HAILO_SHUTDOWN_EVENT_SIGNALED(57)
[2026-10-06 13:41:54.329] [11799] [HailoRT] [info] [queue_elements.cpp:570] [execute_deactivate] enqueue() in element PushQEl6base-whisper-decoder-fixed-sequence/input_layer2 was aborted, got status = HAILO_SHUTDOWN_EVENT_SIGNALED(57)
[2026-10-06 13:41:54.329] [11799] [HailoRT] [info] [queue_elements.cpp:570] [execute_deactivate] enqueue() in element EntryPushQEl0base-whisper-decoder-fixed-sequence/input_layer2 was aborted, got status = HAILO_SHUTDOWN_EVENT_SIGNALED(57)
[2026-10-06 13:41:54.329] [11799] [HailoRT] [info] [queue_elements.cpp:46] [~BaseQueueElement] Queue element EntryPushQEl0base-whisper-decoder-fixed-sequence/input_layer2 has 0 frames in his Queue on destruction
[2026-10-06 13:41:54.329] [11799] [HailoRT] [info] [queue_elements.cpp:46] [~BaseQueueElement] Queue element PushQEl6base-whisper-decoder-fixed-sequence/input_layer2 has 0 frames in his Queue on destruction
[2026-10-06 13:41:54.329] [11799] [HailoRT] [info] [queue_elements.cpp:46] [~BaseQueueElement] Queue element EntryPushQEl0base-whisper-decoder-fixed-sequence/input_layer1 has 0 frames in his Queue on destruction
[2026-10-06 13:41:54.329] [11799] [HailoRT] [info] [queue_elements.cpp:46] [~BaseQueueElement] Queue element PushQEl12base-whisper-decoder-fixed-sequence/input_layer1 has 0 frames in his Queue on destruction
[2026-10-06 13:41:54.329] [11799] [HailoRT] [info] [queue_elements.cpp:46] [~BaseQueueElement] Queue element PushQEl0AsyncHwEl has 0 frames in his Queue on destruction
[2026-10-06 13:41:54.330] [11799] [HailoRT] [info] [queue_elements.cpp:46] [~BaseQueueElement] Queue element PushQEl2AsyncHwEl has 0 frames in his Queue on destruction
[2026-10-06 13:41:54.330] [11799] [HailoRT] [info] [queue_elements.cpp:46] [~BaseQueueElement] Queue element PushQEl1AsyncHwEl has 0 frames in his Queue on destruction
[2026-10-06 13:41:54.332] [11799] [HailoRT] [info] [queue_elements.cpp:46] [~BaseQueueElement] Queue element PushQEl3AsyncHwEl has 0 frames in his Queue on destruction
[2026-10-06 13:41:54.332] [11799] [HailoRT] [info] [async_infer_runner.cpp:86] [shutdown] Pipeline was aborted. Shutting it down
[2026-10-06 13:41:54.336] [11799] [HailoRT] [info] [async_infer_runner.cpp:86] [shutdown] Pipeline was aborted. Shutting it down
[2026-10-06 13:41:54.336] [11799] [HailoRT] [info] [queue_elements.cpp:570] [execute_deactivate] enqueue() in element PushQEl0AsyncHwEl was aborted, got status = HAILO_SHUTDOWN_EVENT_SIGNALED(57)
[2026-10-06 13:41:54.336] [11799] [HailoRT] [info] [queue_elements.cpp:570] [execute_deactivate] enqueue() in element PushQEl1base-whisper-encoder-5s/input_layer1 was aborted, got status = HAILO_SHUTDOWN_EVENT_SIGNALED(57)
[2026-10-06 13:41:54.336] [11799] [HailoRT] [info] [queue_elements.cpp:570] [execute_deactivate] enqueue() in element EntryPushQEl0base-whisper-encoder-5s/input_layer1 was aborted, got status = HAILO_SHUTDOWN_EVENT_SIGNALED(57)
[2026-10-06 13:41:54.336] [11799] [HailoRT] [info] [queue_elements.cpp:46] [~BaseQueueElement] Queue element EntryPushQEl0base-whisper-encoder-5s/input_layer1 has 0 frames in his Queue on destruction
[2026-10-06 13:41:54.336] [11799] [HailoRT] [info] [queue_elements.cpp:46] [~BaseQueueElement] Queue element PushQEl1base-whisper-encoder-5s/input_layer1 has 0 frames in his Queue on destruction
[2026-10-06 13:41:54.336] [11799] [HailoRT] [info] [queue_elements.cpp:46] [~BaseQueueElement] Queue element PushQEl0AsyncHwEl has 0 frames in his Queue on destruction
[2026-10-06 13:42:50.539] [12275] [HailoRT] [info] [hef.cpp:1929] [get_network_group_and_network_name] No name was given. Addressing all networks of default network_group: base-whisper-encoder-5s
[2026-10-06 13:42:50.539] [12275] [HailoRT] [info] [hef.cpp:1929] [get_network_group_and_network_name] No name was given. Addressing all networks of default network_group: base-whisper-decoder-fixed-sequence
[2026-10-06 13:42:50.565] [12275] [HailoRT] [info] [vdevice.cpp:523] [create] Creating vdevice with params: device_count: 1, scheduling_algorithm: ROUND_ROBIN, multi_process_service: false
[2026-10-06 13:42:50.581] [12275] [HailoRT] [info] [device.cpp:49] [Device] OS Version: Linux 6.12.34+rpt-rpi-2712 #1 SMP PREEMPT Debian 1:6.12.34-1+rpt1~bookworm (2025-06-26) aarch64
[2026-10-06 13:42:50.582] [12275] [HailoRT] [info] [control.cpp:108] [control__parse_identify_results] firmware_version is: 4.20.0
[2026-10-06 13:42:50.582] [12275] [HailoRT] [info] [vdevice.cpp:651] [create] VDevice Infos: 0001:01:00.0
[2026-10-06 13:42:50.695] [12275] [HailoRT] [info] [hef.cpp:1929] [get_network_group_and_network_name] No name was given. Addressing all networks of default network_group: base-whisper-encoder-5s
[2026-10-06 13:42:50.695] [12275] [HailoRT] [info] [hef.cpp:1929] [get_network_group_and_network_name] No name was given. Addressing all networks of default network_group: base-whisper-encoder-5s
[2026-10-06 13:42:50.847] [12275] [HailoRT] [info] [hef.cpp:1929] [get_network_group_and_network_name] No name was given. Addressing all networks of default network_group: base-whisper-decoder-fixed-sequence
[2026-10-06 13:42:50.847] [12275] [HailoRT] [info] [hef.cpp:1929] [get_network_group_and_network_name] No name was given. Addressing all networks of default network_group: base-whisper-decoder-fixed-sequence
[2026-10-06 13:42:50.854] [12275] [HailoRT] [info] [internal_buffer_manager.cpp:204] [print_execution_results] Planned internal buffer memory: CMA memory 0, user memory 1576448. memory to edge layer usage factor is 0.34360003
[2026-10-06 13:42:50.854] [12275] [HailoRT] [info] [internal_buffer_manager.cpp:212] [print_execution_results] Default Internal buffer planner executed successfully
[2026-10-06 13:42:50.958] [12275] [HailoRT] [info] [device_internal.cpp:57] [configure] Configuring HEF took 110.789291 milliseconds
[2026-10-06 13:42:50.958] [12275] [HailoRT] [info] [vdevice.cpp:749] [configure] Configuring HEF on VDevice took 111.077401 milliseconds
[2026-10-06 13:42:50.958] [12275] [HailoRT] [info] [infer_model.cpp:436] [configure] Configuring network group 'base-whisper-encoder-5s' with params: batch size: 0, power mode: PERFORMANCE, latency: NONE
[2026-10-06 13:42:50.958] [12275] [HailoRT] [info] [multi_io_elements.cpp:756] [create] Created (AsyncHwEl)
[2026-10-06 13:42:50.958] [12275] [HailoRT] [info] [queue_elements.cpp:450] [create] Created (EntryPushQEl0base-whisper-encoder-5s/input_layer1 | timeout: 10s)
[2026-10-06 13:42:50.958] [12275] [HailoRT] [info] [filter_elements.cpp:101] [create] Created (PreInferEl1base-whisper-encoder-5s/input_layer1 | Quantization - src_type: FLOAT32, dst_type UINT8, limvals_min: -1.51241, limvals_max: 1.52432)
[2026-10-06 13:42:50.958] [12275] [HailoRT] [info] [queue_elements.cpp:450] [create] Created (PushQEl1base-whisper-encoder-5s/input_layer1 | timeout: 10s)
[2026-10-06 13:42:50.959] [12275] [HailoRT] [info] [queue_elements.cpp:450] [create] Created (PushQEl0AsyncHwEl | timeout: 10s)
[2026-10-06 13:42:50.959] [12275] [HailoRT] [info] [filter_elements.cpp:375] [create] Created (PostInferEl0AsyncHwEl | Quantization - src_type: UINT8, dst_type FLOAT32, limvals_min: -23.9557, limvals_max: 14.4638)
[2026-10-06 13:42:50.959] [12275] [HailoRT] [info] [edge_elements.cpp:187] [create] Created (LastAsyncEl0PostInferEl0AsyncHwEl)
[2026-10-06 13:42:50.959] [12275] [HailoRT] [info] [pipeline.cpp:891] [print_deep_description] EntryPushQEl0base-whisper-encoder-5s/input_layer1 | inputs: user | outputs: PreInferEl1base-whisper-encoder-5s/input_layer1(running in thread_id: 12286)
[2026-10-06 13:42:50.959] [12275] [HailoRT] [info] [pipeline.cpp:891] [print_deep_description] PreInferEl1base-whisper-encoder-5s/input_layer1 | inputs: EntryPushQEl0base-whisper-encoder-5s/input_layer1[0] | outputs: PushQEl1base-whisper-encoder-5s/input_layer1
[2026-10-06 13:42:50.959] [12275] [HailoRT] [info] [pipeline.cpp:891] [print_deep_description] PushQEl1base-whisper-encoder-5s/input_layer1 | inputs: PreInferEl1base-whisper-encoder-5s/input_layer1[0] | outputs: AsyncHwEl(running in thread_id: 12287)
[2026-10-06 13:42:50.959] [12275] [HailoRT] [info] [pipeline.cpp:891] [print_deep_description] AsyncHwEl | inputs: PushQEl1base-whisper-encoder-5s/input_layer1[0] | outputs: PushQEl0AsyncHwEl
[2026-10-06 13:42:50.959] [12275] [HailoRT] [info] [pipeline.cpp:891] [print_deep_description] PushQEl0AsyncHwEl | inputs: AsyncHwEl[0] | outputs: PostInferEl0AsyncHwEl(running in thread_id: 12288)
[2026-10-06 13:42:50.959] [12275] [HailoRT] [info] [pipeline.cpp:891] [print_deep_description] PostInferEl0AsyncHwEl | inputs: PushQEl0AsyncHwEl[0] | outputs: LastAsyncEl0PostInferEl0AsyncHwEl
[2026-10-06 13:42:50.959] [12275] [HailoRT] [info] [pipeline.cpp:891] [print_deep_description] LastAsyncEl0PostInferEl0AsyncHwEl | inputs: PostInferEl0AsyncHwEl[0] | outputs: user
[2026-10-06 13:42:50.964] [12275] [HailoRT] [info] [buffer_requirements.cpp:195] [find_initial_desc_page_size] Using non-default initial_desc_page_size of 64, due to a small transfer size (48)
[2026-10-06 13:42:50.964] [12275] [HailoRT] [info] [internal_buffer_manager.cpp:204] [print_execution_results] Planned internal buffer memory: CMA memory 0, user memory 1974272. memory to edge layer usage factor is 0.46450835
[2026-10-06 13:42:50.964] [12275] [HailoRT] [info] [internal_buffer_manager.cpp:212] [print_execution_results] Default Internal buffer planner executed successfully
[2026-10-06 13:42:51.005] [12275] [HailoRT] [info] [buffer_requirements.cpp:195] [find_initial_desc_page_size] Using non-default initial_desc_page_size of 64, due to a small transfer size (48)
[2026-10-06 13:42:51.103] [12275] [HailoRT] [info] [device_internal.cpp:57] [configure] Configuring HEF took 141.621256 milliseconds
[2026-10-06 13:42:51.103] [12275] [HailoRT] [info] [vdevice.cpp:749] [configure] Configuring HEF on VDevice took 141.930182 milliseconds
[2026-10-06 13:42:51.103] [12275] [HailoRT] [info] [infer_model.cpp:436] [configure] Configuring network group 'base-whisper-decoder-fixed-sequence' with params: batch size: 0, power mode: PERFORMANCE, latency: NONE
[2026-10-06 13:42:51.103] [12275] [HailoRT] [info] [multi_io_elements.cpp:756] [create] Created (AsyncHwEl)
[2026-10-06 13:42:51.103] [12275] [HailoRT] [info] [queue_elements.cpp:450] [create] Created (EntryPushQEl0base-whisper-decoder-fixed-sequence/input_layer2 | timeout: 10s)
[2026-10-06 13:42:51.103] [12275] [HailoRT] [info] [filter_elements.cpp:101] [create] Created (PreInferEl6base-whisper-decoder-fixed-sequence/input_layer2 | Quantization - src_type: FLOAT32, dst_type UINT8, limvals_min: -0.535231, limvals_max: 0.556641)
[2026-10-06 13:42:51.103] [12275] [HailoRT] [info] [queue_elements.cpp:450] [create] Created (PushQEl6base-whisper-decoder-fixed-sequence/input_layer2 | timeout: 10s)
[2026-10-06 13:42:51.103] [12275] [HailoRT] [info] [queue_elements.cpp:450] [create] Created (EntryPushQEl0base-whisper-decoder-fixed-sequence/input_layer1 | timeout: 10s)
[2026-10-06 13:42:51.103] [12275] [HailoRT] [info] [filter_elements.cpp:101] [create] Created (PreInferEl12base-whisper-decoder-fixed-sequence/input_layer1 | Quantization - src_type: FLOAT32, dst_type UINT8, limvals_min: -23.5596, limvals_max: 14.4638)
[2026-10-06 13:42:51.103] [12275] [HailoRT] [info] [queue_elements.cpp:450] [create] Created (PushQEl12base-whisper-decoder-fixed-sequence/input_layer1 | timeout: 10s)
[2026-10-06 13:42:51.104] [12275] [HailoRT] [info] [queue_elements.cpp:450] [create] Created (PushQEl0AsyncHwEl | timeout: 10s)
[2026-10-06 13:42:51.104] [12275] [HailoRT] [info] [filter_elements.cpp:375] [create] Created (PostInferEl0AsyncHwEl | Quantization - src_type: UINT8, dst_type FLOAT32, limvals_min: -23.8414, limvals_max: 72.6594)
[2026-10-06 13:42:51.104] [12275] [HailoRT] [info] [edge_elements.cpp:187] [create] Created (LastAsyncEl0PostInferEl0AsyncHwEl)
[2026-10-06 13:42:51.136] [12275] [HailoRT] [info] [queue_elements.cpp:450] [create] Created (PushQEl2AsyncHwEl | timeout: 10s)
[2026-10-06 13:42:51.136] [12275] [HailoRT] [info] [filter_elements.cpp:375] [create] Created (PostInferEl2AsyncHwEl | Quantization - src_type: UINT8, dst_type FLOAT32, limvals_min: -23.4195, limvals_max: 61.8944)
[2026-10-06 13:42:51.136] [12275] [HailoRT] [info] [edge_elements.cpp:187] [create] Created (LastAsyncEl0PostInferEl2AsyncHwEl)
[2026-10-06 13:42:51.137] [12275] [HailoRT] [info] [queue_elements.cpp:450] [create] Created (PushQEl1AsyncHwEl | timeout: 10s)
[2026-10-06 13:42:51.137] [12275] [HailoRT] [info] [filter_elements.cpp:375] [create] Created (PostInferEl1AsyncHwEl | Quantization - src_type: UINT8, dst_type FLOAT32, limvals_min: -23.5004, limvals_max: 59.7302)
[2026-10-06 13:42:51.137] [12275] [HailoRT] [info] [edge_elements.cpp:187] [create] Created (LastAsyncEl0PostInferEl1AsyncHwEl)
[2026-10-06 13:42:51.137] [12275] [HailoRT] [info] [queue_elements.cpp:450] [create] Created (PushQEl3AsyncHwEl | timeout: 10s)
[2026-10-06 13:42:51.137] [12275] [HailoRT] [info] [filter_elements.cpp:375] [create] Created (PostInferEl3AsyncHwEl | Quantization - src_type: UINT8, dst_type FLOAT32, limvals_min: -24.3587, limvals_max: 63.1267)
[2026-10-06 13:42:51.137] [12275] [HailoRT] [info] [edge_elements.cpp:187] [create] Created (LastAsyncEl0PostInferEl3AsyncHwEl)
[2026-10-06 13:42:51.137] [12275] [HailoRT] [info] [pipeline.cpp:891] [print_deep_description] EntryPushQEl0base-whisper-decoder-fixed-sequence/input_layer1 | inputs: user | outputs: PreInferEl12base-whisper-decoder-fixed-sequence/input_layer1(running in thread_id: 12291)
[2026-10-06 13:42:51.137] [12275] [HailoRT] [info] [pipeline.cpp:891] [print_deep_description] PreInferEl12base-whisper-decoder-fixed-sequence/input_layer1 | inputs: EntryPushQEl0base-whisper-decoder-fixed-sequence/input_layer1[0] | outputs: PushQEl12base-whisper-decoder-fixed-sequence/input_layer1
[2026-10-06 13:42:51.137] [12275] [HailoRT] [info] [pipeline.cpp:891] [print_deep_description] PushQEl12base-whisper-decoder-fixed-sequence/input_layer1 | inputs: PreInferEl12base-whisper-decoder-fixed-sequence/input_layer1[0] | outputs: AsyncHwEl(running in thread_id: 12292)
[2026-10-06 13:42:51.137] [12275] [HailoRT] [info] [pipeline.cpp:891] [print_deep_description] AsyncHwEl | inputs: PushQEl12base-whisper-decoder-fixed-sequence/input_layer1[0] PushQEl6base-whisper-decoder-fixed-sequence/input_layer2[1] | outputs: PushQEl0AsyncHwEl PushQEl1AsyncHwEl PushQEl2AsyncHwEl PushQEl3AsyncHwEl
[2026-10-06 13:42:51.137] [12275] [HailoRT] [info] [pipeline.cpp:891] [print_deep_description] PushQEl0AsyncHwEl | inputs: AsyncHwEl[0] | outputs: PostInferEl0AsyncHwEl(running in thread_id: 12293)
[2026-10-06 13:42:51.137] [12275] [HailoRT] [info] [pipeline.cpp:891] [print_deep_description] PostInferEl0AsyncHwEl | inputs: PushQEl0AsyncHwEl[0] | outputs: LastAsyncEl0PostInferEl0AsyncHwEl
[2026-10-06 13:42:51.137] [12275] [HailoRT] [info] [pipeline.cpp:891] [print_deep_description] LastAsyncEl0PostInferEl0AsyncHwEl | inputs: PostInferEl0AsyncHwEl[0] | outputs: user
[2026-10-06 13:42:51.137] [12275] [HailoRT] [info] [pipeline.cpp:891] [print_deep_description] PushQEl1AsyncHwEl | inputs: AsyncHwEl[0] | outputs: PostInferEl1AsyncHwEl(running in thread_id: 12295)
[2026-10-06 13:42:51.137] [12275] [HailoRT] [info] [pipeline.cpp:891] [print_deep_description] PostInferEl1AsyncHwEl | inputs: PushQEl1AsyncHwEl[0] | outputs: LastAsyncEl0PostInferEl1AsyncHwEl
[2026-10-06 13:42:51.137] [12275] [HailoRT] [info] [pipeline.cpp:891] [print_deep_description] LastAsyncEl0PostInferEl1AsyncHwEl | inputs: PostInferEl1AsyncHwEl[0] | outputs: user
[2026-10-06 13:42:51.137] [12275] [HailoRT] [info] [pipeline.cpp:891] [print_deep_description] PushQEl2AsyncHwEl | inputs: AsyncHwEl[0] | outputs: PostInferEl2AsyncHwEl(running in thread_id: 12294)
[2026-10-06 13:42:51.137] [12275] [HailoRT] [info] [pipeline.cpp:891] [print_deep_description] PostInferEl2AsyncHwEl | inputs: PushQEl2AsyncHwEl[0] | outputs: LastAsyncEl0PostInferEl2AsyncHwEl
[2026-10-06 13:42:51.137] [12275] [HailoRT] [info] [pipeline.cpp:891] [print_deep_description] LastAsyncEl0PostInferEl2AsyncHwEl | inputs: PostInferEl2AsyncHwEl[0] | outputs: user
[2026-10-06 13:42:51.137] [12275] [HailoRT] [info] [pipeline.cpp:891] [print_deep_description] PushQEl3AsyncHwEl | inputs: AsyncHwEl[0] | outputs: PostInferEl3AsyncHwEl(running in thread_id: 12296)
[2026-10-06 13:42:51.137] [12275] [HailoRT] [info] [pipeline.cpp:891] [print_deep_description] PostInferEl3AsyncHwEl | inputs: PushQEl3AsyncHwEl[0] | outputs: LastAsyncEl0PostInferEl3AsyncHwEl
[2026-10-06 13:42:51.137] [12275] [HailoRT] [info] [pipeline.cpp:891] [print_deep_description] LastAsyncEl0PostInferEl3AsyncHwEl | inputs: PostInferEl3AsyncHwEl[0] | outputs: user
[2026-10-06 13:42:51.137] [12275] [HailoRT] [info] [pipeline.cpp:891] [print_deep_description] EntryPushQEl0base-whisper-decoder-fixed-sequence/input_layer2 | inputs: user | outputs: PreInferEl6base-whisper-decoder-fixed-sequence/input_layer2(running in thread_id: 12289)
[2026-10-06 13:42:51.137] [12275] [HailoRT] [info] [pipeline.cpp:891] [print_deep_description] PreInferEl6base-whisper-decoder-fixed-sequence/input_layer2 | inputs: EntryPushQEl0base-whisper-decoder-fixed-sequence/input_layer2[0] | outputs: PushQEl6base-whisper-decoder-fixed-sequence/input_layer2
[2026-10-06 13:42:51.137] [12275] [HailoRT] [info] [pipeline.cpp:891] [print_deep_description] PushQEl6base-whisper-decoder-fixed-sequence/input_layer2 | inputs: PreInferEl6base-whisper-decoder-fixed-sequence/input_layer2[0] | outputs: AsyncHwEl(running in thread_id: 12290)
